Institute ID,Institute Name,TLR,RPC,GO,OI,PERCEPTION,City,State,Score,Rank,Year,Institute_ID,UG_Students,Total_Students,Capital_Expenditure,Operational_Expenditure,Total_Expenditure,WOS_Publications,WOS_Citations,Scopus_Publications
NIRF-ENGG-INF-77,"Indian Institute Of Technology, Madras",88.26,94.02,81.81,86.11,98.0,Chennai,Tamil Nadu,89.41,1,2016,,0.0,0.0,0.0,0.0,0.0,0.0,0.0,0.0
NIRF-ENGG-INF-312,"Indian Institute Of Technology, Bombay",85.93,94.14,84.97,74.84,99.0,Bombay,Maharashtra,87.66,2,2016,,0.0,0.0,0.0,0.0,0.0,0.0,0.0,0.0
NIRF-ENGG-INF-300,"Indian Institute Of Technology, Kharagpur",76.23,92.68,83.95,78.05,97.0,Kharagpur,West Bengal,83.91,3,2016,,0.0,0.0,0.0,0.0,0.0,0.0,0.0,0.0
NIRF-ENGG-INF-79,"Indian Institute Of Technology, Delhi",80.27,91.62,74.72,66.17,98.0,New Delhi,Delhi,82.02,4,2016,,0.0,0.0,0.0,0.0,0.0,0.0,0.0,0.0
NIRF-ENGG-INF-228,"Indian Institute Of Technology, Kanpur",66.08,93.52,85.62,70.59,98.0,Kanpur,Uttar Pradesh,81.07,5,2016,,0.0,0.0,0.0,0.0,0.0,0.0,0.0,0.0
NIRF-ENGG-INF-78,"Indian Institute Of Technology, Roorkee",67.83,83.5,81.61,76.59,96.0,Roorkee,Uttarakhand,78.68,6,2016,,0.0,0.0,0.0,0.0,0.0,0.0,0.0,0.0
NIRF-ENGG-INF-345,"Indian Institute Of Technology, Hyderabad",76.76,76.83,80.89,63.76,95.0,Hyderabad,Telangana,77.22,7,2016,,0.0,0.0,0.0,0.0,0.0,0.0,0.0,0.0
NIRF-ENGG-INF-298,"Indian Institute Of Technology, Gandhinagar",80.36,72.09,64.91,71.94,96.0,Ahmedabad,Gujarat,75.2,8,2016,,0.0,0.0,0.0,0.0,0.0,0.0,0.0,0.0
NIRF-ENGG-INF-340,"Indian Institute Of Technology, Ropar-Rupnagar",89.96,73.56,86.42,60.67,38.0,Rupnagar,Punjab,74.88,9,2016,,0.0,0.0,0.0,0.0,0.0,0.0,0.0,0.0
NIRF-ENGG-INF-344,"Indian Institute Of Technology, Patna",79.8,68.29,74.13,68.78,93.0,Patna,Bihar,74.68,10,2016,,0.0,0.0,0.0,0.0,0.0,0.0,0.0,0.0
NIRF-ENGG-INF-299,"Indian Institute Of Technology, North Guwahati",71.92,78.66,71.82,65.62,94.0,Guwahati,Assam,74.62,11,2016,,0.0,0.0,0.0,0.0,0.0,0.0,0.0,0.0
NIRF-ENGG-INF-370,"National Institute Of Technology, Tiruchirappalli",56.99,80.37,81.5,79.5,92.0,Tiruchirappalli,Tamil Nadu,74.45,12,2016,,0.0,0.0,0.0,0.0,0.0,0.0,0.0,0.0
NIRF-ENGG-768,Vellore Institute Of Technology,66.95,74.72,77.38,77.11,91.0,Vellore,Tamil Nadu,74.4,13,2016,,0.0,0.0,0.0,0.0,0.0,0.0,0.0,0.0
NIRF-ENGG-INF-423,"Indian Institute Of Technology (Banaras Hindu University), Varanasi",59.08,80.63,96.8,56.73,96.0,Varanasi,Uttar Pradesh,74.39,14,2016,,0.0,0.0,0.0,0.0,0.0,0.0,0.0,0.0
NIRF-ENGG-INF-373,Sardar Vallabhbhai National Institute Of Technology,59.02,85.24,78.43,68.81,83.0,Surat,Gujarat,73.13,15,2016,,0.0,0.0,0.0,0.0,0.0,0.0,0.0,0.0
NIRF-ENGG-INF-346,"Indian Institute Of Technology, Indore",86.75,75.78,89.85,39.23,46.0,Indore,Madhya Pradesh,72.0,16,2016,,0.0,0.0,0.0,0.0,0.0,0.0,0.0,0.0
NIRF-ENGG-1-2451694143,Birla Institute Of Technology,55.39,81.06,82.47,65.5,90.0,RANCHI,Jharkhand,71.8,17,2016,,0.0,0.0,0.0,0.0,0.0,0.0,0.0,0.0
NIRF-ENGG-INF-225,"Visvesvaraya National Institute Of Technology, Nagpur (Deemed University)-Nagpur",59.98,73.64,69.05,82.7,85.0,Nagpur,Maharashtra,71.29,18,2016,,0.0,0.0,0.0,0.0,0.0,0.0,0.0,0.0
NIRF-ENGG-INF-140,"National Institute Of Technology, Rourkela-Rourkela",60.78,75.69,81.49,73.21,74.0,Rourkela,Odisha,70.8,19,2016,,0.0,0.0,0.0,0.0,0.0,0.0,0.0,0.0
NIRF-ENGG-INF-NEW11,"Indian Institute Of Engineering Science And Technology, Shibpur",57.76,83.07,76.07,59.5,87.0,Howrah,West Bengal,70.35,20,2016,,0.0,0.0,0.0,0.0,0.0,0.0,0.0,0.0
NIRF-ENGG-INF-338,"Indian Institute Of Technology, Mandi",85.83,70.35,81.05,47.29,43.0,Mandi,Himachal Pradesh,70.32,20,2016,,0.0,0.0,0.0,0.0,0.0,0.0,0.0,0.0
NIRF-ENGG-1-2453839794,"College Of Engineering, Pune",58.61,66.4,82.92,74.67,95.0,PUNE,Maharashtra,69.71,21,2016,,0.0,0.0,0.0,0.0,0.0,0.0,0.0,0.0
NIRF-ENGG-INF-363,"National Institute Of Technology, Karnataka-Mangalore",60.26,67.86,77.29,70.22,88.0,Mangalore,Karnataka,68.95,22,2016,,0.0,0.0,0.0,0.0,0.0,0.0,0.0,0.0
NIRF-ENGG-INF-357,Motilal Nehru National Institute Of Technology,54.63,72.07,74.08,75.04,82.0,Allahabad,Uttar Pradesh,67.94,23,2016,,0.0,0.0,0.0,0.0,0.0,0.0,0.0,0.0
NIRF-ENGG-1-2451585489,Psg College Of Technology-Coimbatore,56.72,64.67,77.3,72.1,94.0,COIMBATORE,Tamil Nadu,67.8,24,2016,,0.0,0.0,0.0,0.0,0.0,0.0,0.0,0.0
NIRF-ENGG-INF-301,"Indian Institute Of Technology, Jodhpur",73.02,66.41,60.71,60.11,86.0,Jodhpur,Rajasthan,67.68,25,2016,,0.0,0.0,0.0,0.0,0.0,0.0,0.0,0.0
NIRF-ENGG-INF-296,"Indian Institute Of Technology, Bhubaneswar",67.4,75.73,61.06,51.57,85.0,Bhubaneswar,Odisha,67.58,26,2016,,0.0,0.0,0.0,0.0,0.0,0.0,0.0,0.0
NIRF-ENGG-1-2454118012,Thapar University-Patiala,49.43,78.7,77.69,64.58,83.0,PATIALA,Punjab,67.51,27,2016,,0.0,0.0,0.0,0.0,0.0,0.0,0.0,0.0
NIRF-ENGG-INF-247,"National Institute Of Technology, Warangal",58.2,71.82,75.41,61.2,82.0,Warangal,Telangana,67.12,28,2016,,0.0,0.0,0.0,0.0,0.0,0.0,0.0,0.0
NIRF-ENGG-1-2452436680,Thiagarajar College Of Engineering-Madurai,57.93,75.86,80.94,57.91,63.0,MADURAI,Tamil Nadu,66.51,29,2016,,0.0,0.0,0.0,0.0,0.0,0.0,0.0,0.0
NIRF-ENGG-INF-361,"National Institute Of Technology, Durgapur",49.24,79.62,65.86,66.15,78.0,Durgapur,West Bengal,65.4,30,2016,,0.0,0.0,0.0,0.0,0.0,0.0,0.0,0.0
NIRF-ENGG-1-2456108684,Amrita School Of Engineering,56.81,63.75,74.02,62.08,75.0,KARUNAGAPALLY,Kerala,63.94,31,2016,,0.0,0.0,0.0,0.0,0.0,0.0,0.0,0.0
NIRF-ENGG-620,Shanmugha Arts Science Technology & Research Academy (Sastra),60.21,65.55,81.0,58.4,51.0,Thanjavur,Tamil Nadu,63.77,31,2016,,0.0,0.0,0.0,0.0,0.0,0.0,0.0,0.0
NIRF-ENGG-1-2452855119,Kalinga Institue Of Industrial Technology,60.63,73.91,83.55,70.31,1.0,BHUBANESWAR,Odisha,63.4,32,2016,,0.0,0.0,0.0,0.0,0.0,0.0,0.0,0.0
NIRF-ENGG-1-2455786386,M. S. Ramaiah Institute Of Technology-Bangalore,40.32,72.19,95.08,66.33,61.0,BANGALORE,Karnataka,63.39,33,2016,,0.0,0.0,0.0,0.0,0.0,0.0,0.0,0.0
NIRF-ENGG-1-2449931180,Coimbatore Institute Of Technology-Coimbatore,48.31,62.54,82.91,68.54,74.0,COIMBATORE,Tamil Nadu,62.58,34,2016,,0.0,0.0,0.0,0.0,0.0,0.0,0.0,0.0
NIRF-ENGG-INF-142,"National Institute Of Technology, Calicut",56.09,71.53,72.03,64.42,40.0,Calicut,Kerala,62.26,35,2016,,0.0,0.0,0.0,0.0,0.0,0.0,0.0,0.0
NIRF-ENGG-1-2451203119,R.V. College Of Engineering-Bengaluru,55.4,65.31,77.86,48.75,76.0,BENGALURU,Karnataka,62.26,35,2016,,0.0,0.0,0.0,0.0,0.0,0.0,0.0,0.0
NIRF-ENGG-INF-240,"Malaviya National Institute Of Technology, Jaipur",55.13,71.63,74.32,62.16,41.0,Jaipur,Rajasthan,62.14,37,2016,,0.0,0.0,0.0,0.0,0.0,0.0,0.0,0.0
NIRF-ENGG-1-2519066781,Pec University Of Technology-Chandigarh,62.21,55.58,70.83,55.49,77.0,CHANDIGARH,Chandigarh,61.32,38,2016,,0.0,0.0,0.0,0.0,0.0,0.0,0.0,0.0
NIRF-ENGG-1-2456080951,Manipal Institute Of Technology,62.58,67.06,65.34,61.72,33.0,MANIPAL,Karnataka,61.15,39,2016,,0.0,0.0,0.0,0.0,0.0,0.0,0.0,0.0
NIRF-ENGG-1-2455890291,Jamia Millia Islamia (A Central University),47.68,76.73,56.87,47.6,72.0,NEW DELHI,Delhi,60.18,41,2016,,0.0,0.0,0.0,0.0,0.0,0.0,0.0,0.0
NIRF-ENGG-INF-293,"Dr. B R Ambedkar National Institute Of Technology, Jalandhar",46.65,74.56,81.02,61.7,25.0,Jalandhar,Punjab,59.91,42,2016,,0.0,0.0,0.0,0.0,0.0,0.0,0.0,0.0
NIRF-ENGG-INF-333,"Indian Institute Of Science Education & Research, Mohali",59.29,82.22,13.39,50.12,83.0,Mohali,Punjab,59.58,43,2016,,0.0,0.0,0.0,0.0,0.0,0.0,0.0,0.0
NIRF-ENGG-350,Karunya Institute Of Technology And Sciences,55.1,68.79,60.61,78.6,19.0,Coimbatore,Tamil Nadu,59.29,44,2016,,0.0,0.0,0.0,0.0,0.0,0.0,0.0,0.0
NIRF-ENGG-512,"Institute Of Technology, Nirma University",48.41,54.52,67.95,69.27,81.0,Ahmedabad,Gujarat,59.23,45,2016,,0.0,0.0,0.0,0.0,0.0,0.0,0.0,0.0
NIRF-ENGG-1-2456278780,Kongu Engineering College,47.51,66.33,77.98,72.56,32.0,PERUNDURAI,Tamil Nadu,59.06,46,2016,,0.0,0.0,0.0,0.0,0.0,0.0,0.0,0.0
NIRF-ENGG-1-2456274762,sona College Of Technology-Salem,39.04,58.23,66.94,77.41,86.0,SALEM,Tamil Nadu,58.97,47,2016,,0.0,0.0,0.0,0.0,0.0,0.0,0.0,0.0
NIRF-ENGG-INF-144,"National Institute Of Technology, Kurukshetra",53.15,64.82,78.28,53.95,41.0,Kurukshetra,Haryana,58.89,48,2016,,0.0,0.0,0.0,0.0,0.0,0.0,0.0,0.0
NIRF-ENGG-1-2452861917,Pondicherry Engineering College,58.68,57.67,71.2,77.49,19.0,PUDUCHERRY,Pondicherry,58.79,49,2016,,0.0,0.0,0.0,0.0,0.0,0.0,0.0,0.0
NIRF-ENGG-1-2449920071,"Amrita Viswa Vidyapeetham-Amrita Nagar (Po) ,Ettimadai",57.04,53.42,81.38,65.7,36.0,"AMRITA NAGAR (PO) ,ETTIMADAI",Tamil Nadu,58.78,50,2016,,0.0,0.0,0.0,0.0,0.0,0.0,0.0,0.0
NIRF-ENGG-INF-145,"National Institute Of Technology, Hamirpur",41.6,73.08,77.24,63.3,41.0,Hamirpur,Himachal Pradesh,58.65,51,2016,,0.0,0.0,0.0,0.0,0.0,0.0,0.0,0.0
NIRF-ENGG-INF-359,"National Institute Of Technology, Agartala",57.4,58.47,75.03,66.24,32.0,Agartala,Tripura,58.63,52,2016,,864.0,1336.0,0.0,0.0,0.0,22.0,157.0,0.0
NIRF-ENGG-1-2456189964,Kumaraguru College Of Technology-Coimbatore,57.49,58.03,69.44,70.34,32.0,COIMBATORE,Tamil Nadu,58.44,53,2016,,0.0,0.0,0.0,0.0,0.0,0.0,0.0,0.0
NIRF-ENGG-57,B.S. Abdur Rahman Institute Of Science And Technology,61.16,61.37,63.61,65.39,21.0,Chennai,Tamil Nadu,57.8,54,2016,,0.0,0.0,0.0,0.0,0.0,0.0,0.0,0.0
NIRF-ENGG-1-2455979851,Cochin University Of Science And Technology-Cochin,46.89,72.99,55.16,51.52,66.0,COCHIN,Kerala,57.69,55,2016,,0.0,0.0,0.0,0.0,0.0,0.0,0.0,0.0
NIRF-ENGG-INF-372,Sant Longowal Institute Of Engineering & Technology-Sangrur,57.24,67.97,55.5,35.4,67.0,Sangrur,Punjab,57.52,56,2016,,0.0,0.0,0.0,0.0,0.0,0.0,0.0,0.0
NIRF-ENGG-INF-365,"National Institute Of Technology, Meghalaya",73.56,51.98,75.3,38.57,33.0,Shillong,Meghalaya,57.47,57,2016,,0.0,0.0,0.0,0.0,0.0,0.0,0.0,0.0
NIRF-ENGG-1-2451156700,Itm University - Gwalior (School Of Engineering & Technology)-Gwalior,46.14,58.6,69.8,76.6,47.0,GWALIOR,Madhya Pradesh,57.45,58,2016,,0.0,0.0,0.0,0.0,0.0,0.0,0.0,0.0
NIRF-ENGG-363,Koneru Lakshmaiah Education Foundation,49.49,61.9,70.43,60.32,49.0,Guntur,Andhra Pradesh,57.37,59,2016,,0.0,0.0,0.0,0.0,0.0,0.0,0.0,0.0
NIRF-ENGG-321,Jaypee Institute Of Information Technology,45.21,59.86,79.38,69.05,40.0,Noida,Uttar Pradesh,56.79,60,2016,,0.0,0.0,0.0,0.0,0.0,0.0,0.0,0.0
NIRF-ENGG-1-2454054346,Bharati Vidyapeeth Deemed University College Of Engineering-Pune,55.6,34.04,90.52,75.5,50.0,PUNE,Maharashtra,56.56,61,2016,,0.0,0.0,0.0,0.0,0.0,0.0,0.0,0.0
NIRF-ENGG-1-2449912182,Bannari Amman Institute Of Technology-Sathyamangalam,51.61,58.11,77.22,62.78,27.0,SATHYAMANGALAM,Tamil Nadu,56.21,62,2016,,0.0,0.0,0.0,0.0,0.0,0.0,0.0,0.0
NIRF-ENGG-INF-368,"National Institute Of Technology, Raipur",46.48,62.13,75.15,63.84,31.0,Raipur,Chhattisgarh,55.93,63,2016,,0.0,0.0,0.0,0.0,0.0,0.0,0.0,0.0
NIRF-ENGG-1-2451386658,Vishwakarma Institute Of Technology-Pune,43.67,64.68,77.11,48.56,48.0,PUNE,Maharashtra,55.7,64,2016,,0.0,0.0,0.0,0.0,0.0,0.0,0.0,0.0
NIRF-ENGG-INF-141,"National Institute Of Technology, Silchar",55.75,58.12,66.08,71.32,12.0,Silchar,Assam,55.49,65,2016,,0.0,0.0,0.0,0.0,0.0,0.0,0.0,0.0
NIRF-ENGG-516,Noorul Islam Centre For Higher Education,51.73,53.46,50.05,70.4,59.0,Kanyakumari,Tamil Nadu,55.45,66,2016,,0.0,0.0,0.0,0.0,0.0,0.0,0.0,0.0
NIRF-ENGG-INF-358,"National Institute Of Technology, Srinagar",50.37,59.18,72.01,60.42,33.0,Kashmir,Jammu and Kashmir,55.3,67,2016,,0.0,0.0,0.0,0.0,0.0,0.0,0.0,0.0
NIRF-ENGG-1-2453375226,"University Institute Of Chemical Technology, North Maharashtra University, Jalgaon",37.05,64.47,67.19,46.69,77.0,JALGAON,Maharashtra,54.91,68,2016,,0.0,0.0,0.0,0.0,0.0,0.0,0.0,0.0
NIRF-ENGG-1-2451415750,National Institute Of Science & Technology-Berhampur,41.66,50.29,74.67,65.68,63.0,BERHAMPUR,Odisha,54.81,69,2016,,0.0,0.0,0.0,0.0,0.0,0.0,0.0,0.0
NIRF-ENGG-1-2450669659,Siddaganga Institute Of Technology-Tumkur,52.98,51.91,72.17,66.37,30.0,TUMKUR,Karnataka,54.67,70,2016,,0.0,0.0,0.0,0.0,0.0,0.0,0.0,0.0
NIRF-ENGG-1-2450577299,Chaitanya Bharathi Institute Of Technology-Hyderabad,44.1,47.74,69.08,64.91,73.0,HYDERABAD,Telangana,54.66,71,2016,,0.0,0.0,0.0,0.0,0.0,0.0,0.0,0.0
NIRF-ENGG-230,Hindustan Institute Of Technology  And Science (Hits),52.71,41.67,69.01,79.65,42.0,Chennai,Tamil Nadu,54.32,72,2016,,0.0,0.0,0.0,0.0,0.0,0.0,0.0,0.0
NIRF-ENGG-1-2452919762,Sagi Ramakrishnam Raju Engineering College-Bhimavaram,50.02,48.05,75.83,75.45,23.0,BHIMAVARAM,Andhra Pradesh,54.02,73,2016,,0.0,0.0,0.0,0.0,0.0,0.0,0.0,0.0
NIRF-ENGG-1-2449860060,C.V.Raman College Of Engineering-Bhubaneswar,46.77,56.85,81.69,55.36,23.0,BHUBANESWAR,Odisha,53.91,74,2016,,0.0,0.0,0.0,0.0,0.0,0.0,0.0,0.0
NIRF-ENGG-1-2453916713,Kasegaon Education Societys Rajarambapu Institute Of Technology-Islampur,43.98,41.32,73.89,66.09,75.0,ISLAMPUR,Maharashtra,53.69,75,2016,,0.0,0.0,0.0,0.0,0.0,0.0,0.0,0.0
NIRF-ENGG-INF-404,"National Institute Of Technology, Goa",57.7,38.61,66.13,46.27,85.0,Ponda,Goa,53.65,76,2016,,0.0,0.0,0.0,0.0,0.0,0.0,0.0,0.0
NIRF-ENGG-INF-424,"Pandit Dwarka Prasad Mishra Indian Institute Of Information Technology, Design And Manufacturing (IIITDM), Jabalpur",47.15,62.91,79.0,54.79,12.0,Jabalpur,Madhya Pradesh,53.37,77,2016,,0.0,0.0,0.0,0.0,0.0,0.0,0.0,0.0
NIRF-ENGG-INF-362,"National Institute Of Technology, Jamshedpur",36.73,67.7,79.14,48.8,31.0,Jamshedpur,Jharkhand,53.35,78,2016,,0.0,0.0,0.0,0.0,0.0,0.0,0.0,0.0
NIRF-ENGG-1-2451417043,Institute Of Engineering & Management-Kolkata,43.45,56.73,82.68,58.11,21.0,KOLKATA,West Bengal,53.26,79,2016,,0.0,0.0,0.0,0.0,0.0,0.0,0.0,0.0
NIRF-ENGG-INF-410,"Indian Institute Of Information Technology, Design & Manufacturing (IIITD&M) Kancheepuram-Chennai",48.23,41.22,86.82,61.99,38.0,Chennai,Tamil Nadu,52.64,80,2016,,0.0,0.0,0.0,0.0,0.0,0.0,0.0,0.0
NIRF-ENGG-1-2452796944,Centurion Institute Of Technology,50.24,53.01,67.05,75.26,12.0,JATNI,Odisha,52.58,81,2016,,0.0,0.0,0.0,0.0,0.0,0.0,0.0,0.0
NIRF-ENGG-1-2455130573,College Of Technology And Engineering-Udaipur,53.51,61.8,50.46,49.2,34.0,UDAIPUR,Rajasthan,52.39,82,2016,,0.0,0.0,0.0,0.0,0.0,0.0,0.0,0.0
NIRF-ENGG-1-2453523111,Veermata Jijabai Technological Institute,32.29,57.85,79.62,59.06,47.0,MUMBAI,Maharashtra,52.17,84,2016,,0.0,0.0,0.0,0.0,0.0,0.0,0.0,0.0
NIRF-ENGG-1-2450743734,K. K. Wagh Institute Of Engineering Education & Research-Nashik,37.52,45.97,70.43,60.73,80.0,NASHIK,Maharashtra,51.92,85,2016,,0.0,0.0,0.0,0.0,0.0,0.0,0.0,0.0
NIRF-ENGG-1-2454009090,"Shri Ramdeobaba College Of Engineering And Management, Ramdeo Tekdi, Gittikhadan, Katol Road, Nagpur-Nagpur",46.81,47.19,72.78,61.03,34.0,NAGPUR,Maharashtra,51.5,86,2016,,0.0,0.0,0.0,0.0,0.0,0.0,0.0,0.0
NIRF-ENGG-INF-367,"National Institute Of Technology, Patna",46.73,52.37,66.9,55.69,37.0,Patna,Bihar,51.08,87,2016,,0.0,0.0,0.0,0.0,0.0,0.0,0.0,0.0
NIRF-ENGG-773,"Vignan's Foundation For Science, Technology And Research",49.21,50.65,72.09,67.19,0.0,Guntur,Andhra Pradesh,50.65,88,2016,,0.0,0.0,0.0,0.0,0.0,0.0,0.0,0.0
NIRF-ENGG-1-2453802770,Shri Guru Gobind Singhji Institute Of Engineering And Technology-Nanded,48.74,47.61,67.42,51.75,41.0,NANDED,Maharashtra,50.64,89,2016,,0.0,0.0,0.0,0.0,0.0,0.0,0.0,0.0
NIRF-ENGG-1-2454313873,Sri Ramakrishna Engineering College-Coimbatore,46.62,56.15,67.8,65.62,6.0,COIMBATORE,Tamil Nadu,50.55,90,2016,,0.0,0.0,0.0,0.0,0.0,0.0,0.0,0.0
NIRF-ENGG-1-2449883879,Bengal Institute Of Technology,28.7,50.0,92.06,47.01,59.0,KOLKATA,West Bengal,50.33,91,2016,,0.0,0.0,0.0,0.0,0.0,0.0,0.0,0.0
NIRF-ENGG-INF-408,"National Institute Of Technology, Delhi",41.3,48.26,61.61,67.57,45.0,Delhi,Delhi,50.22,92,2016,,0.0,0.0,0.0,0.0,0.0,0.0,0.0,0.0
NIRF-ENGG-1-2450722205,Yeshwantrao Chavan College Of Engineering-Nagpur,45.23,39.29,65.99,73.81,46.0,NAGPUR,Maharashtra,50.14,93,2016,,0.0,0.0,0.0,0.0,0.0,0.0,0.0,0.0
NIRF-ENGG-1-2449936766,Adhiyamaan College Of Engineering (Engineering & Technology),52.0,49.66,54.04,59.65,34.0,HOSUR,Tamil Nadu,50.04,94,2016,,0.0,0.0,0.0,0.0,0.0,0.0,0.0,0.0
NIRF-ENGG-1-2452443212,"Maharashtra Academy Of Engineering And Educational Research, Mit College Of Engineering, Pune-Pune",38.75,49.01,64.45,66.6,44.0,PUNE,Maharashtra,49.66,95,2016,,0.0,0.0,0.0,0.0,0.0,0.0,0.0,0.0
NIRF-ENGG-1-2455794950,The National Institute Of Engineering,38.67,46.65,77.95,64.66,35.0,MYSORE,Karnataka,49.514,96,2016,,0.0,0.0,0.0,0.0,0.0,0.0,0.0,0.0
NIRF-ENGG-1-2453623896,"Government College Of Engineering, Aurangabad (Academic Autonomous)",43.4,49.06,71.34,50.18,43.0,AURANGABAD,Maharashtra,49.511,97,2016,,0.0,0.0,0.0,0.0,0.0,0.0,0.0,0.0
NIRF-ENGG-1-2449945774,Anand Institute Of Higher Technology,29.71,55.27,78.24,61.62,35.0,CHENNAI,Tamil Nadu,49.41,98,2016,,0.0,0.0,0.0,0.0,0.0,0.0,0.0,0.0
NIRF-ENGG-1-2454813228,Noida Institute Of Engineering & Technology,44.1,38.54,79.51,69.04,27.0,GAUTAM BUDH NAGAR,Uttar Pradesh,49.24,99,2016,,0.0,0.0,0.0,0.0,0.0,0.0,0.0,0.0
NIRF-ENGG-1-2455123470,University Institute Of Chemical Engineering And Technology,39.97,56.55,78.3,51.32,17.0,CHANDIGARH,Chandigarh,49.09,100,2016,,0.0,0.0,0.0,0.0,0.0,0.0,0.0,0.0
IR17-I-2-18243,Indian Institute of Science Bangalore,83.11,87.59,87.97,61.48,83.33,Bengaluru,Karnataka,83.28,1,2017,,0.0,0.0,0.0,0.0,0.0,0.0,0.0,0.0
IR17-I-1-1-77,Indian Institute of Technology Madras,69.49,72.6,84.02,76.75,68.7,Chennai,Tamil Nadu,73.97,2,2017,IR17-ENGG-1-1-77,3658.0,7048.0,2061030001.0,2488427561.0,4549457562.0,3205.0,10522.0,3191.0
IR17-I-2-18633,Indian Institute of Technology Bombay,64.68,78.14,70.07,65.8,83.44,Mumbai,Maharashtra,71.78,3,2017,IR17-ENGG-2-18633,3762.0,6860.0,562225147.0,2949383268.0,3511608415.0,3186.0,10869.0,3209.0
IR17-I-2-18630,Indian Institute of Technology Kharagpur,55.07,70.46,85.11,72.85,64.72,Kharagpur,West Bengal,68.43,4,2017,IR17-ENGG-2-18630,4620.0,8705.0,1514111580.0,2555660549.0,4069772129.0,3646.0,14354.0,3376.0
IR17-I-2-1-79,Indian Institute of Technology Delhi,55.45,68.48,65.92,68.69,69.53,New Delhi,Delhi,64.18,5,2017,IR17-ENGG-2-1-79,3440.0,5906.0,766477000.0,2640065000.0,3406542000.0,3168.0,13346.0,3075.0
IR17-I-2-1-319,Jawaharlal Nehru University,62.11,33.96,98.71,82.4,47.27,New Delhi,Delhi,61.53,6,2017,,0.0,0.0,0.0,0.0,0.0,0.0,0.0,0.0
IR17-I-2-18248,Indian Institute of Technology Kanpur,60.07,62.14,58.34,60.01,63.62,Kanpur,Uttar Pradesh,60.69,7,2017,IR17-ENGG-2-18248,3607.0,5801.0,1931981000.0,1370200000.0,3302181000.0,2271.0,7591.0,2103.0
IR17-I-2-1-251,Indian Institute of Technology Guwahati,65.53,47.46,78.28,79.28,28.79,Guwahati,Assam,60.37,8,2017,IR17-ENGG-2-1-251,2436.0,4049.0,1661069660.0,1095157676.0,2756227336.0,1688.0,6010.0,1668.0
IR17-I-2-18677,Indian Institute of Technology Roorkee,52.24,56.6,83.38,72.7,32.38,Roorkee,Uttarakhand,59.84,9,2017,IR17-ENGG-2-18677,4079.0,6719.0,1397576000.0,1407516000.0,2805092000.0,2446.0,10219.0,2434.0
IR17-I-2-18500,Banaras Hindu University,47.85,49.96,94.36,62.97,44.01,Varanasi,Uttar Pradesh,58.92,10,2017,,0.0,0.0,0.0,0.0,0.0,0.0,0.0,0.0
IR17-I-2-30673,Jawaharlal Nehru Centre for Advanced Scientific Research,78.28,51.93,68.79,47.44,6.92,Bengaluru,Karnataka,58.25,11,2017,,0.0,0.0,0.0,0.0,0.0,0.0,0.0,0.0
IR17-I-2-10326,Jadavpur University,48.64,54.09,91.42,53.37,28.81,Kolkata,West Bengal,57.32,12,2017,IR17-ENGG-2-10326,4085.0,5672.0,162985776.0,774936509.0,937922285.0,2293.0,7153.0,2507.0
IR17-I-2-18292,Anna University,46.25,54.58,79.31,60.01,43.94,Chennai,Tamil Nadu,56.5,13,2017,IR17-ENGG-2-18292,5491.0,7702.0,150703000.0,1268590000.0,1419293000.0,2884.0,8073.0,4536.0
IR17-I-2-1-2813521158,University of Hyderabad,57.3,42.77,78.79,78.13,27.06,Hyderabad,Telangana,56.3,14,2017,,0.0,0.0,0.0,0.0,0.0,0.0,0.0,0.0
IR17-I-2-18552,University of Delhi,43.48,56.61,82.06,58.6,30.76,Delhi,Delhi,55.37,15,2017,,0.0,0.0,0.0,0.0,0.0,0.0,0.0,0.0
IR17-I-2-18267,Amrita Vishwa Vidyapeetham,62.9,39.49,65.77,82.17,26.12,Coimbatore,Tamil Nadu,54.7,16,2017,,0.0,0.0,0.0,0.0,0.0,0.0,0.0,0.0
IR17-I-1-18698,Indian Institute of Management Ahmedabad,78.14,13.85,62.91,80.97,59.91,Ahmedabad,Gujarat,54.27,17,2017,,0.0,0.0,0.0,0.0,0.0,0.0,0.0,0.0
IR17-I-2-1-618,Savitribai Phule Pune University,56.39,35.03,85.13,72.26,11.2,Pune,Maharashtra,52.81,18,2017,,0.0,0.0,0.0,0.0,0.0,0.0,0.0,0.0
IR17-I-2-18189,Aligarh Muslim University,58.56,36.2,87.43,51.55,16.62,Aligarh,Uttar Pradesh,52.74,19,2017,,0.0,0.0,0.0,0.0,0.0,0.0,0.0,0.0
IR17-I-2-1-2814289415,Jamia Millia Islamia,58.98,27.99,81.63,83.55,9.73,New Delhi,Delhi,51.75,20,2017,IR17-ENGG-1-10356,1351.0,1726.0,23047406.0,169048250.0,192095656.0,574.0,1922.0,628.0
IR17-I-2-18599,Birla Institute of Technology & Science -Pilani,54.83,31.26,73.88,58.5,49.96,Pilani,Rajasthan,51.46,21,2017,IR17-ENGG-2-18599,7483.0,8067.0,305904925.0,2293891619.0,2599796544.0,939.0,2442.0,975.0
IR17-I-2-18572,Vellore Institute of Technology,41.65,42.87,75.57,75.99,32.95,Vellore,Tamil Nadu,51.36,22,2017,IR17-ENGG-2-18572,14995.0,17441.0,340287032.0,2886179252.0,3226466284.0,1986.0,4510.0,3664.0
IR17-I-2-1-243,Indian Agricultural Research Institute,58.22,33.6,74.11,76.79,11.52,New Delhi,Delhi,51.2,23,2017,,0.0,0.0,0.0,0.0,0.0,0.0,0.0,0.0
IR17-I-2-1-346,Indian Institute of Technology Indore,65.42,32.43,63.5,74.58,7.17,Indore,Madhya Pradesh,50.23,24,2017,IR17-ENGG-2-1-346,431.0,786.0,202374331.0,407515901.0,609890232.0,400.0,1572.0,370.0
IR17-I-1-1-217,Indian Institute of Management Bangalore,68.62,12.47,63.57,83.53,38.72,Bengaluru,Karnataka,49.26,25,2017,,0.0,0.0,0.0,0.0,0.0,0.0,0.0,0.0
IR17-I-2-1-345,Indian Institute of Technology Hyderabad,63.51,28.02,62.91,72.21,18.06,Hyderabad,Telangana,49.07,26,2017,IR17-ENGG-2-1-345,706.0,1369.0,865440935.0,488603840.0,1354044775.0,634.0,2149.0,542.0
IR17-I-2-18606,Calcutta University,36.34,44.1,95.76,39.02,17.15,Kolkata,West Bengal,48.9,27,2017,,0.0,0.0,0.0,0.0,0.0,0.0,0.0,0.0
IR17-I-2-15598,Tamil Nadu Agricultural University,77.67,12.56,75.33,63.48,3.53,Coimbatore,Tamil Nadu,48.84,28,2017,,0.0,0.0,0.0,0.0,0.0,0.0,0.0,0.0
IR17-I-1-18637,"Indian Institute of Science Education & Research, Pune",63.94,28.43,52.74,76.1,24.13,Pune,Maharashtra,48.28,29,2017,,0.0,0.0,0.0,0.0,0.0,0.0,0.0,0.0
IR17-I-2-18364,Manipal Academy of Higher Education-Manipal,64.76,29.31,58.66,55.51,27.67,Manipal,Karnataka,48.27,30,2017,,0.0,0.0,0.0,0.0,0.0,0.0,0.0,0.0
IR17-I-2-18581,Visva Bharati,53.56,25.23,86.74,67.26,4.71,Kolkata,West Bengal,48.19,31,2017,,0.0,0.0,0.0,0.0,0.0,0.0,0.0,0.0
IR17-I-2-1-340,Indian Institute of Technology Ropar,66.25,24.68,62.91,75.73,4.07,Rupnagar,Punjab,47.84,32,2017,IR17-ENGG-2-1-340,446.0,590.0,129102169.0,154836248.0,283938417.0,288.0,1528.0,283.0
IR17-I-2-1-624,Siksha`O` Anusandhan University,63.31,17.17,66.02,78.18,15.57,Bhubaneswar,Odisha,46.72,33,2017,,0.0,0.0,0.0,0.0,0.0,0.0,0.0,0.0
IR17-I-1-1-370,National Institute of Technology Tiruchirappalli,44.43,31.32,71.92,73.68,20.92,Tiruchirappalli,Tamil Nadu,46.57,34,2017,IR17-ENGG-1-1-370,2902.0,4405.0,123504000.0,994076000.0,1117580000.0,1141.0,3873.0,1161.0
IR17-I-2-18559,Bharath Institute of Higher Education & Research,59.33,23.12,63.42,86.49,3.79,Chennai,Tamil Nadu,46.45,35,2017,,0.0,0.0,0.0,0.0,0.0,0.0,0.0,0.0
IR17-I-2-18230,Homi Bhabha National Institute,79.17,8.75,66.98,58.08,8.7,Mumbai,Maharashtra,46.45,35,2017,,0.0,0.0,0.0,0.0,0.0,0.0,0.0,0.0
IR17-I-2-18639,Indian Institute of Technology Mandi,68.77,16.43,61.11,74.31,4.06,Mandi,Himachal Pradesh,45.62,37,2017,IR17-ENGG-2-18639,444.0,628.0,148060000.0,162109000.0,310169000.0,265.0,1063.0,169.0
IR17-I-2-18414,Osmania University,46.63,20.56,91.98,58.41,11.16,Hyderabad,Telangana,45.52,38,2017,,0.0,0.0,0.0,0.0,0.0,0.0,0.0,0.0
IR17-I-1-18700,Indian Institute of Management Calcutta,70.17,6.04,62.15,74.17,24.61,Kolkata,West Bengal,45.17,39,2017,,0.0,0.0,0.0,0.0,0.0,0.0,0.0,0.0
IR17-I-1-30713,"Punjab Agricultural University, Ludhiana",77.94,16.51,57.2,48.44,3.83,Ludhiana,Punjab,44.99,40,2017,,0.0,0.0,0.0,0.0,0.0,0.0,0.0,0.0
IR17-I-2-18261,Institute of Chemical Technology,41.33,36.82,69.31,55.73,20.69,Mumbai,Maharashtra,44.95,41,2017,IR17-ENGG-2-18261,703.0,1249.0,486274753.0,247310288.0,733585041.0,529.0,2689.0,653.0
IR17-I-2-17784,Jamia Hamdard,52.44,27.86,73.99,57.57,1.87,New Delhi,Delhi,44.84,42,2017,,0.0,0.0,0.0,0.0,0.0,0.0,0.0,0.0
IR17-I-2-30702,Gauhati University,50.65,16.84,89.89,59.41,2.48,Guwahati,Assam,44.42,43,2017,,0.0,0.0,0.0,0.0,0.0,0.0,0.0,0.0
IR17-I-1-18635,"Indian Institute of Science Education & Research, Kolkata",56.68,27.13,57.82,70.0,6.79,Mohanpur,West Bengal,44.38,44,2017,,0.0,0.0,0.0,0.0,0.0,0.0,0.0,0.0
IR17-I-2-18567,Bharathiar University,45.67,35.58,63.73,62.6,9.11,Coimbatore,Tamil Nadu,44.29,45,2017,,0.0,0.0,0.0,0.0,0.0,0.0,0.0,0.0
IR17-I-2-1-140,National Institute of Technology Rourkela,43.93,34.18,67.94,65.97,4.0,Rourkela,Odisha,44.02,46,2017,IR17-ENGG-2-1-140,2039.0,3591.0,411200000.0,675900000.0,1087100000.0,1357.0,3808.0,1357.0
IR17-I-2-18317,Kerala University,50.61,14.62,89.18,64.47,0.89,Thiruvananthapuram,Kerala,43.95,47,2017,,0.0,0.0,0.0,0.0,0.0,0.0,0.0,0.0
IR17-I-2-10563,Tezpur University,51.89,28.83,62.76,63.05,7.09,Tezpur,Assam,43.78,48,2017,,0.0,0.0,0.0,0.0,0.0,0.0,0.0,0.0
IR17-I-1-700,TATA Institute of Social Sciences,51.92,6.59,76.5,85.16,23.31,Mumbai,Maharashtra,43.71,49,2017,,0.0,0.0,0.0,0.0,0.0,0.0,0.0,0.0
IR17-I-2-18477,Shanmugha Arts Science Technology & Research Academy (SASTRA),43.1,31.09,68.04,65.18,11.1,Thanjavur,Tamil Nadu,43.5,50,2017,IR17-ENGG-2-18477,4845.0,5208.0,193457196.0,661344638.0,854801834.0,489.0,2100.0,1577.0
IR17-I-1-18704,Indian Institute of Management Lucknow,63.94,6.94,62.69,82.57,12.92,Lucknow,Uttar Pradesh,43.35,51,2017,,0.0,0.0,0.0,0.0,0.0,0.0,0.0,0.0
IR17-I-2-1-333,"Indian Institute of Science Education & Research, Mohali",55.38,17.55,62.99,80.48,7.52,Mohali,Punjab,43.27,52,2017,,0.0,0.0,0.0,0.0,0.0,0.0,0.0,0.0
IR17-I-1-18632,Indian Institute of Technology (Indian School of Mines),40.04,34.27,67.12,67.08,7.88,Dhanbad,Jharkhand,43.21,53,2017,IR17-ENGG-1-18632,3127.0,5400.0,448972000.0,760270200.0,1209242200.0,964.0,3500.0,990.0
IR17-I-2-1-2814248400,Panjab University,36.7,40.79,66.18,47.4,18.99,Chandigarh,Chandigarh,43.13,54,2017,,0.0,0.0,0.0,0.0,0.0,0.0,0.0,0.0
IR17-I-2-1-596,S.R.M Institute of Science and Technology,45.8,25.07,64.33,78.65,10.8,Chennai,Tamil Nadu,43.07,55,2017,IR17-ENGG-2-1-596,16155.0,17325.0,688800000.0,1821000000.0,2509800000.0,780.0,2542.0,1511.0
IR17-I-1-1-249,Indian Institute of Space Science and Technology,69.46,11.63,51.78,70.33,13.45,Thiruvananthapuram,Kerala,43.06,56,2017,IR17-ENGG-1-1-249,397.0,582.0,163269017.0,401719939.0,564988956.0,214.0,597.0,206.0
IR17-I-2-1-457,Mysore University,41.59,20.1,93.17,53.51,3.44,Mysore,Karnataka,42.83,57,2017,,0.0,0.0,0.0,0.0,0.0,0.0,0.0,0.0
IR17-I-2-18693,"National Institute of Pharmaceutical Education and Research, Hyderabad",61.28,14.3,60.78,75.15,3.9,Hyderabad,Telangana,42.74,58,2017,,0.0,0.0,0.0,0.0,0.0,0.0,0.0,0.0
IR17-I-2-18424,Pondicherry University,44.07,26.33,72.73,65.61,4.67,Puducherry,Pondicherry,42.7,59,2017,,0.0,0.0,0.0,0.0,0.0,0.0,0.0,0.0
IR17-I-2-1-697,Tamil Nadu Veterinary & Animal Sciences University,75.08,6.36,61.11,57.5,0.67,Chennai,Tamil Nadu,42.48,60,2017,,0.0,0.0,0.0,0.0,0.0,0.0,0.0,0.0
IR17-I-2-1-661,Sri Ramachandra University,68.16,14.1,47.94,73.02,8.86,Chennai,Tamil Nadu,42.46,61,2017,,0.0,0.0,0.0,0.0,0.0,0.0,0.0,0.0
IR17-I-2-18276,Anand Agricultural University,72.99,5.89,70.24,42.67,2.75,Anand,Gujarat,42.26,62,2017,,0.0,0.0,0.0,0.0,0.0,0.0,0.0,0.0
IR17-I-1-18709,Indian Institute of Management Udaipur,68.76,1.38,60.0,86.05,5.04,Udaipur,Rajasthan,42.15,63,2017,,0.0,0.0,0.0,0.0,0.0,0.0,0.0,0.0
IR17-I-2-18341,University of Madras,44.22,29.26,62.26,62.75,10.82,Chennai,Tamil Nadu,41.85,64,2017,,0.0,0.0,0.0,0.0,0.0,0.0,0.0,0.0
IR17-I-1-1-493,National Institute of Technology Surathkal,42.31,21.43,71.88,62.86,20.13,Surathkal,Karnataka,41.8,65,2017,IR17-ENGG-1-1-493,2691.0,4094.0,175861000.0,716874000.0,892735000.0,777.0,1478.0,871.0
IR17-I-1-18627,Indian Institute of Technology Bhubaneswar,57.89,20.92,51.73,74.82,2.66,Bhubaneswar,Odisha,41.75,66,2017,IR17-ENGG-1-18627,532.0,886.0,237572331.0,306695913.0,544268244.0,424.0,1780.0,298.0
IR17-I-1-1-18708,Indian Institute of Management Tiruchirappalli,71.34,1.09,60.0,77.67,2.31,Tiruchirappalli,Tamil Nadu,41.73,67,2017,,0.0,0.0,0.0,0.0,0.0,0.0,0.0,0.0
IR17-I-2-1-668,Sri Venkateswara University,45.88,24.43,68.72,64.57,1.94,Tirupati,Andhra Pradesh,41.48,68,2017,IR17-ENGG-2-1-668,694.0,973.0,19786184.0,109241492.0,129027676.0,461.0,1916.0,498.0
IR17-I-2-1-31,Andhra University,40.32,18.59,80.31,55.75,20.72,Visakhapatnam,Andhra Pradesh,41.38,69,2017,IR17-ENGG-2-1-31,1003.0,1785.0,25197282.0,249366775.0,274564057.0,313.0,644.0,485.0
IR17-I-2-18672,"Indian Institute of Technology (Banaras Hindu University), Varanasi",42.85,19.35,72.56,57.89,23.96,Varanasi,Uttar Pradesh,41.37,70,2017,,0.0,0.0,0.0,0.0,0.0,0.0,0.0,0.0
IR17-I-1-1-347,Indian Institute of Management Kashipur,72.76,1.47,60.0,70.17,0.72,Kashipur,Uttarakhand,41.36,71,2017,,0.0,0.0,0.0,0.0,0.0,0.0,0.0,0.0
IR17-I-2-18472,Sathyabama Institute of Science and Technology,42.32,22.17,65.64,77.13,11.08,Chennai,Tamil Nadu,41.3,72,2017,,0.0,0.0,0.0,0.0,0.0,0.0,0.0,0.0
IR17-I-2-18690,"Indian Institute of Engineering Science and Technology, Shibpur",45.5,27.57,64.98,54.35,9.29,Howrah,West Bengal,41.28,73,2017,,0.0,0.0,0.0,0.0,0.0,0.0,0.0,0.0
IR17-I-2-1-299,Jagadguru Sri Shivarathreeshwara University,55.34,10.32,61.55,76.67,14.99,Mysore,Karnataka,41.18,74,2017,,0.0,0.0,0.0,0.0,0.0,0.0,0.0,0.0
IR17-I-2-1-2813959492,Thapar University,39.35,29.05,70.16,49.1,13.17,Patiala,Punjab,40.78,75,2017,IR17-ENGG-2-1-2813959492,3212.0,3984.0,159228000.0,775351000.0,934579000.0,1072.0,3391.0,1039.0
IR17-I-2-30671,Dr. D. Y. Patil Vidyapeeth Pune,64.52,4.9,60.27,65.47,11.61,Pune,Maharashtra,40.59,76,2017,,0.0,0.0,0.0,0.0,0.0,0.0,0.0,0.0
IR17-I-2-18409,North Eastern Hill University,53.99,11.83,71.52,61.35,3.24,Shillong,Meghalaya,40.51,77,2017,,0.0,0.0,0.0,0.0,0.0,0.0,0.0,0.0
IR17-I-1-18628,Indian Institute of Technology Gandhinagar,59.15,17.34,51.27,63.65,9.24,Ahmedabad,Gujarat,40.48,78,2017,IR17-ENGG-1-18628,493.0,853.0,236027000.0,305481000.0,541508000.0,188.0,379.0,231.0
IR17-I-2-1-336,Kalinga Institute of Industrial Technology,46.39,12.75,68.53,69.17,20.95,Bhubaneswar,Odisha,40.47,79,2017,IR17-ENGG-2-1-336,8641.0,9116.0,361507303.0,894472514.0,1255979817.0,460.0,673.0,487.0
IR17-I-1-1-2811256746,Sri Sivasubrmaniya Nadar College of Engineering,52.45,14.02,64.06,61.58,13.86,Kalavakkam,Tamil Nadu,40.31,80,2017,IR17-ENGG-1-1-2811256746,2577.0,2806.0,43074926.0,570635026.0,613709952.0,545.0,642.0,679.0
IR17-I-2-18214,Guru Angad Dev Veterinary & Animal Sciences University,71.99,10.08,56.99,40.19,0.59,Ludhiana,Punjab,40.1,81,2017,,0.0,0.0,0.0,0.0,0.0,0.0,0.0,0.0
IR17-I-2-18622,National Institute of Technology Warangal,46.02,17.53,68.74,64.94,7.43,Warangal,Telangana,40.05,82,2017,IR17-ENGG-2-18622,2659.0,4028.0,80761361.0,876705659.0,957467020.0,631.0,1544.0,643.0
IR17-I-2-1-344,Indian Institute of Technology Patna,52.27,19.13,55.08,71.52,2.8,Patna,Bihar,39.87,83,2017,IR17-ENGG-2-1-344,643.0,998.0,117344848.0,204664907.0,322009755.0,384.0,905.0,391.0
IR17-I-2-1-178,Dr. Y.S.Parmar University of Horticulture & Forestry,68.64,4.39,65.58,44.54,0.64,Solan,Himachal Pradesh,39.54,84,2017,,0.0,0.0,0.0,0.0,0.0,0.0,0.0,0.0
IR17-I-1-18703,Indian Institute of Management Kozhikode,58.19,6.11,60.86,71.74,5.73,Kozhikode,Kerala,39.2,85,2017,,0.0,0.0,0.0,0.0,0.0,0.0,0.0,0.0
IR17-I-2-18259,AMITY University,38.5,23.36,63.06,61.86,18.06,Gautam Budh Nagar,Uttar Pradesh,39.17,86,2017,IR17-ENGG-2-18259,6360.0,6717.0,179906124.0,649940582.0,829846706.0,749.0,1018.0,941.0
IR17-I-1-12080,Indian Institute of Crop Processing Technology,62.29,1.56,60.86,76.83,1.42,Thanjavur,Tamil Nadu,39.15,87,2017,,0.0,0.0,0.0,0.0,0.0,0.0,0.0,0.0
IR17-I-1-2811179135,PSG College of Technology,45.79,14.34,61.11,62.6,25.48,Coimbatore,Tamil Nadu,39.07,88,2017,IR17-ENGG-1-2811179135,4423.0,4681.0,180396000.0,743867000.0,924263000.0,418.0,883.0,777.0
IR17-I-2-18508,Banasthali Vidyapith,37.11,9.99,82.16,74.26,7.46,Banasthali,Rajasthan,38.74,89,2017,,0.0,0.0,0.0,0.0,0.0,0.0,0.0,0.0
IR17-I-2-18580,Bharati Vidyapeeth,48.43,12.95,55.18,62.17,30.64,Pune,Maharashtra,38.73,90,2017,,0.0,0.0,0.0,0.0,0.0,0.0,0.0,0.0
IR17-I-2-18474,Saveetha Institute of Medical and Technical Sciences,51.11,11.81,57.85,76.63,5.81,Chennai,Tamil Nadu,38.68,91,2017,,0.0,0.0,0.0,0.0,0.0,0.0,0.0,0.0
IR17-I-2-1-33,Annamalai University,39.03,26.87,68.64,47.19,3.67,Annamalainagar,Tamil Nadu,38.59,92,2017,,0.0,0.0,0.0,0.0,0.0,0.0,0.0,0.0
IR17-I-2-18607,Calicut University,50.3,8.81,72.68,57.08,4.74,Calicut,Kerala,38.45,93,2017,,0.0,0.0,0.0,0.0,0.0,0.0,0.0,0.0
IR17-I-2-1-448,Mizoram University,52.31,5.27,70.52,69.93,0.03,Aizwal,Mizoram,38.36,94,2017,,0.0,0.0,0.0,0.0,0.0,0.0,0.0,0.0
IR17-I-2-1-373,Kurukshetra University,43.43,13.44,79.64,50.37,2.33,Kurushetra,Haryana,38.26,95,2017,,0.0,0.0,0.0,0.0,0.0,0.0,0.0,0.0
IR17-I-2-10933,Shiv Nadar University,59.15,9.43,47.7,73.23,5.24,Chithera,Uttar Pradesh,37.95,96,2017,,0.0,0.0,0.0,0.0,0.0,0.0,0.0,0.0
IR17-I-2-21078,Symbiosis International University,44.8,8.92,60.44,80.33,14.31,Pune,Maharashtra,37.67,97,2017,,0.0,0.0,0.0,0.0,0.0,0.0,0.0,0.0
IR17-I-2-18634,"Indian Institute of Science Education & Research, Bhopal",46.13,18.21,53.21,70.78,3.0,Bhopal,Madhya Pradesh,37.32,98,2017,,0.0,0.0,0.0,0.0,0.0,0.0,0.0,0.0
IR17-I-1-18710,Rajiv Gandhi Indian Institute of Management,61.42,1.89,60.0,62.21,0.57,Shillong,Meghalaya,37.28,99,2017,,0.0,0.0,0.0,0.0,0.0,0.0,0.0,0.0
IR17-I-2-1-N002,KLE Academy of Higher Education and Research,64.13,4.9,49.61,65.54,0.69,Belagavi,Karnataka,37.25,100,2017,,0.0,0.0,0.0,0.0,0.0,0.0,0.0,0.0
IR-1-O-O-U-0220,Indian Institute of Science,84.54,91.08,75.48,43.7,100.0,Bengaluru,Karnataka,82.16,1,2018,,0.0,0.0,0.0,0.0,0.0,0.0,0.0,0.0
IR-2-O-OE-U-0456,Indian Institute of Technology Madras,82.49,81.42,85.36,64.81,86.61,Chennai,Tamil Nadu,81.39,2,2018,IR-2-E-OE-U-0456,5588.0,7759.0,1336331172.0,3837142968.0,5173474140.0,3785.0,12536.0,4286.0
IR-3-O-OEM-U-0306,Indian Institute of Technology Bombay,81.34,85.59,81.53,48.53,79.61,Mumbai,Maharashtra,79.2,3,2018,IR-3-E-OEM-U-0306,4652.0,6046.0,1022618096.0,3450929257.0,4473547353.0,3764.0,12239.0,4490.0
IR-3-O-OEM-I-1074,Indian Institute of Technology Delhi,73.38,78.67,74.91,60.96,72.79,New Delhi,Delhi,73.97,4,2018,IR-3-E-OEM-I-1074,3196.0,4474.0,1150656000.0,2912759000.0,4063415000.0,3738.0,15740.0,4159.0
IR-5-O-OEMAL-U-0573,Indian Institute of Technology Kharagpur,67.96,74.57,83.99,56.16,62.12,Kharagpur,West Bengal,71.39,5,2018,IR-5-E-OEMAL-U-0573,2806.0,5730.0,1153091856.0,1859389022.0,3012480878.0,4308.0,17101.0,4513.0
IR-1-O-O-U-0109,Jawaharlal Nehru University,74.71,42.6,99.12,79.32,46.28,New Delhi,Delhi,67.57,6,2018,,0.0,0.0,0.0,0.0,0.0,0.0,0.0,0.0
IR-3-O-OEM-I-1075,Indian Institute of Technology Kanpur,71.71,68.63,62.76,39.81,67.59,Kanpur,Uttar Pradesh,65.39,7,2018,IR-3-E-OEM-I-1075,4890.0,6438.0,1115835000.0,1691900000.0,2807735000.0,2599.0,8827.0,2933.0
IR-4-O-OEMA-U-0560,Indian Institute of Technology Roorkee,65.88,61.59,85.29,58.65,37.56,Roorkee,Uttarakhand,64.93,8,2018,IR-4-E-OEMA-U-0560,3368.0,4968.0,643481000.0,1561056500.0,2204537500.0,3046.0,13934.0,3461.0
IR-3-O-OMD-U-0500,Banaras Hindu University,65.15,50.76,95.42,53.13,43.62,Varanasi,Uttar Pradesh,63.52,9,2018,,0.0,0.0,0.0,0.0,0.0,0.0,0.0,0.0
IR-4-O-OEMA-U-0439,Anna University,57.31,60.76,79.15,52.55,63.22,Chennai,Tamil Nadu,62.82,10,2018,IR-4-E-OEMA-U-0439,5977.0,7299.0,160878727.0,2135536527.0,2296415254.0,3234.0,10005.0,5217.0
IR-1-O-O-U-0042,University of Hyderabad,74.36,45.34,84.45,55.71,21.66,Hyderabad,Telangana,60.54,11,2018,,0.0,0.0,0.0,0.0,0.0,0.0,0.0,0.0
IR-2-O-OE-U-0053,Indian Institute of Technology Guwahati,79.25,52.13,63.2,52.97,28.01,Guwahati,Assam,60.16,12,2018,IR-2-E-OE-U-0053,2606.0,3883.0,1627870397.0,1260413374.0,2888283771.0,2159.0,7720.0,2347.0
IR-2-O-OE-U-0575,Jadavpur University,57.08,57.07,91.39,36.0,35.5,Kolkata,West Bengal,59.68,13,2018,IR-2-E-OE-U-0575,4300.0,5295.0,139068147.0,846290539.0,985358686.0,2726.0,8700.0,3298.0
IR-1-O-O-U-0120,University of Delhi,52.52,58.16,85.14,51.26,33.15,Delhi,Delhi,58.69,14,2018,,0.0,0.0,0.0,0.0,0.0,0.0,0.0,0.0
IR-1-O-O-U-0436,Amrita Vishwa Vidyapeetham,74.05,43.56,71.03,58.27,31.44,Coimbatore,Tamil Nadu,58.46,15,2018,,0.0,0.0,0.0,0.0,0.0,0.0,0.0,0.0
IR-1-O-O-U-0323,Savitribai Phule Pune University,70.7,43.64,84.55,55.29,15.04,Pune,Maharashtra,58.24,16,2018,,0.0,0.0,0.0,0.0,0.0,0.0,0.0,0.0
IR-7-O-OEMALDC-U-0496,Aligarh Muslim University,70.28,36.87,90.56,49.03,26.3,Aligarh,Uttar Pradesh,57.78,17,2018,IR-7-E-OEMALDC-U-0496,1700.0,2268.0,12428535.0,355605181.0,368033716.0,805.0,3135.0,903.0
IR-1-O-O-U-0234,Manipal Academy of Higher Education,76.05,44.15,61.29,64.23,26.3,Manipal,Karnataka,57.37,18,2018,,0.0,0.0,0.0,0.0,0.0,0.0,0.0,0.0
IR-5-O-OEMAL-U-0108,Jamia Millia Islamia,72.33,33.21,82.27,68.86,11.76,New Delhi,Delhi,56.18,19,2018,IR-5-E-OEMAL-U-0108,1399.0,1577.0,8041300.0,180557057.0,188598357.0,699.0,2313.0,890.0
IR-1-O-C-U-0447,Bharathiar University,65.54,41.7,76.95,52.63,22.63,Coimbatore,Tamil Nadu,55.08,20,2018,,0.0,0.0,0.0,0.0,0.0,0.0,0.0,0.0
IR-1-O-O-U-0570,Calcutta University,45.47,50.26,86.81,46.72,26.3,Kolkata,West Bengal,53.38,21,2018,,0.0,0.0,0.0,0.0,0.0,0.0,0.0,0.0
IR-2-O-OE-U-0013,Indian Institute of Technology Hyderabad,71.72,35.33,65.12,57.08,22.15,Hyderabad,Telangana,53.07,22,2018,IR-2-E-OE-U-0013,1022.0,1597.0,516214971.0,635534899.0,1151749870.0,861.0,2764.0,896.0
IR-1-O-D-U-0523,King George`s Medical University,83.08,29.71,62.7,59.66,3.93,Lucknow,Uttar Pradesh,52.73,23,2018,,0.0,0.0,0.0,0.0,0.0,0.0,0.0,0.0
IR-3-O-OEM-U-0490,Vellore Institute of Technology,50.3,47.42,68.43,60.02,36.71,Vellore,Tamil Nadu,52.68,24,2018,IR-3-E-OEM-U-0490,20769.0,23588.0,409427831.0,3221637665.0,3631065496.0,2868.0,7603.0,5089.0
IR-1-O-O-U-0572,Indian Institute of Science Education & Research Kolkata,70.87,35.6,65.91,62.92,11.13,Mohanpur,West Bengal,52.52,25,2018,,0.0,0.0,0.0,0.0,0.0,0.0,0.0,0.0
IR-3-O-OEP-U-0391,Birla Institute of Technology & Science,61.02,35.56,69.33,57.73,35.32,Pilani,Rajasthan,52.15,26,2018,IR-3-E-OEP-U-0391,7746.0,8145.0,532854900.0,2757960249.0,3290815149.0,1225.0,3645.0,1386.0
IR-2-O-OE-U-0205,Indian Institute of Technology (Indian School of Mines) Dhanbad,54.46,44.24,74.36,61.08,14.46,Dhanbad,Jharkhand,52.04,27,2018,IR-2-E-OE-U-0205,5843.0,7982.0,692712000.0,949521080.0,1642233080.0,1580.0,5939.0,1883.0
IR-1-O-E-U-0701,Indian Institute of Technology (Banaras Hindu University) Varanasi,57.85,48.53,67.0,42.5,22.87,Varanasi,Uttar Pradesh,51.85,28,2018,IR-1-E-E-U-0701,6407.0,7566.0,345738066.0,1142104611.0,1487842677.0,1150.0,4368.0,1175.0
IR-1-O-O-I-1357,University of Madras,66.06,33.4,68.6,53.07,26.52,Chennai,Tamil Nadu,51.52,29,2018,,0.0,0.0,0.0,0.0,0.0,0.0,0.0,0.0
IR-3-O-OEP-U-0308,Institute of Chemical Technology,53.82,48.52,69.18,52.55,15.9,Mumbai,Maharashtra,51.39,30,2018,IR-3-E-OEP-U-0308,824.0,1185.0,260362155.0,408490771.0,668852926.0,638.0,4315.0,832.0
IR-2-O-OE-U-0467,National Institute of Technology Tiruchirappalli,57.09,34.41,69.99,60.81,38.55,Tiruchirappalli,Tamil Nadu,51.38,31,2018,IR-2-E-OE-U-0467,2861.0,3644.0,456982201.0,1075659492.0,1532641693.0,1361.0,4830.0,1523.0
IR-1-O-O-U-0305,Indian Institute of Science Education & Research Pune,66.57,33.04,61.4,62.86,25.85,Pune,Maharashtra,51.04,32,2018,,0.0,0.0,0.0,0.0,0.0,0.0,0.0,0.0
IR-6-O-OEMLDP-U-0078,Panjab University,52.59,44.75,73.16,47.52,23.58,Chandigarh,Chandigarh,50.94,33,2018,IR-6-E-OEMLDP-U-0078,2052.0,2245.0,76235813.0,271378959.0,347614772.0,1049.0,3645.0,1161.0
IR-1-O-M-S-8972,Indian Institute of Management Calcutta,82.44,14.54,61.99,66.05,27.8,Kolkata,West Bengal,50.87,34,2018,,0.0,0.0,0.0,0.0,0.0,0.0,0.0,0.0
IR-1-O-O-U-0446,Bharath Institute of Higher Education & Research,70.22,29.22,63.76,79.16,2.4,Chennai,Tamil Nadu,50.74,35,2018,,0.0,0.0,0.0,0.0,0.0,0.0,0.0,0.0
IR-6-O-OEMALP-U-0006,Andhra University,65.98,25.12,83.14,54.75,9.53,Visakhapatnam,Andhra Pradesh,50.39,36,2018,,0.0,0.0,0.0,0.0,0.0,0.0,0.0,0.0
IR-5-O-OEMDP-U-0107,Jamia Hamdard,67.67,32.29,74.48,52.2,2.01,New Delhi,Delhi,50.31,37,2018,,0.0,0.0,0.0,0.0,0.0,0.0,0.0,0.0
IR-2-O-OD-U-0363,Siksha `O` Anusandhan,74.34,23.4,66.21,63.07,7.17,Bhubaneswar,Odisha,49.59,38,2018,,0.0,0.0,0.0,0.0,0.0,0.0,0.0,0.0
IR-2-O-OE-U-0139,Indian Institute of Technology Gandhinagar,73.72,27.29,56.79,60.47,15.9,Gandhinagar,Gujarat,49.31,39,2018,IR-2-E-OE-U-0139,684.0,822.0,151921000.0,510099000.0,662020000.0,284.0,728.0,374.0
IR-1-O-O-U-0485,Tamil Nadu Agricultural University,78.6,12.99,75.58,54.06,12.07,Coimbatore,Tamil Nadu,49.22,40,2018,,0.0,0.0,0.0,0.0,0.0,0.0,0.0,0.0
IR-1-O-O-U-0304,Homi Bhabha National Institute,84.14,14.18,70.13,44.74,9.85,Mumbai,Maharashtra,48.98,41,2018,,0.0,0.0,0.0,0.0,0.0,0.0,0.0,0.0
IR-2-O-OE-U-0357,National Institute of Technology Rourkela,55.85,41.93,69.73,43.4,9.85,Rourkela,Odisha,48.62,42,2018,IR-2-E-OE-U-0357,2279.0,4234.0,263522157.0,827000000.0,1090522157.0,1768.0,5541.0,1979.0
IR-1-O-C-U-0435,Alagappa University,65.74,22.27,70.4,53.19,24.5,Karaikudi,Tamil Nadu,48.25,43,2018,,0.0,0.0,0.0,0.0,0.0,0.0,0.0,0.0
IR-2-O-OE-U-0584,"Indian Institute of Engineering Science and Technology, Shibpur",60.01,35.5,64.06,43.37,22.63,Howrah,West Bengal,48.06,44,2018,,0.0,0.0,0.0,0.0,0.0,0.0,0.0,0.0
IR-1-O-O-U-0027,Osmania University,55.09,25.9,93.35,44.69,5.76,Hyderabad,Telangana,48.02,45,2018,,0.0,0.0,0.0,0.0,0.0,0.0,0.0,0.0
IR-1-O-O-U-0056,Tezpur University,66.61,30.54,65.26,47.3,10.82,Tezpur,Assam,48.0,46,2018,,0.0,0.0,0.0,0.0,0.0,0.0,0.0,0.0
IR-1-O-O-U-0260,Kerala University,65.16,19.8,83.76,47.6,7.17,Thiruvananthapuram,Kerala,47.72,47,2018,,0.0,0.0,0.0,0.0,0.0,0.0,0.0,0.0
IR-1-O-O-U-0589,Visva Bharati,63.49,27.44,72.24,53.87,5.03,Kolkata,West Bengal,47.62,48,2018,,0.0,0.0,0.0,0.0,0.0,0.0,0.0,0.0
IR-1-O-O-U-0331,Tata Institute of Social Sciences,68.98,9.77,78.3,71.56,10.18,Mumbai,Maharashtra,47.46,49,2018,,0.0,0.0,0.0,0.0,0.0,0.0,0.0,0.0
IR-2-O-EM-I-1480,Thapar Institute of Engineering and Technology,58.24,34.97,65.36,57.27,3.55,Patiala,Punjab,47.11,50,2018,IR-2-E-EM-I-1480,4885.0,5306.0,270206000.0,848760000.0,1118966000.0,1332.0,4672.0,1412.0
IR-2-O-OE-U-0355,Indian Institute of Technology Bhubaneswar,70.95,28.14,52.36,59.78,8.87,Bhubaneswar,Odisha,47.07,51,2018,IR-2-E-OE-U-0355,982.0,1126.0,314431437.0,495558031.0,809989468.0,757.0,4154.0,540.0
IR-1-O-O-U-0554,G. B. Pant Universtiy of Agriculture and Technology,72.14,15.04,75.45,48.16,5.03,Pantnagar,Uttarakhand,46.56,52,2018,,0.0,0.0,0.0,0.0,0.0,0.0,0.0,0.0
IR-1-O-O-U-0262,Mahatma Gandhi University,64.21,22.89,72.84,51.76,6.82,Kottayam,Kerala,46.56,52,2018,,0.0,0.0,0.0,0.0,0.0,0.0,0.0,0.0
IR-4-O-OEML-U-0476,Shanmugha Arts Science Technology & Research Academy,53.44,34.57,64.43,58.95,11.45,Thanjavur,Tamil Nadu,46.33,54,2018,IR-4-E-OEML-U-0476,6485.0,6655.0,364486104.0,758090455.0,1122576559.0,640.0,2746.0,1619.0
IR-1-O-O-U-0377,Indian Institute of Science Education & Research Mohali,63.32,21.34,63.29,65.05,16.73,Mohali,Punjab,46.24,55,2018,,0.0,0.0,0.0,0.0,0.0,0.0,0.0,0.0
IR-1-O-O-U-0272,Indian Institute of Science Education & Research Bhopal,61.55,26.6,62.83,63.71,7.86,Bhopal,Madhya Pradesh,46.17,56,2018,,0.0,0.0,0.0,0.0,0.0,0.0,0.0,0.0
IR-2-O-OE-U-0237,National Institute of Technology Surathkal,52.66,29.51,68.64,51.71,25.85,Surathkal,Karnataka,46.14,57,2018,IR-2-E-OE-U-0237,2888.0,3797.0,169734000.0,832771000.0,1002505000.0,1180.0,2617.0,1236.0
IR-1-O-O-U-0254,Indian Institute of Science Education & Research Thiruvananthapuram,69.8,20.45,59.51,47.58,22.39,Thiruvananthapuram,Kerala,45.97,58,2018,,0.0,0.0,0.0,0.0,0.0,0.0,0.0,0.0
IR-2-O-OP-U-0222,JSS Academy of Higher Education and Research,69.0,17.24,61.89,68.65,6.47,Mysore,Karnataka,45.76,59,2018,,0.0,0.0,0.0,0.0,0.0,0.0,0.0,0.0
IR-1-O-O-U-0381,Punjab Agricultural University,80.46,19.35,54.02,42.72,5.4,Ludhiana,Punjab,45.56,60,2018,,0.0,0.0,0.0,0.0,0.0,0.0,0.0,0.0
IR-1-O-O-U-0052,Gauhati University,64.91,19.8,74.9,44.44,6.11,Guwahati,Assam,45.44,61,2018,,0.0,0.0,0.0,0.0,0.0,0.0,0.0,0.0
IR-3-O-ODP-I-1486,Sri Ramachandra Medical College and Research Institute,76.9,19.5,51.41,55.1,5.76,Chennai,Tamil Nadu,45.29,62,2018,,0.0,0.0,0.0,0.0,0.0,0.0,0.0,0.0
IR-5-O-OEMDP-U-0473,SRM Institute of Science and Technology,56.87,28.54,64.68,57.57,8.53,Chennai,Tamil Nadu,45.17,63,2018,IR-5-E-OEMDP-U-0473,18332.0,19090.0,483900000.0,2070087900.0,2553987900.0,886.0,2899.0,2217.0
IR-3-O-OEM-C-37013,PSG College of Technology,62.6,16.92,61.14,49.77,38.71,Coimbatore,Tamil Nadu,44.94,64,2018,IR-3-E-OEM-C-37013,3551.0,3963.0,145595000.0,538094000.0,683689000.0,518.0,962.0,915.0
IR-5-O-OEMLD-U-0356,Kalinga Institute of Industrial Technology,57.32,22.53,69.57,65.94,3.55,Bhubaneswar,Odisha,44.81,65,2018,IR-5-E-OEMLD-U-0356,9242.0,9453.0,402418297.0,1289618387.0,1692036684.0,710.0,1168.0,841.0
IR-5-O-OEMAP-U-0202,Birla Institute of Technology,57.73,29.45,61.31,52.43,10.5,Ranchi,Jharkhand,44.71,66,2018,IR-5-E-OEMAP-U-0202,2499.0,2771.0,46190859.0,775340228.0,821531087.0,758.0,1671.0,1129.0
IR-1-O-O-U-0329,Symbiosis International,69.88,12.46,60.9,71.23,6.11,Pune,Maharashtra,44.62,67,2018,,0.0,0.0,0.0,0.0,0.0,0.0,0.0,0.0
IR-4-O-OEMA-U-0474,Sathyabama Institute of Science and Technology,52.38,29.43,65.31,63.14,4.3,Chennai,Tamil Nadu,44.34,68,2018,IR-4-E-OEMA-U-0474,8969.0,9060.0,324819000.0,814198000.0,1139017000.0,879.0,725.0,2413.0
IR-2-O-OE-U-0064,Indian Institute of Technology Patna,67.81,25.42,52.87,49.93,7.17,Patna,Bihar,44.25,69,2018,IR-2-E-OE-U-0064,862.0,1022.0,247712559.0,230201616.0,477914175.0,511.0,1446.0,589.0
IR-2-O-OD-I-1441,Saveetha Institute of Medical and Technical Sciences,65.4,18.67,60.34,63.92,3.17,Chennai,Tamil Nadu,44.0,70,2018,,0.0,0.0,0.0,0.0,0.0,0.0,0.0,0.0
IR-1-O-O-U-0196,University of Kashmir,62.39,20.08,77.61,36.99,0.0,Srinagar,Jammu and Kashmir,43.96,71,2018,,0.0,0.0,0.0,0.0,0.0,0.0,0.0,0.0
IR-1-O-O-U-0642,Shiv Nadar University,69.21,12.55,60.17,71.18,0.0,Chithera,Uttar Pradesh,43.68,72,2018,,0.0,0.0,0.0,0.0,0.0,0.0,0.0,0.0
IR-1-O-E-C-16604,Sri Sivasubramaniya Nadar College of Engineering,62.51,20.31,62.21,52.43,10.82,Kancheepuram,Tamil Nadu,43.6,73,2018,IR-1-E-E-C-16604,2774.0,2912.0,65559261.0,667143416.0,732702677.0,717.0,1007.0,852.0
IR-2-O-OE-U-0037,Sri Venkateswara University,60.43,25.94,61.66,50.03,2.01,Tirupati,Andhra Pradesh,43.44,74,2018,IR-2-E-OE-U-0037,771.0,989.0,7460756.0,140725042.0,148185798.0,502.0,2112.0,657.0
IR-1-O-D-C-45515,PSG Institute of Medical Sciences & Research,82.71,2.12,58.65,50.06,10.5,Coimbatore,Tamil Nadu,43.24,75,2018,,0.0,0.0,0.0,0.0,0.0,0.0,0.0,0.0
IR-1-O-O-U-0159,Chaudhary Charan Singh Haryana Agricultural University,78.3,8.04,65.06,41.03,2.01,Hisar,Haryana,43.21,76,2018,,0.0,0.0,0.0,0.0,0.0,0.0,0.0,0.0
IR-3-O-OML-U-0195,University of Jammu,65.22,18.9,69.46,39.44,1.22,Jammu Tawi,Jammu and Kashmir,43.19,77,2018,,0.0,0.0,0.0,0.0,0.0,0.0,0.0,0.0
IR-2-O-OE-U-0025,National Institute of Technology Warangal,56.18,22.73,67.06,54.72,6.11,Warangal,Telangana,43.16,78,2018,IR-2-E-OE-U-0025,2779.0,3570.0,154568900.0,1113409631.0,1267978531.0,839.0,1926.0,888.0
IR-2-O-OD-I-1110,Dr. D. Y. Patil Vidyapeeth,76.37,8.25,56.74,62.9,1.22,Pune,Maharashtra,43.15,79,2018,,0.0,0.0,0.0,0.0,0.0,0.0,0.0,0.0
IR-6-O-OEMALP-U-0497,Amity University,48.75,30.1,62.95,62.11,5.4,Gautam Budh Nagar,Uttar Pradesh,42.99,80,2018,IR-6-E-OEMALP-U-0497,6916.0,7287.0,45665364.0,1721349852.0,1767015216.0,1271.0,1813.0,1685.0
IR-1-O-O-U-0463,Madurai Kamraj University,61.57,28.03,49.87,45.12,16.18,Madurai,Tamil Nadu,42.98,81,2018,,0.0,0.0,0.0,0.0,0.0,0.0,0.0,0.0
IR-6-O-OEMAPC-N-10,SVKM`s Narsee Monjee Institute of Management Studies,65.29,12.61,63.9,65.69,0.81,Mumbai,Maharashtra,42.8,82,2018,,0.0,0.0,0.0,0.0,0.0,0.0,0.0,0.0
IR-2-O-EM-U-0020,Koneru Lakshmaiah Education Foundation University,65.81,15.23,62.65,59.43,0.0,Vaddeswaram,Andhra Pradesh,42.78,83,2018,IR-2-E-EM-U-0020,14163.0,14593.0,269045388.0,831439051.0,1100484439.0,300.0,302.0,1137.0
IR-1-O-O-U-0225,KLE Academy of Higher Education and Research,74.67,11.37,50.08,66.52,2.79,Belagavi,Karnataka,42.76,84,2018,,0.0,0.0,0.0,0.0,0.0,0.0,0.0,0.0
IR-1-O-O-U-0246,University of Agricultural Sciences,73.71,2.64,70.63,54.04,1.22,Dharwad,Karnataka,42.55,85,2018,,0.0,0.0,0.0,0.0,0.0,0.0,0.0,0.0
IR-1-O-O-U-0376,Guru Nanak Dev University,44.09,31.78,70.3,48.22,7.17,Amritsar,Punjab,42.36,86,2018,,0.0,0.0,0.0,0.0,0.0,0.0,0.0,0.0
IR-3-O-OEM-U-0369,Pondicherry University,46.64,26.49,69.92,49.6,14.76,Puducherry,Pondicherry,42.36,86,2018,,0.0,0.0,0.0,0.0,0.0,0.0,0.0,0.0
IR-1-O-O-U-0341,North Eastern Hill University,64.85,13.43,70.21,43.1,5.03,Shillong,Meghalaya,42.34,88,2018,,0.0,0.0,0.0,0.0,0.0,0.0,0.0,0.0
IR-1-O-D-U-0036,Sri Venkateswara Institute of Medical Sciences,77.09,3.0,64.64,53.34,0.41,Tirupati,Andhra Pradesh,42.33,89,2018,,0.0,0.0,0.0,0.0,0.0,0.0,0.0,0.0
IR-2-O-OE-U-0507,Dayalbagh Educational Institute,64.14,5.05,69.03,61.36,12.38,Agra,Uttar Pradesh,41.95,90,2018,IR-2-E-OE-U-0507,856.0,919.0,10985249.0,68821090.0,79806339.0,141.0,470.0,140.0
IR-4-O-OEMP-U-0389,Banasthali Vidyapith,47.08,14.16,82.05,66.66,4.3,Banasthali,Rajasthan,41.88,91,2018,,0.0,0.0,0.0,0.0,0.0,0.0,0.0,0.0
IR-1-O-O-U-0487,Tamil Nadu Veterinary & Animal Sciences University,74.76,7.95,58.9,47.51,3.93,Chennai,Tamil Nadu,41.73,92,2018,,0.0,0.0,0.0,0.0,0.0,0.0,0.0,0.0
IR-1-O-O-I-1361,Bharati Vidyapeeth,58.92,16.06,61.04,55.26,14.76,Pune,Maharashtra,41.71,93,2018,,0.0,0.0,0.0,0.0,0.0,0.0,0.0,0.0
IR-1-O-O-U-0448,Bharathidasan University,57.01,29.21,48.45,34.45,26.3,Tiruchirappalli,Tamil Nadu,41.63,94,2018,,0.0,0.0,0.0,0.0,0.0,0.0,0.0,0.0
IR-3-O-OEA-C-26794,Thiagarajar College of Engineering,57.09,19.19,61.91,46.95,14.46,Madurai,Tamil Nadu,41.41,95,2018,IR-3-E-OEA-C-26794,2448.0,2653.0,34626000.0,306164284.0,340790284.0,500.0,1568.0,674.0
IR-1-O-E-C-41593,College of Engineering,55.86,17.22,62.43,51.12,12.07,Pune,Maharashtra,40.74,96,2018,IR-1-E-E-C-41593,2755.0,3460.0,194229564.0,678381535.0,872611099.0,514.0,509.0,897.0
IR-1-O-D-C-47762,Mahatma Gandhi Medical College and Research Institute,72.43,5.83,50.15,69.66,2.4,Puducherry,Pondicherry,40.72,97,2018,,0.0,0.0,0.0,0.0,0.0,0.0,0.0,0.0
IR-1-O-O-U-0121,Goa University,59.83,13.77,66.09,51.58,2.01,Goa,Goa,40.66,98,2018,,0.0,0.0,0.0,0.0,0.0,0.0,0.0,0.0
IR-1-O-O-U-0253,Cochin University of Science and Technology,47.72,24.36,62.94,44.19,18.88,Cochin,Kerala,40.53,99,2018,,0.0,0.0,0.0,0.0,0.0,0.0,0.0,0.0
IR-2-O-OE-U-0098,Delhi Technological University,47.77,24.12,62.86,48.83,15.04,New Delhi,Delhi,40.52,100,2018,IR-2-E-OE-U-0098,6174.0,6808.0,84278421.0,666797966.0,751076387.0,862.0,2429.0,998.0
IR-O-U-0456,Indian Institute of Technology Madras,84.56,83.53,87.13,66.08,94.14,Chennai,Tamil Nadu,83.88,1,2019,IR-E-U-0456,466.0,466.0,0.0,0.0,0.0,0.0,0.0,0.0
IR-O-U-0220,Indian Institute of Science,83.16,89.24,78.57,48.47,100.0,Bengaluru,Karnataka,82.28,2,2019,,0.0,0.0,0.0,0.0,0.0,0.0,0.0,0.0
IR-O-I-1074,Indian Institute of Technology Delhi,78.3,82.98,79.14,58.58,86.14,New Delhi,Delhi,78.69,3,2019,IR-E-I-1074,749.0,749.0,0.0,0.0,0.0,0.0,0.0,0.0
IR-O-U-0306,Indian Institute of Technology Bombay,76.95,84.36,82.31,50.68,86.92,Mumbai,Maharashtra,78.62,4,2019,IR-E-U-0306,717.0,717.0,0.0,0.0,0.0,0.0,0.0,0.0
IR-O-U-0573,Indian Institute of Technology Kharagpur,67.36,76.65,86.17,60.63,78.11,Kharagpur,West Bengal,74.31,5,2019,IR-E-U-0573,656.0,656.0,0.0,0.0,0.0,0.0,0.0,0.0
IR-O-I-1075,Indian Institute of Technology Kanpur,71.95,69.61,69.96,50.39,75.68,Kanpur,Uttar Pradesh,69.07,6,2019,IR-E-I-1075,827.0,827.0,0.0,0.0,0.0,0.0,0.0,0.0
IR-O-U-0109,Jawaharlal Nehru University,76.75,41.85,99.87,75.87,55.27,New Delhi,Delhi,68.68,7,2019,,0.0,0.0,0.0,0.0,0.0,0.0,0.0,0.0
IR-O-U-0560,Indian Institute of Technology Roorkee,67.32,65.08,87.14,61.64,43.66,Roorkee,Uttarakhand,67.68,8,2019,IR-E-U-0560,845.0,845.0,0.0,0.0,0.0,0.0,0.0,0.0
IR-O-U-0053,Indian Institute of Technology Guwahati,76.79,56.58,73.87,60.63,46.34,Guwahati,Assam,65.47,9,2019,IR-E-U-0053,660.0,660.0,0.0,0.0,0.0,0.0,0.0,0.0
IR-O-U-0500,Banaras Hindu University,69.72,46.48,96.37,57.01,47.28,Varanasi,Uttar Pradesh,64.55,10,2019,,0.0,0.0,0.0,0.0,0.0,0.0,0.0,0.0
IR-O-U-0042,University of Hyderabad,74.81,43.78,83.64,58.77,36.71,Hyderabad,Telangana,61.85,11,2019,,0.0,0.0,0.0,0.0,0.0,0.0,0.0,0.0
IR-O-U-0570,Calcutta University,62.26,47.1,91.54,60.14,37.39,Kolkata,West Bengal,60.87,12,2019,,0.0,0.0,0.0,0.0,0.0,0.0,0.0,0.0
IR-O-U-0575,Jadavpur University,54.4,54.89,90.28,44.95,51.83,Kolkata,West Bengal,60.53,13,2019,IR-E-U-0575,1079.0,1079.0,0.0,0.0,0.0,0.0,0.0,0.0
IR-O-U-0439,Anna University,56.39,54.1,78.07,53.16,62.72,Chennai,Tamil Nadu,60.35,14,2019,IR-E-U-0439,2740.0,2740.0,0.0,0.0,0.0,0.0,0.0,0.0
IR-O-U-0436,Amrita Vishwa Vidyapeetham,73.03,43.77,70.28,70.23,31.01,Coimbatore,Tamil Nadu,59.22,15,2019,,0.0,0.0,0.0,0.0,0.0,0.0,0.0,0.0
IR-O-U-0234,Manipal Academy of Higher Education,77.91,38.31,69.71,66.78,30.21,Manipal,Karnataka,58.5,16,2019,,0.0,0.0,0.0,0.0,0.0,0.0,0.0,0.0
IR-O-U-0323,Savitribai Phule Pune University,69.26,44.42,86.04,54.34,16.55,Pune,Maharashtra,58.4,17,2019,,0.0,0.0,0.0,0.0,0.0,0.0,0.0,0.0
IR-O-U-0496,Aligarh Muslim University,76.69,35.38,85.67,57.56,18.46,Aligarh,Uttar Pradesh,58.36,18,2019,IR-E-U-0496,385.0,385.0,0.0,0.0,0.0,0.0,0.0,0.0
IR-O-U-0108,Jamia Millia Islamia,73.74,32.04,88.53,71.97,14.26,New Delhi,Delhi,58.07,19,2019,IR-E-U-0108,350.0,350.0,0.0,0.0,0.0,0.0,0.0,0.0
IR-O-U-0120,University of Delhi,47.87,53.79,87.18,55.4,41.11,Delhi,Delhi,57.59,20,2019,,0.0,0.0,0.0,0.0,0.0,0.0,0.0,0.0
IR-O-U-0447,Bharathiar University,66.93,45.04,76.53,52.11,31.2,Coimbatore,Tamil Nadu,57.23,21,2019,,0.0,0.0,0.0,0.0,0.0,0.0,0.0,0.0
IR-O-U-0013,Indian Institute of Technology Hyderabad,70.91,40.82,67.47,58.77,40.33,Hyderabad,Telangana,56.92,22,2019,IR-E-U-0013,240.0,240.0,0.0,0.0,0.0,0.0,0.0,0.0
IR-O-U-0305,Indian Institute of Science Education & Research Pune,70.53,42.05,57.13,60.11,32.75,Pune,Maharashtra,54.48,23,2019,,0.0,0.0,0.0,0.0,0.0,0.0,0.0,0.0
IR-O-U-0467,National Institute of Technology Tiruchirappalli,61.25,34.72,70.89,62.89,50.61,Tiruchirappalli,Tamil Nadu,54.32,24,2019,IR-E-U-0467,884.0,884.0,0.0,0.0,0.0,0.0,0.0,0.0
IR-O-U-0205,Indian Institute of Technology (Indian School of Mines) Dhanbad,54.72,50.98,76.0,39.42,25.54,Dhanbad,Jharkhand,53.4,25,2019,IR-E-U-0205,824.0,824.0,0.0,0.0,0.0,0.0,0.0,0.0
IR-O-S-8972,Indian Institute of Management Calcutta,78.8,17.12,62.55,67.62,46.34,Kolkata,West Bengal,52.68,26,2019,,0.0,0.0,0.0,0.0,0.0,0.0,0.0,0.0
IR-O-U-0308,Institute of Chemical Technology,54.67,48.4,72.61,51.49,20.28,Mumbai,Maharashtra,52.62,27,2019,IR-E-U-0308,211.0,211.0,0.0,0.0,0.0,0.0,0.0,0.0
IR-O-U-0701,Indian Institute of Technology (Banaras Hindu University) Varanasi,62.09,39.44,68.32,54.48,29.2,Varanasi,Uttar Pradesh,52.49,28,2019,IR-E-U-0701,815.0,815.0,0.0,0.0,0.0,0.0,0.0,0.0
IR-O-U-0006,Andhra University,69.36,23.16,86.61,55.73,14.55,Visakhapatnam,Andhra Pradesh,52.11,29,2019,,0.0,0.0,0.0,0.0,0.0,0.0,0.0,0.0
IR-O-U-0304,Homi Bhabha National Institute,83.26,25.24,71.18,47.29,4.33,Mumbai,Maharashtra,51.95,30,2019,,0.0,0.0,0.0,0.0,0.0,0.0,0.0,0.0
IR-O-U-0107,Jamia Hamdard,69.64,29.92,74.12,63.52,6.86,New Delhi,Delhi,51.73,31,2019,,0.0,0.0,0.0,0.0,0.0,0.0,0.0,0.0
IR-O-U-0490,Vellore Institute of Technology,48.7,47.63,66.55,57.02,35.31,Vellore,Tamil Nadu,51.44,32,2019,IR-E-U-0490,6283.0,6283.0,0.0,0.0,0.0,0.0,0.0,0.0
IR-O-I-1357,University of Madras,64.29,33.28,68.26,54.18,30.01,Chennai,Tamil Nadu,51.34,33,2019,,0.0,0.0,0.0,0.0,0.0,0.0,0.0,0.0
IR-O-U-0078,Panjab University,51.02,44.82,72.5,52.89,27.09,Chandigarh,Chandigarh,51.25,34,2019,IR-E-U-0078,836.0,836.0,0.0,0.0,0.0,0.0,0.0,0.0
IR-O-U-0260,Kerala University,74.8,18.84,85.7,51.2,8.59,Thiruvananthapuram,Kerala,51.21,35,2019,,0.0,0.0,0.0,0.0,0.0,0.0,0.0,0.0
IR-O-U-0584,Indian Institute of Engineering Science and Technology,62.98,36.74,66.47,47.19,30.41,Shibpur,West Bengal,50.96,36,2019,IR-E-U-0584,0.0,0.0,0.0,0.0,0.0,0.0,0.0,0.0
IR-O-U-0272,Indian Institute of Science Education & Research Bhopal,68.8,31.49,65.92,68.21,7.91,Bhopal,Madhya Pradesh,50.88,37,2019,,0.0,0.0,0.0,0.0,0.0,0.0,0.0,0.0
IR-O-U-0357,National Institute of Technology Rourkela,54.23,45.65,68.68,45.97,24.4,Rourkela,Odisha,50.75,38,2019,IR-E-U-0357,610.0,610.0,0.0,0.0,0.0,0.0,0.0,0.0
IR-O-U-0391,Birla Institute of Technology & Science,56.68,34.14,73.06,52.26,34.41,Pilani,Rajasthan,50.53,39,2019,IR-E-U-0391,2014.0,2014.0,0.0,0.0,0.0,0.0,0.0,0.0
IR-O-U-0572,Indian Institute of Science Education & Research Kolkata,69.99,41.21,45.09,55.69,24.86,Mohanpur,West Bengal,50.44,40,2019,,0.0,0.0,0.0,0.0,0.0,0.0,0.0,0.0
IR-O-U-0363,Siksha `O` Anusandhan,72.96,21.17,69.84,61.04,20.02,Bhubaneswar,Odisha,50.31,41,2019,IR-E-U-0363,1980.0,1980.0,0.0,0.0,0.0,0.0,0.0,0.0
IR-O-U-0523,King George`s Medical University,79.82,25.85,61.38,53.38,5.8,Lucknow,Uttar Pradesh,49.91,42,2019,,0.0,0.0,0.0,0.0,0.0,0.0,0.0,0.0
IR-O-U-0027,Osmania University,58.2,24.95,92.09,55.68,9.26,Hyderabad,Telangana,49.86,43,2019,,0.0,0.0,0.0,0.0,0.0,0.0,0.0,0.0
IR-O-U-0184,Indian Institute of Technology Mandi,67.62,28.36,64.56,65.68,11.2,Mandi,Himachal Pradesh,49.4,44,2019,IR-E-U-0184,150.0,150.0,0.0,0.0,0.0,0.0,0.0,0.0
IR-O-I-1480,Thapar Institute of Engineering and Technology (Deemed-to-be-university),62.13,36.3,65.31,56.58,10.24,Patiala,Punjab,49.27,45,2019,IR-E-I-1480,1480.0,1480.0,0.0,0.0,0.0,0.0,0.0,0.0
IR-O-U-0355,Indian Institute of Technology Bhubaneswar,64.64,32.91,55.57,57.61,25.99,Bhubaneswar,Odisha,48.73,46,2019,IR-E-U-0355,220.0,220.0,0.0,0.0,0.0,0.0,0.0,0.0
IR-O-U-0435,Alagappa University,66.72,22.18,71.17,49.75,26.65,Karaikudi,Tamil Nadu,48.54,47,2019,,0.0,0.0,0.0,0.0,0.0,0.0,0.0,0.0
IR-O-U-0056,Tezpur University,66.92,30.1,63.47,50.99,15.71,Tezpur,Assam,48.47,48,2019,,0.0,0.0,0.0,0.0,0.0,0.0,0.0,0.0
IR-O-U-0262,Mahatma Gandhi University,66.49,26.97,72.39,51.98,3.58,Kottayam,Kerala,48.08,49,2019,,0.0,0.0,0.0,0.0,0.0,0.0,0.0,0.0
IR-O-U-0356,Kalinga Institute of Industrial Technology,66.01,18.1,71.7,69.38,14.55,Bhubaneswar,Odisha,47.97,50,2019,IR-E-U-0356,3450.0,3450.0,0.0,0.0,0.0,0.0,0.0,0.0
IR-O-U-0139,Indian Institute of Technology Gandhinagar,61.95,31.43,56.23,61.6,24.17,Gandhinagar,Gujarat,47.85,51,2019,IR-E-U-0139,180.0,180.0,0.0,0.0,0.0,0.0,0.0,0.0
IR-O-U-0473,SRM Institute of Science and Technology,56.67,26.51,78.07,58.09,14.26,Chennai,Tamil Nadu,47.8,52,2019,IR-E-U-0473,5220.0,5220.0,0.0,0.0,0.0,0.0,0.0,0.0
IR-O-U-0237,National Institute of Technology Karnataka,51.32,32.27,71.35,50.89,29.4,Surathkal,Karnataka,47.37,53,2019,IR-E-U-0237,868.0,868.0,0.0,0.0,0.0,0.0,0.0,0.0
IR-O-I-1486,Sri Ramachandra Institute of Higher Education and Research,73.84,16.57,70.49,55.04,6.15,Chennai,Tamil Nadu,47.34,54,2019,,0.0,0.0,0.0,0.0,0.0,0.0,0.0,0.0
IR-O-U-0222,JSS Academy of Higher Education and Research,70.32,15.74,65.48,70.26,10.24,Mysore,Karnataka,46.97,55,2019,,0.0,0.0,0.0,0.0,0.0,0.0,0.0,0.0
IR-O-U-0331,Tata Institute of Social Sciences,65.17,9.97,79.76,71.16,12.14,Mumbai,Maharashtra,46.82,56,2019,,0.0,0.0,0.0,0.0,0.0,0.0,0.0,0.0
IR-O-U-0446,Bharath Institute of Higher Education & Research,68.09,17.76,64.96,72.53,3.19,Chennai,Tamil Nadu,46.32,57,2019,,0.0,0.0,0.0,0.0,0.0,0.0,0.0,0.0
IR-O-U-0064,Indian Institute of Technology Patna,66.93,29.8,54.37,51.43,12.45,Patna,Bihar,46.28,58,2019,IR-E-U-0064,200.0,200.0,0.0,0.0,0.0,0.0,0.0,0.0
IR-O-U-0589,Visva Bharati,60.65,26.07,74.79,41.39,11.52,Santiniketan,West Bengal,46.27,59,2019,,0.0,0.0,0.0,0.0,0.0,0.0,0.0,0.0
IR-O-U-0554,G. B. Pant Universtiy of Agriculture and Technology,71.58,15.49,75.65,43.02,5.44,Pantnagar,Uttarakhand,46.09,60,2019,IR-E-U-0554,350.0,350.0,0.0,0.0,0.0,0.0,0.0,0.0
IR-O-U-0025,National Institute of Technology Warangal,57.88,24.71,67.97,57.45,19.51,Warangal,Telangana,46.06,61,2019,IR-E-U-0025,800.0,800.0,0.0,0.0,0.0,0.0,0.0,0.0
IR-O-U-0341,North Eastern Hill University,67.86,14.53,75.72,54.75,6.51,Shillong,Meghalaya,45.99,62,2019,,0.0,0.0,0.0,0.0,0.0,0.0,0.0,0.0
IR-O-U-0476,Shanmugha Arts Science Technology & Research Academy,55.55,32.38,65.16,57.13,6.86,Thanjavur,Tamil Nadu,45.8,63,2019,IR-E-U-0476,2160.0,2160.0,0.0,0.0,0.0,0.0,0.0,0.0
IR-O-U-0474,Sathyabama Institute of Science and Technology,59.17,27.15,65.86,62.79,2.41,Chennai,Tamil Nadu,45.58,64,2019,IR-E-U-0474,3168.0,3168.0,0.0,0.0,0.0,0.0,0.0,0.0
IR-O-U-0052,Gauhati University,66.09,18.08,74.7,44.24,9.59,Guwahati,Assam,45.57,65,2019,,0.0,0.0,0.0,0.0,0.0,0.0,0.0,0.0
IR-O-U-0377,Indian Institute of Science Education & Research Mohali,66.43,25.27,45.39,70.98,17.38,Mohali,Punjab,45.43,66,2019,,0.0,0.0,0.0,0.0,0.0,0.0,0.0,0.0
IR-O-I-1441,Saveetha Institute of Medical and Technical Sciences,69.98,17.64,62.16,67.15,0.0,Chennai,Tamil Nadu,45.42,67,2019,IR-E-I-1441,1320.0,1320.0,0.0,0.0,0.0,0.0,0.0,0.0
IR-O-U-0485,Tamil Nadu Agricultural University,74.72,11.58,69.31,45.1,11.52,Coimbatore,Tamil Nadu,45.41,68,2019,,0.0,0.0,0.0,0.0,0.0,0.0,0.0,0.0
IR-O-U-0463,Madurai Kamraj University,63.94,28.11,57.1,41.36,20.28,Madurai,Tamil Nadu,45.2,69,2019,,0.0,0.0,0.0,0.0,0.0,0.0,0.0,0.0
IR-O-I-1110,Dr. D. Y. Patil Vidyapeeth,77.38,7.61,62.46,63.71,7.56,Pune,Maharashtra,45.11,70,2019,,0.0,0.0,0.0,0.0,0.0,0.0,0.0,0.0
IR-O-U-0098,Delhi Technological University,55.99,24.33,66.89,54.61,19.51,New Delhi,Delhi,44.89,71,2019,IR-E-U-0098,1862.0,1862.0,0.0,0.0,0.0,0.0,0.0,0.0
IR-O-U-0037,Sri Venkateswara University,62.46,23.6,69.63,44.79,6.51,Tirupati,Andhra Pradesh,44.88,72,2019,IR-E-U-0037,398.0,398.0,0.0,0.0,0.0,0.0,0.0,0.0
IR-O-U-0369,Pondicherry University,47.92,26.63,73.31,59.3,19.25,Puducherry,Pondicherry,44.88,72,2019,,0.0,0.0,0.0,0.0,0.0,0.0,0.0,0.0
IR-O-U-0020,Koneru Lakshmaiah Education Foundation University (K L College of Engineering),67.17,19.07,63.8,57.15,3.58,Vaddeswaram,Andhra Pradesh,44.7,74,2019,IR-E-U-0020,3740.0,3740.0,0.0,0.0,0.0,0.0,0.0,0.0
IR-O-U-0381,Punjab Agricultural University,76.97,19.74,56.22,40.93,3.19,Ludhiana,Punjab,44.66,75,2019,,0.0,0.0,0.0,0.0,0.0,0.0,0.0,0.0
IR-O-C-37013,PSG College of Technology,63.69,12.61,61.03,49.95,43.66,Coimbatore,Tamil Nadu,44.46,76,2019,IR-E-C-37013,1140.0,1140.0,0.0,0.0,0.0,0.0,0.0,0.0
IR-O-U-0642,Shiv Nadar University,69.46,14.05,61.53,64.61,6.15,Dadri,Uttar Pradesh,44.45,77,2019,,0.0,0.0,0.0,0.0,0.0,0.0,0.0,0.0
IR-O-C-16604,Sri Sivasubramaniya Nadar College of Engineering,62.4,22.97,63.44,52.92,7.56,Kancheepuram,Tamil Nadu,44.35,78,2019,IR-E-C-16604,819.0,819.0,0.0,0.0,0.0,0.0,0.0,0.0
IR-O-U-0196,University of Kashmir,59.82,18.33,79.2,47.36,1.63,Srinagar,Jammu and Kashmir,44.19,79,2019,,0.0,0.0,0.0,0.0,0.0,0.0,0.0,0.0
IR-O-U-0235,Mysore University,57.3,18.15,78.43,52.67,4.7,Mysore,Karnataka,44.06,80,2019,,0.0,0.0,0.0,0.0,0.0,0.0,0.0,0.0
IR-O-U-0376,Guru Nanak Dev University,46.51,29.38,74.72,54.02,5.8,Amritsar,Punjab,43.69,81,2019,,0.0,0.0,0.0,0.0,0.0,0.0,0.0,0.0
IR-O-U-0329,Symbiosis International,70.01,9.43,61.03,72.88,3.19,Pune,Maharashtra,43.65,82,2019,,0.0,0.0,0.0,0.0,0.0,0.0,0.0,0.0
IR-O-N-10,SVKM`s Narsee Monjee Institute of Management Studies,68.83,11.68,64.22,65.21,1.22,Mumbai,Maharashtra,43.63,83,2019,IR-E-N-10,420.0,420.0,0.0,0.0,0.0,0.0,0.0,0.0
IR-O-U-0497,Amity University,50.11,28.3,65.48,61.94,7.22,Gautam Budh Nagar,Uttar Pradesh,43.53,84,2019,IR-E-U-0497,2430.0,2430.0,0.0,0.0,0.0,0.0,0.0,0.0
IR-O-U-0202,Birla Institute of Technology,54.72,29.47,56.97,44.88,23.47,Ranchi,Jharkhand,43.49,85,2019,IR-E-U-0202,750.0,750.0,0.0,0.0,0.0,0.0,0.0,0.0
IR-O-U-0448,Bharathidasan University,60.74,29.05,48.92,42.77,24.17,Tiruchirappalli,Tamil Nadu,43.41,86,2019,,0.0,0.0,0.0,0.0,0.0,0.0,0.0,0.0
IR-O-U-0389,Banasthali Vidyapith,50.4,11.67,84.87,72.01,4.33,Banasthali,Rajasthan,43.22,87,2019,,0.0,0.0,0.0,0.0,0.0,0.0,0.0,0.0
IR-O-I-1361,Bharati Vidyapeeth,63.91,11.42,64.49,60.23,13.66,Pune,Maharashtra,42.89,88,2019,,0.0,0.0,0.0,0.0,0.0,0.0,0.0,0.0
IR-O-U-0159,Chaudhary Charan Singh Haryana Agricultural University,76.87,6.91,56.41,57.5,2.02,Hisar,Haryana,42.36,89,2019,,0.0,0.0,0.0,0.0,0.0,0.0,0.0,0.0
IR-O-U-0251,Calicut University,56.32,16.46,71.53,53.45,7.22,Malappuram,Kerala,42.22,90,2019,,0.0,0.0,0.0,0.0,0.0,0.0,0.0,0.0
IR-O-C-41593,College of Engineering,56.36,20.52,61.36,52.28,15.42,Pune,Maharashtra,42.11,91,2019,IR-E-C-41593,756.0,756.0,0.0,0.0,0.0,0.0,0.0,0.0
IR-O-U-0295,Datta Meghe Institute of Medical Sciences,75.46,3.16,60.57,59.48,0.82,Wardha,Maharashtra,41.73,92,2019,,0.0,0.0,0.0,0.0,0.0,0.0,0.0,0.0
IR-O-U-0577,National Institute of Technology Durgapur,47.06,28.96,64.01,47.7,12.14,Durgapur,West Bengal,41.59,93,2019,IR-E-U-0577,802.0,802.0,0.0,0.0,0.0,0.0,0.0,0.0
IR-O-U-0253,Cochin University of Science and Technology,47.22,26.88,64.8,47.56,14.84,Cochin,Kerala,41.42,94,2019,,0.0,0.0,0.0,0.0,0.0,0.0,0.0,0.0
IR-O-U-0099,Guru Gobind Singh Indraprastha University,56.39,18.96,64.62,53.19,3.58,New Delhi,Delhi,41.21,95,2019,IR-E-U-0099,180.0,180.0,0.0,0.0,0.0,0.0,0.0,0.0
IR-O-U-0123,Anand Agricultural University,69.48,12.25,59.12,41.45,7.22,Anand,Gujarat,41.2,96,2019,,0.0,0.0,0.0,0.0,0.0,0.0,0.0,0.0
IR-O-U-0470,Periyar University,52.3,20.74,59.13,53.26,19.25,Salem,Tamil Nadu,40.99,97,2019,,0.0,0.0,0.0,0.0,0.0,0.0,0.0,0.0
IR-O-U-0225,KLE Academy of Higher Education and Research,71.23,8.73,49.52,66.05,4.33,Belagavi,Karnataka,40.92,98,2019,,0.0,0.0,0.0,0.0,0.0,0.0,0.0,0.0
IR-O-U-0239,NITTE,70.38,9.31,48.61,66.11,6.51,Mangaluru,Karnataka,40.88,99,2019,,0.0,0.0,0.0,0.0,0.0,0.0,0.0,0.0
IR-O-U-0487,Tamil Nadu Veterinary & Animal Sciences University,70.98,8.01,62.85,44.12,2.02,Chennai,Tamil Nadu,40.88,100,2019,IR-E-U-0487,60.0,60.0,0.0,0.0,0.0,0.0,0.0,0.0
IR-O-U-0456,Indian Institute of Technology Madras,85.61,92.51,86.32,63.57,97.13,Chennai,Tamil Nadu,86.76,1,2020,IR-E-U-0456,466.0,466.0,0.0,0.0,0.0,0.0,0.0,0.0
IR-O-U-0220,Indian Institute of Science,79.13,91.48,78.23,58.39,100.0,Bengaluru,Karnataka,82.67,2,2020,,0.0,0.0,0.0,0.0,0.0,0.0,0.0,0.0
IR-O-U-0306,Indian Institute of Technology Bombay,83.52,87.81,80.86,57.48,91.96,Mumbai,Maharashtra,82.52,3,2020,IR-E-U-0306,729.0,729.0,0.0,0.0,0.0,0.0,0.0,0.0
IR-O-I-1074,Indian Institute of Technology Delhi,84.02,84.46,75.07,67.97,93.89,New Delhi,Delhi,81.75,4,2020,IR-E-I-1074,749.0,749.0,0.0,0.0,0.0,0.0,0.0,0.0
IR-O-I-1075,Indian Institute of Technology Kanpur,80.5,75.23,80.74,56.97,79.3,Kanpur,Uttar Pradesh,76.5,5,2020,IR-E-I-1075,827.0,827.0,0.0,0.0,0.0,0.0,0.0,0.0
IR-O-U-0573,Indian Institute of Technology Kharagpur,74.25,76.23,83.23,55.35,82.92,Kharagpur,West Bengal,75.62,6,2020,IR-E-U-0573,656.0,656.0,0.0,0.0,0.0,0.0,0.0,0.0
IR-O-U-0560,Indian Institute of Technology Roorkee,76.68,68.37,83.16,65.31,47.28,Roorkee,Uttarakhand,71.4,7,2020,IR-E-U-0560,815.0,815.0,0.0,0.0,0.0,0.0,0.0,0.0
IR-O-U-0053,Indian Institute of Technology Guwahati,73.75,66.25,81.26,62.95,47.04,Guwahati,Assam,69.26,8,2020,IR-E-U-0053,690.0,690.0,0.0,0.0,0.0,0.0,0.0,0.0
IR-O-U-0109,Jawaharlal Nehru University,71.19,44.96,95.07,73.36,54.12,New Delhi,Delhi,66.61,9,2020,,0.0,0.0,0.0,0.0,0.0,0.0,0.0,0.0
IR-O-U-0500,Banaras Hindu University,64.5,45.0,100.0,53.13,49.38,Varanasi,Uttar Pradesh,63.1,10,2020,,0.0,0.0,0.0,0.0,0.0,0.0,0.0,0.0
IR-O-U-0570,Calcutta University,66.2,43.92,91.72,60.98,39.68,Kolkata,West Bengal,61.45,11,2020,,0.0,0.0,0.0,0.0,0.0,0.0,0.0,0.0
IR-O-U-0436,Amrita Vishwa Vidyapeetham,64.23,54.33,71.35,65.54,34.8,Coimbatore,Tamil Nadu,59.87,12,2020,IR-E-U-0436,2100.0,2100.0,0.0,0.0,0.0,0.0,0.0,0.0
IR-O-U-0108,Jamia Millia Islamia,66.44,43.43,86.67,72.35,20.25,New Delhi,Delhi,59.54,13,2020,IR-E-U-0108,350.0,350.0,0.0,0.0,0.0,0.0,0.0,0.0
IR-O-U-0575,Jadavpur University,51.7,51.72,87.77,50.16,53.3,Kolkata,West Bengal,58.93,14,2020,IR-E-U-0575,1143.0,1143.0,0.0,0.0,0.0,0.0,0.0,0.0
IR-O-U-0234,Manipal Academy of Higher Education,67.68,48.17,76.05,65.25,24.18,Manipal,Karnataka,58.91,15,2020,,0.0,0.0,0.0,0.0,0.0,0.0,0.0,0.0
IR-O-U-0013,Indian Institute of Technology Hyderabad,61.4,52.64,67.51,58.59,49.61,Hyderabad,Telangana,58.53,16,2020,IR-E-U-0013,285.0,285.0,0.0,0.0,0.0,0.0,0.0,0.0
IR-O-U-0042,University of Hyderabad,69.59,40.74,77.44,58.72,32.13,Hyderabad,Telangana,57.67,17,2020,,0.0,0.0,0.0,0.0,0.0,0.0,0.0,0.0
IR-O-U-0496,Aligarh Muslim University,69.06,40.86,80.06,56.93,27.0,Aligarh,Uttar Pradesh,57.38,18,2020,IR-E-U-0496,385.0,385.0,0.0,0.0,0.0,0.0,0.0,0.0
IR-O-U-0120,University of Delhi,42.65,54.23,82.66,59.6,44.81,Delhi,Delhi,56.03,19,2020,,0.0,0.0,0.0,0.0,0.0,0.0,0.0,0.0
IR-O-U-0323,Savitribai Phule Pune University,62.95,42.77,86.96,50.92,16.41,Pune,Maharashtra,55.83,20,2020,,0.0,0.0,0.0,0.0,0.0,0.0,0.0,0.0
IR-O-U-0490,Vellore Institute of Technology,48.43,56.83,69.94,59.38,38.8,Vellore,Tamil Nadu,55.39,21,2020,IR-E-U-0490,6883.0,6883.0,0.0,0.0,0.0,0.0,0.0,0.0
IR-O-U-0447,Bharathiar University,61.79,47.45,74.17,53.21,24.6,Coimbatore,Tamil Nadu,55.38,22,2020,,0.0,0.0,0.0,0.0,0.0,0.0,0.0,0.0
IR-O-U-0467,National Institute of Technology Tiruchirappalli,52.39,44.58,71.79,63.34,51.82,Tiruchirappalli,Tamil Nadu,54.97,23,2020,IR-E-U-0467,884.0,884.0,0.0,0.0,0.0,0.0,0.0,0.0
IR-O-U-0305,Indian Institute of Science Education & Research Pune,67.24,45.58,59.31,58.75,28.91,Pune,Maharashtra,54.47,24,2020,,0.0,0.0,0.0,0.0,0.0,0.0,0.0,0.0
IR-O-U-0439,Anna University,51.91,43.09,73.11,51.35,61.72,Chennai,Tamil Nadu,54.42,25,2020,IR-E-U-0439,2740.0,2740.0,0.0,0.0,0.0,0.0,0.0,0.0
IR-O-U-0205,Indian Institute of Technology (Indian School of Mines),48.18,56.64,71.16,55.15,27.0,Dhanbad,Jharkhand,53.88,26,2020,IR-E-U-0205,824.0,824.0,0.0,0.0,0.0,0.0,0.0,0.0
IR-O-U-0308,Institute of Chemical Technology,50.05,55.82,75.96,46.07,22.04,Mumbai,Maharashtra,53.76,27,2020,IR-E-U-0308,211.0,211.0,0.0,0.0,0.0,0.0,0.0,0.0
IR-O-U-0701,Indian Institute of Technology (Banaras Hindu University) Varanasi,55.87,47.41,69.88,56.69,31.08,Varanasi,Uttar Pradesh,53.74,28,2020,,0.0,0.0,0.0,0.0,0.0,0.0,0.0,0.0
IR-O-U-0391,Birla Institute of Technology & Science -Pilani,55.81,43.13,72.05,59.5,32.81,Pilani,Rajasthan,53.32,29,2020,,0.0,0.0,0.0,0.0,0.0,0.0,0.0,0.0
IR-O-U-0273,Indian Institute of Technology Indore,57.51,49.25,69.71,56.59,15.91,Indore,Madhya Pradesh,53.22,30,2020,IR-E-U-0273,260.0,260.0,0.0,0.0,0.0,0.0,0.0,0.0
IR-O-U-0378,Indian Institute of Technology Ropar,72.76,32.92,62.05,63.88,23.76,Rupnagar,Punjab,52.89,31,2020,IR-E-U-0378,260.0,260.0,0.0,0.0,0.0,0.0,0.0,0.0
IR-O-U-0237,National Institute of Technology Karnataka,53.81,41.74,73.32,65.58,30.01,Surathkal,Karnataka,52.88,32,2020,IR-E-U-0237,868.0,868.0,0.0,0.0,0.0,0.0,0.0,0.0
IR-O-U-0139,Indian Institute of Technology Gandhinagar,71.26,37.15,57.21,64.21,23.76,Gandhinagar,Gujarat,52.77,33,2020,IR-E-U-0139,180.0,180.0,0.0,0.0,0.0,0.0,0.0,0.0
IR-O-U-0235,Mysore University,68.77,18.79,90.54,54.24,6.85,Mysuru,Karnataka,50.49,34,2020,,0.0,0.0,0.0,0.0,0.0,0.0,0.0,0.0
IR-O-U-0572,Indian Institute of Science Education & Research Kolkata,59.67,38.82,66.26,53.53,23.34,Mohanpur,West Bengal,50.48,35,2020,,0.0,0.0,0.0,0.0,0.0,0.0,0.0,0.0
IR-O-U-0304,Homi Bhabha National Institute,68.64,36.45,65.98,50.79,6.22,Mumbai,Maharashtra,50.42,36,2020,,0.0,0.0,0.0,0.0,0.0,0.0,0.0,0.0
IR-O-U-0363,Siksha `O` Anusandhan,63.89,29.92,71.34,65.89,13.28,Bhubaneswar,Odisha,50.34,37,2020,IR-E-U-0363,1260.0,1260.0,0.0,0.0,0.0,0.0,0.0,0.0
IR-O-U-0078,Panjab University,48.88,40.86,71.57,53.49,37.31,Chandigarh,Chandigarh,50.31,38,2020,IR-E-U-0078,836.0,836.0,0.0,0.0,0.0,0.0,0.0,0.0
IR-O-U-0356,Kalinga Institute of Industrial Technology,62.4,27.78,70.0,78.43,11.06,Bhubaneswar,Odisha,50.0,39,2020,IR-E-U-0356,3450.0,3450.0,0.0,0.0,0.0,0.0,0.0,0.0
IR-O-U-0377,"Indian Institute of Science Education & Research, Mohali",62.43,31.86,59.58,71.65,22.04,Mohali,Punjab,49.58,40,2020,,0.0,0.0,0.0,0.0,0.0,0.0,0.0,0.0
IR-O-U-0357,National Institute of Technology Rourkela,49.19,48.29,65.32,51.66,17.89,Rourkela,Odisha,49.27,41,2020,IR-E-U-0357,710.0,710.0,0.0,0.0,0.0,0.0,0.0,0.0
IR-O-U-0476,Shanmugha Arts Science Technology & Research Academy,58.58,38.28,66.3,57.78,10.48,Thanjavur,Tamil Nadu,49.15,42,2020,IR-E-U-0476,1860.0,1860.0,0.0,0.0,0.0,0.0,0.0,0.0
IR-O-U-0260,Kerala University,64.77,19.93,89.11,51.53,4.91,Thiruvananthapuram,Kerala,48.87,43,2020,,0.0,0.0,0.0,0.0,0.0,0.0,0.0,0.0
IR-O-U-0497,Amity University,48.98,43.27,67.55,64.66,12.18,Gautam Budh Nagar,Uttar Pradesh,48.87,43,2020,,0.0,0.0,0.0,0.0,0.0,0.0,0.0,0.0
IR-O-I-1480,Thapar Institute of Engineering and Technology,50.44,42.26,67.3,56.35,19.32,Patiala,Punjab,48.83,45,2020,IR-E-I-1480,1625.0,1625.0,0.0,0.0,0.0,0.0,0.0,0.0
IR-O-U-0584,Indian Institute of Engineering Science and Technology,51.58,38.99,68.65,50.22,27.77,Shibpur,West Bengal,48.7,46,2020,IR-E-U-0584,566.0,566.0,0.0,0.0,0.0,0.0,0.0,0.0
IR-O-I-1357,University of Madras,61.35,31.82,66.43,53.88,20.25,Chennai,Tamil Nadu,48.66,47,2020,,0.0,0.0,0.0,0.0,0.0,0.0,0.0,0.0
IR-O-U-0006,"Andhra University, Visakhapatnam",55.04,25.59,85.84,54.46,18.37,Visakhapatnam,Andhra Pradesh,48.65,48,2020,,0.0,0.0,0.0,0.0,0.0,0.0,0.0,0.0
IR-O-I-1441,Saveetha Institute of Medical and Technical Sciences,61.78,34.28,64.91,65.99,2.18,Chennai,Tamil Nadu,48.63,49,2020,IR-E-I-1441,1320.0,1320.0,0.0,0.0,0.0,0.0,0.0,0.0
IR-O-U-0272,Indian Institute of Science Education & Research Bhopal,63.78,30.9,63.49,66.63,8.1,Bhopal,Madhya Pradesh,48.57,50,2020,,0.0,0.0,0.0,0.0,0.0,0.0,0.0,0.0
IR-O-U-0064,Indian Institute of Technology Patna,60.04,37.02,57.6,53.94,16.41,Patna,Bihar,47.67,51,2020,IR-E-U-0064,225.0,225.0,0.0,0.0,0.0,0.0,0.0,0.0
IR-O-U-0262,Mahatma Gandhi University,59.27,34.73,68.77,52.55,4.24,Kottayam,Kerala,47.62,52,2020,,0.0,0.0,0.0,0.0,0.0,0.0,0.0,0.0
IR-O-U-0473,S.R.M. Institute of Science and Technology,49.93,39.07,68.47,58.6,10.48,Chennai,Tamil Nadu,47.3,53,2020,,0.0,0.0,0.0,0.0,0.0,0.0,0.0,0.0
IR-O-U-0098,Delhi Technological University,54.52,29.82,65.95,59.25,25.82,New Delhi,Delhi,46.98,54,2020,IR-E-U-0098,2210.0,2210.0,0.0,0.0,0.0,0.0,0.0,0.0
IR-O-U-0334,Visvesvaraya National Institute of Technology,49.85,37.31,68.93,55.11,15.39,Nagpur,Maharashtra,46.98,54,2020,IR-E-U-0334,746.0,746.0,0.0,0.0,0.0,0.0,0.0,0.0
IR-O-U-0222,JSS Academy of Higher Education and Research,63.04,19.39,66.7,70.04,18.85,Mysuru,Karnataka,46.95,56,2020,,0.0,0.0,0.0,0.0,0.0,0.0,0.0,0.0
IR-O-U-0435,Alagappa University,58.71,27.32,67.45,51.68,23.34,Karaikudi,Tamil Nadu,46.79,57,2020,,0.0,0.0,0.0,0.0,0.0,0.0,0.0,0.0
IR-O-U-0355,Indian Institute of Technology Bhubaneswar,51.73,37.83,62.64,55.02,18.85,Bhubaneswar,Odisha,46.78,58,2020,IR-E-U-0355,260.0,260.0,0.0,0.0,0.0,0.0,0.0,0.0
IR-O-U-0025,National Institute of Technology Warangal,50.61,31.04,70.32,56.38,25.01,Warangal,Telangana,46.69,59,2020,IR-E-U-0025,800.0,800.0,0.0,0.0,0.0,0.0,0.0,0.0
IR-O-U-0523,King George`s Medical University,64.39,27.23,62.97,57.57,8.1,Lucknow,Uttar Pradesh,46.65,60,2020,,0.0,0.0,0.0,0.0,0.0,0.0,0.0,0.0
IR-O-U-0474,Sathyabama Institute of Science and Technology,54.06,34.0,64.82,64.68,7.48,Chennai,Tamil Nadu,46.6,61,2020,IR-E-U-0474,2700.0,2700.0,0.0,0.0,0.0,0.0,0.0,0.0
IR-O-U-0136,Gujarat University,64.76,15.7,81.28,56.13,5.57,Ahmedabad,Gujarat,46.57,62,2020,,0.0,0.0,0.0,0.0,0.0,0.0,0.0,0.0
IR-O-U-0027,Osmania University,52.04,28.16,79.86,51.62,13.82,Hyderabad,Telangana,46.57,62,2020,,0.0,0.0,0.0,0.0,0.0,0.0,0.0,0.0
IR-O-U-0107,Jamia Hamdard,57.82,27.62,69.75,60.64,8.1,New Delhi,Delhi,46.46,64,2020,,0.0,0.0,0.0,0.0,0.0,0.0,0.0,0.0
IR-O-U-0253,Cochin University of Science and Technology,54.37,29.63,70.28,52.7,14.88,Cochin,Kerala,46.02,65,2020,,0.0,0.0,0.0,0.0,0.0,0.0,0.0,0.0
IR-O-U-0389,Banasthali Vidyapith,54.19,14.23,83.55,75.99,10.48,Banasthali,Rajasthan,45.89,66,2020,,0.0,0.0,0.0,0.0,0.0,0.0,0.0,0.0
IR-O-U-0052,Gauhati University,55.17,19.05,83.56,58.4,10.48,Guwahati,Assam,45.87,67,2020,,0.0,0.0,0.0,0.0,0.0,0.0,0.0,0.0
IR-O-U-0329,Symbiosis International,61.83,18.5,64.52,72.16,14.35,Pune,Maharashtra,45.65,68,2020,,0.0,0.0,0.0,0.0,0.0,0.0,0.0,0.0
IR-O-U-0020,Koneru Lakshmaiah Education Foundation University (K L College of Engineering),58.89,30.78,64.62,55.99,2.18,Vaddeswaram,Andhra Pradesh,45.64,69,2020,,0.0,0.0,0.0,0.0,0.0,0.0,0.0,0.0
IR-O-U-0331,Tata Institute of Social Sciences,61.2,12.32,77.33,72.28,8.71,Mumbai,Maharashtra,45.63,70,2020,,0.0,0.0,0.0,0.0,0.0,0.0,0.0,0.0
IR-O-U-0577,National Institute of Technology Durgapur,50.51,34.26,66.66,56.15,9.9,Durgapur,West Bengal,45.36,71,2020,IR-E-U-0577,672.0,672.0,0.0,0.0,0.0,0.0,0.0,0.0
IR-O-U-0410,Malaviya National Institute of Technology,56.13,35.12,57.57,58.38,5.57,Jaipur,Rajasthan,45.29,72,2020,IR-E-U-0410,716.0,716.0,0.0,0.0,0.0,0.0,0.0,0.0
IR-O-U-0056,Tezpur University,58.32,30.02,61.65,52.17,11.62,Tezpur,Assam,45.22,73,2020,,0.0,0.0,0.0,0.0,0.0,0.0,0.0,0.0
IR-O-U-0458,Kalasalingam Academy of Research and Education,56.74,21.81,65.2,73.06,11.62,Srivilliputtur,Tamil Nadu,45.07,74,2020,,0.0,0.0,0.0,0.0,0.0,0.0,0.0,0.0
IR-O-U-0446,Bharath Institute of Higher Education & Research,55.4,24.41,67.59,67.94,5.57,Chennai,Tamil Nadu,44.81,75,2020,,0.0,0.0,0.0,0.0,0.0,0.0,0.0,0.0
IR-O-U-0196,University of Kashmir,60.49,19.51,77.03,50.12,2.18,Srinagar,Jammu and Kashmir,44.64,76,2020,,0.0,0.0,0.0,0.0,0.0,0.0,0.0,0.0
IR-O-U-0747,Chandigarh University,57.48,14.24,63.4,75.44,28.91,Mohali,Punjab,44.62,77,2020,IR-E-U-0747,3240.0,3240.0,0.0,0.0,0.0,0.0,0.0,0.0
IR-O-U-0374,Dr. B. R. Ambedkar National Institute of Technology,54.39,25.23,64.17,63.76,14.35,Jalandhar,Punjab,44.53,78,2020,IR-E-U-0374,786.0,786.0,0.0,0.0,0.0,0.0,0.0,0.0
IR-O-I-1486,Sri Ramachandra Institute of Higher Education and Research,64.83,18.35,61.13,64.73,7.48,Chennai,Tamil Nadu,44.4,79,2020,,0.0,0.0,0.0,0.0,0.0,0.0,0.0,0.0
IR-O-I-1110,Dr. D. Y. Patil Vidyapeeth,65.15,14.45,63.29,61.56,14.88,Pune,Maharashtra,44.19,80,2020,,0.0,0.0,0.0,0.0,0.0,0.0,0.0,0.0
IR-O-U-0379,Lovely Professional University,47.55,27.51,63.87,65.97,20.7,Phagwara,Punjab,43.95,81,2020,IR-E-U-0379,5310.0,5310.0,0.0,0.0,0.0,0.0,0.0,0.0
IR-O-U-0184,Indian Institute of Technology Mandi,50.05,30.59,61.27,62.07,12.73,Mandi,Himachal Pradesh,43.93,82,2020,IR-E-U-0184,150.0,150.0,0.0,0.0,0.0,0.0,0.0,0.0
IR-O-U-0463,Madurai Kamaraj University,61.71,24.77,57.68,48.43,14.35,Madurai,Tamil Nadu,43.75,83,2020,,0.0,0.0,0.0,0.0,0.0,0.0,0.0,0.0
IR-O-U-0642,Shiv Nadar University,59.5,19.37,63.5,59.14,13.28,Dadri,Uttar Pradesh,43.6,84,2020,,0.0,0.0,0.0,0.0,0.0,0.0,0.0,0.0
IR-O-U-0376,Guru Nanak Dev University,40.78,28.63,76.11,53.77,17.89,Amritsar,Punjab,43.21,85,2020,,0.0,0.0,0.0,0.0,0.0,0.0,0.0,0.0
IR-O-C-37013,PSG College of Technology,55.37,18.13,58.69,50.17,43.26,Coimbatore,Tamil Nadu,43.14,86,2020,IR-E-C-37013,1140.0,1140.0,0.0,0.0,0.0,0.0,0.0,0.0
IR-O-U-0369,Pondicherry University,39.94,30.1,72.4,58.18,17.89,Puducherry,Pondicherry,43.1,87,2020,,0.0,0.0,0.0,0.0,0.0,0.0,0.0,0.0
IR-O-U-0530,Motilal Nehru National Institute of Technology,47.86,28.49,67.68,54.77,11.06,Prayagraj,Uttar Pradesh,43.04,88,2020,IR-E-U-0530,886.0,886.0,0.0,0.0,0.0,0.0,0.0,0.0
IR-O-C-16604,Sri Sivasubramaniya Nadar College of Engineering,53.36,29.01,59.42,53.63,9.9,Kancheepuram,Tamil Nadu,42.94,89,2020,IR-E-C-16604,900.0,900.0,0.0,0.0,0.0,0.0,0.0,0.0
IR-O-U-0448,Bharathidasan University,54.74,29.92,53.67,47.8,18.85,Tiruchirappalli,Tamil Nadu,42.79,90,2020,,0.0,0.0,0.0,0.0,0.0,0.0,0.0,0.0
IR-O-U-0341,North Eastern Hill University,55.53,16.31,74.61,51.63,11.62,Shillong,Meghalaya,42.79,90,2020,,0.0,0.0,0.0,0.0,0.0,0.0,0.0,0.0
IR-O-U-0037,Sri Venkateswara University,51.21,19.87,79.19,50.61,5.57,Tirupati,Andhra Pradesh,42.78,92,2020,IR-E-U-0037,533.0,533.0,0.0,0.0,0.0,0.0,0.0,0.0
IR-O-U-0055,National Institute of Technology Silchar,47.28,32.31,64.18,52.84,6.85,Silchar,Assam,42.68,93,2020,IR-E-U-0055,632.0,632.0,0.0,0.0,0.0,0.0,0.0,0.0
IR-O-N-10,SVKM`s Narsee Monjee Institute of Management Studies,63.31,14.77,63.13,60.92,4.24,Mumbai,Maharashtra,42.56,94,2020,IR-E-N-10,480.0,480.0,0.0,0.0,0.0,0.0,0.0,0.0
IR-O-U-0251,Calicut University,63.32,16.64,63.32,54.77,2.88,Malappuram,Kerala,42.42,95,2020,,0.0,0.0,0.0,0.0,0.0,0.0,0.0,0.0
IR-O-U-0318,Mumbai University,49.58,19.08,78.35,47.78,7.48,Mumbai,Maharashtra,41.79,96,2020,,0.0,0.0,0.0,0.0,0.0,0.0,0.0,0.0
IR-O-U-0589,Visva Bharati,49.51,26.16,73.81,36.58,6.22,Santiniketan,West Bengal,41.74,97,2020,,0.0,0.0,0.0,0.0,0.0,0.0,0.0,0.0
IR-O-U-0149,Sardar Vallabhbhai National Institute of Technology,45.31,29.28,64.48,57.03,7.48,Surat,Gujarat,41.72,98,2020,IR-E-U-0149,818.0,818.0,0.0,0.0,0.0,0.0,0.0,0.0
IR-O-U-0099,Guru Gobind Singh Indraprastha University,48.12,22.64,64.22,52.45,21.15,New Delhi,Delhi,41.43,99,2020,IR-E-U-0099,180.0,180.0,0.0,0.0,0.0,0.0,0.0,0.0
IR-O-U-0295,Datta Meghe Institute of Medical Sciences,64.06,10.35,60.07,66.19,1.46,Wardha,Maharashtra,41.1,100,2020,,0.0,0.0,0.0,0.0,0.0,0.0,0.0,0.0
IR-O-U-0456,Indian Institute of Technology Madras,85.61,92.51,86.32,63.57,97.13,Chennai,Tamil Nadu,86.76,1,2021,IR-E-U-0456,488.0,488.0,0.0,0.0,0.0,0.0,0.0,0.0
IR-O-U-0220,Indian Institute of Science,79.13,91.48,78.23,58.39,100.0,Bengaluru,Karnataka,82.67,2,2021,IR-O-U-0220,120.0,120.0,0.0,0.0,0.0,0.0,0.0,0.0
IR-O-U-0306,Indian Institute of Technology Bombay,83.52,87.81,80.86,57.48,91.96,Mumbai,Maharashtra,82.52,3,2021,IR-E-U-0306,729.0,729.0,0.0,0.0,0.0,0.0,0.0,0.0
IR-O-I-1074,Indian Institute of Technology Delhi,84.02,84.46,75.07,67.97,93.89,New Delhi,Delhi,81.75,4,2021,IR-E-I-1074,798.0,798.0,0.0,0.0,0.0,0.0,0.0,0.0
IR-O-I-1075,Indian Institute of Technology Kanpur,80.5,75.23,80.74,56.97,79.3,Kanpur,Uttar Pradesh,76.5,5,2021,IR-E-I-1075,910.0,910.0,0.0,0.0,0.0,0.0,0.0,0.0
IR-O-U-0573,Indian Institute of Technology Kharagpur,74.25,76.23,83.23,55.35,82.92,Kharagpur,West Bengal,75.62,6,2021,IR-E-U-0573,676.0,676.0,0.0,0.0,0.0,0.0,0.0,0.0
IR-O-U-0560,Indian Institute of Technology Roorkee,76.68,68.37,83.16,65.31,47.28,Roorkee,Uttarakhand,71.4,7,2021,IR-E-U-0560,879.0,879.0,0.0,0.0,0.0,0.0,0.0,0.0
IR-O-U-0053,Indian Institute of Technology Guwahati,73.75,66.25,81.26,62.95,47.04,Guwahati,Assam,69.26,8,2021,IR-E-U-0053,747.0,747.0,0.0,0.0,0.0,0.0,0.0,0.0
IR-O-U-0109,Jawaharlal Nehru University,71.19,44.96,95.07,73.36,54.12,New Delhi,Delhi,66.61,9,2021,IR-O-U-0109,430.0,430.0,0.0,0.0,0.0,0.0,0.0,0.0
IR-O-U-0500,Banaras Hindu University,64.5,45.0,100.0,53.13,49.38,Varanasi,Uttar Pradesh,63.1,10,2021,IR-O-U-0500,3753.0,3753.0,0.0,0.0,0.0,0.0,0.0,0.0
IR-O-U-0570,Calcutta University,66.2,43.92,91.72,60.98,39.68,Kolkata,West Bengal,61.45,11,2021,IR-O-U-0570,430.0,430.0,0.0,0.0,0.0,0.0,0.0,0.0
IR-O-U-0436,Amrita Vishwa Vidyapeetham,64.23,54.33,71.35,65.54,34.8,Coimbatore,Tamil Nadu,59.87,12,2021,IR-E-U-0436,2100.0,2100.0,0.0,0.0,0.0,0.0,0.0,0.0
IR-O-U-0108,Jamia Millia Islamia,66.44,43.43,86.67,72.35,20.25,New Delhi,Delhi,59.54,13,2021,IR-E-U-0108,350.0,350.0,0.0,0.0,0.0,0.0,0.0,0.0
IR-O-U-0575,Jadavpur University,51.7,51.72,87.77,50.16,53.3,Kolkata,West Bengal,58.93,14,2021,IR-E-U-0575,1233.0,1233.0,0.0,0.0,0.0,0.0,0.0,0.0
IR-O-U-0234,Manipal Academy of Higher Education,67.68,48.17,76.05,65.25,24.18,Manipal,Karnataka,58.91,15,2021,IR-O-U-0234,853.0,853.0,0.0,0.0,0.0,0.0,0.0,0.0
IR-O-U-0013,Indian Institute of Technology Hyderabad,61.4,52.64,67.51,58.59,49.61,Hyderabad,Telangana,58.53,16,2021,IR-E-U-0013,285.0,285.0,0.0,0.0,0.0,0.0,0.0,0.0
IR-O-U-0042,University of Hyderabad,69.59,40.74,77.44,58.72,32.13,Hyderabad,Telangana,57.67,17,2021,IR-O-U-0042,0.0,1281.0,0.0,0.0,0.0,0.0,0.0,0.0
IR-O-U-0496,Aligarh Muslim University,69.06,40.86,80.06,56.93,27.0,Aligarh,Uttar Pradesh,57.38,18,2021,IR-E-U-0496,365.0,365.0,0.0,0.0,0.0,0.0,0.0,0.0
IR-O-U-0120,University of Delhi,42.65,54.23,82.66,59.6,44.81,Delhi,Delhi,56.03,19,2021,IR-O-U-0120,387.0,387.0,0.0,0.0,0.0,0.0,0.0,0.0
IR-O-U-0323,Savitribai Phule Pune University,62.95,42.77,86.96,50.92,16.41,Pune,Maharashtra,55.83,20,2021,IR-O-U-0323,70.0,70.0,0.0,0.0,0.0,0.0,0.0,0.0
IR-O-U-0490,Vellore Institute of Technology,48.43,56.83,69.94,59.38,38.8,Vellore,Tamil Nadu,55.39,21,2021,IR-E-U-0490,7140.0,7140.0,0.0,0.0,0.0,0.0,0.0,0.0
IR-O-U-0447,Bharathiar University,61.79,47.45,74.17,53.21,24.6,Coimbatore,Tamil Nadu,55.38,22,2021,IR-O-U-0447,160.0,160.0,0.0,0.0,0.0,0.0,0.0,0.0
IR-O-U-0467,National Institute of Technology Tiruchirappalli,52.39,44.58,71.79,63.34,51.82,Tiruchirappalli,Tamil Nadu,54.97,23,2021,IR-E-U-0467,768.0,768.0,0.0,0.0,0.0,0.0,0.0,0.0
IR-O-U-0305,Indian Institute of Science Education & Research Pune,67.24,45.58,59.31,58.75,28.91,Pune,Maharashtra,54.47,24,2021,,0.0,0.0,0.0,0.0,0.0,0.0,0.0,0.0
IR-O-U-0439,Anna University,51.91,43.09,73.11,51.35,61.72,Chennai,Tamil Nadu,54.42,25,2021,IR-E-U-0439,2740.0,2740.0,0.0,0.0,0.0,0.0,0.0,0.0
IR-O-U-0205,Indian Institute of Technology (Indian School of Mines),48.18,56.64,71.16,55.15,27.0,Dhanbad,Jharkhand,53.88,26,2021,IR-E-U-0205,911.0,911.0,0.0,0.0,0.0,0.0,0.0,0.0
IR-O-U-0308,Institute of Chemical Technology,50.05,55.82,75.96,46.07,22.04,Mumbai,Maharashtra,53.76,27,2021,IR-E-U-0308,211.0,211.0,0.0,0.0,0.0,0.0,0.0,0.0
IR-O-U-0701,Indian Institute of Technology (Banaras Hindu University) Varanasi,55.87,47.41,69.88,56.69,31.08,Varanasi,Uttar Pradesh,53.74,28,2021,IR-E-U-0701,876.0,876.0,0.0,0.0,0.0,0.0,0.0,0.0
IR-O-U-0391,Birla Institute of Technology & Science -Pilani,55.81,43.13,72.05,59.5,32.81,Pilani,Rajasthan,53.32,29,2021,IR-E-U-0391,2779.0,2779.0,0.0,0.0,0.0,0.0,0.0,0.0
IR-O-U-0273,Indian Institute of Technology Indore,57.51,49.25,69.71,56.59,15.91,Indore,Madhya Pradesh,53.22,30,2021,IR-E-U-0273,275.0,275.0,0.0,0.0,0.0,0.0,0.0,0.0
IR-O-U-0378,Indian Institute of Technology Ropar,72.76,32.92,62.05,63.88,23.76,Rupnagar,Punjab,52.89,31,2021,IR-E-U-0378,297.0,297.0,0.0,0.0,0.0,0.0,0.0,0.0
IR-O-U-0237,National Institute of Technology Karnataka,53.81,41.74,73.32,65.58,30.01,Surathkal,Karnataka,52.88,32,2021,IR-E-U-0237,740.0,740.0,0.0,0.0,0.0,0.0,0.0,0.0
IR-O-U-0139,Indian Institute of Technology Gandhinagar,71.26,37.15,57.21,64.21,23.76,Gandhinagar,Gujarat,52.77,33,2021,IR-E-U-0139,194.0,194.0,0.0,0.0,0.0,0.0,0.0,0.0
IR-O-U-0235,Mysore University,68.77,18.79,90.54,54.24,6.85,Mysuru,Karnataka,50.49,34,2021,IR-O-U-0235,76.0,76.0,0.0,0.0,0.0,0.0,0.0,0.0
IR-O-U-0572,Indian Institute of Science Education & Research Kolkata,59.67,38.82,66.26,53.53,23.34,Mohanpur,West Bengal,50.48,35,2021,,0.0,0.0,0.0,0.0,0.0,0.0,0.0,0.0
IR-O-U-0304,Homi Bhabha National Institute,68.64,36.45,65.98,50.79,6.22,Mumbai,Maharashtra,50.42,36,2021,IR-O-U-0304,0.0,0.0,0.0,0.0,0.0,0.0,0.0,0.0
IR-O-U-0363,Siksha `O` Anusandhan,63.89,29.92,71.34,65.89,13.28,Bhubaneswar,Odisha,50.34,37,2021,IR-E-U-0363,1860.0,1860.0,0.0,0.0,0.0,0.0,0.0,0.0
IR-O-U-0078,Panjab University,48.88,40.86,71.57,53.49,37.31,Chandigarh,Chandigarh,50.31,38,2021,IR-E-U-0078,851.0,851.0,0.0,0.0,0.0,0.0,0.0,0.0
IR-O-U-0356,Kalinga Institute of Industrial Technology,62.4,27.78,70.0,78.43,11.06,Bhubaneswar,Odisha,50.0,39,2021,IR-E-U-0356,3450.0,3450.0,0.0,0.0,0.0,0.0,0.0,0.0
IR-O-U-0377,"Indian Institute of Science Education & Research, Mohali",62.43,31.86,59.58,71.65,22.04,Mohali,Punjab,49.58,40,2021,,0.0,0.0,0.0,0.0,0.0,0.0,0.0,0.0
IR-O-U-0357,National Institute of Technology Rourkela,49.19,48.29,65.32,51.66,17.89,Rourkela,Odisha,49.27,41,2021,IR-E-U-0357,747.0,747.0,0.0,0.0,0.0,0.0,0.0,0.0
IR-O-U-0476,Shanmugha Arts Science Technology & Research Academy,58.58,38.28,66.3,57.78,10.48,Thanjavur,Tamil Nadu,49.15,42,2021,IR-E-U-0476,1800.0,1800.0,0.0,0.0,0.0,0.0,0.0,0.0
IR-O-U-0260,Kerala University,64.77,19.93,89.11,51.53,4.91,Thiruvananthapuram,Kerala,48.87,43,2021,IR-O-U-0260,0.0,0.0,0.0,0.0,0.0,0.0,0.0,0.0
IR-O-U-0497,Amity University,48.98,43.27,67.55,64.66,12.18,Gautam Budh Nagar,Uttar Pradesh,48.87,43,2021,IR-E-U-0604,125.0,125.0,0.0,0.0,0.0,0.0,0.0,0.0
IR-O-I-1480,Thapar Institute of Engineering and Technology,50.44,42.26,67.3,56.35,19.32,Patiala,Punjab,48.83,45,2021,IR-E-I-1480,1865.0,1865.0,0.0,0.0,0.0,0.0,0.0,0.0
IR-O-U-0584,Indian Institute of Engineering Science and Technology,51.58,38.99,68.65,50.22,27.77,Shibpur,West Bengal,48.7,46,2021,IR-E-U-0584,589.0,589.0,0.0,0.0,0.0,0.0,0.0,0.0
IR-O-I-1357,University of Madras,61.35,31.82,66.43,53.88,20.25,Chennai,Tamil Nadu,48.66,47,2021,IR-O-I-1357,0.0,1665.0,0.0,0.0,0.0,0.0,0.0,0.0
IR-O-U-0006,"Andhra University, Visakhapatnam",55.04,25.59,85.84,54.46,18.37,Visakhapatnam,Andhra Pradesh,48.65,48,2021,,0.0,0.0,0.0,0.0,0.0,0.0,0.0,0.0
IR-O-I-1441,Saveetha Institute of Medical and Technical Sciences,61.78,34.28,64.91,65.99,2.18,Chennai,Tamil Nadu,48.63,49,2021,IR-E-I-1441,1320.0,1320.0,0.0,0.0,0.0,0.0,0.0,0.0
IR-O-U-0272,Indian Institute of Science Education & Research Bhopal,63.78,30.9,63.49,66.63,8.1,Bhopal,Madhya Pradesh,48.57,50,2021,,0.0,0.0,0.0,0.0,0.0,0.0,0.0,0.0
IR-O-U-0064,Indian Institute of Technology Patna,60.04,37.02,57.6,53.94,16.41,Patna,Bihar,47.67,51,2021,IR-E-U-0064,250.0,250.0,0.0,0.0,0.0,0.0,0.0,0.0
IR-O-U-0262,Mahatma Gandhi University,59.27,34.73,68.77,52.55,4.24,Kottayam,Kerala,47.62,52,2021,IR-O-U-0262,40.0,40.0,0.0,0.0,0.0,0.0,0.0,0.0
IR-O-U-0473,S.R.M. Institute of Science and Technology,49.93,39.07,68.47,58.6,10.48,Chennai,Tamil Nadu,47.3,53,2021,IR-E-U-0473,6000.0,6000.0,0.0,0.0,0.0,0.0,0.0,0.0
IR-O-U-0098,Delhi Technological University,54.52,29.82,65.95,59.25,25.82,New Delhi,Delhi,46.98,54,2021,IR-E-U-0098,2210.0,2210.0,0.0,0.0,0.0,0.0,0.0,0.0
IR-O-U-0334,Visvesvaraya National Institute of Technology,49.85,37.31,68.93,55.11,15.39,Nagpur,Maharashtra,46.98,54,2021,IR-E-U-0334,922.0,922.0,0.0,0.0,0.0,0.0,0.0,0.0
IR-O-U-0222,JSS Academy of Higher Education and Research,63.04,19.39,66.7,70.04,18.85,Mysuru,Karnataka,46.95,56,2021,IR-O-U-0222,570.0,570.0,0.0,0.0,0.0,0.0,0.0,0.0
IR-O-U-0435,Alagappa University,58.71,27.32,67.45,51.68,23.34,Karaikudi,Tamil Nadu,46.79,57,2021,IR-O-U-0435,221.0,221.0,0.0,0.0,0.0,0.0,0.0,0.0
IR-O-U-0355,Indian Institute of Technology Bhubaneswar,51.73,37.83,62.64,55.02,18.85,Bhubaneswar,Odisha,46.78,58,2021,IR-E-U-0355,260.0,260.0,0.0,0.0,0.0,0.0,0.0,0.0
IR-O-U-0025,National Institute of Technology Warangal,50.61,31.04,70.32,56.38,25.01,Warangal,Telangana,46.69,59,2021,IR-E-U-0025,817.0,817.0,0.0,0.0,0.0,0.0,0.0,0.0
IR-O-U-0523,King George`s Medical University,64.39,27.23,62.97,57.57,8.1,Lucknow,Uttar Pradesh,46.65,60,2021,IR-O-U-0523,320.0,320.0,0.0,0.0,0.0,0.0,0.0,0.0
IR-O-U-0474,Sathyabama Institute of Science and Technology,54.06,34.0,64.82,64.68,7.48,Chennai,Tamil Nadu,46.6,61,2021,IR-E-U-0474,2700.0,2700.0,0.0,0.0,0.0,0.0,0.0,0.0
IR-O-U-0136,Gujarat University,64.76,15.7,81.28,56.13,5.57,Ahmedabad,Gujarat,46.57,62,2021,IR-O-U-0136,0.0,1770.0,0.0,0.0,0.0,0.0,0.0,0.0
IR-O-U-0027,Osmania University,52.04,28.16,79.86,51.62,13.82,Hyderabad,Telangana,46.57,62,2021,IR-O-U-0027,60.0,60.0,0.0,0.0,0.0,0.0,0.0,0.0
IR-O-U-0107,Jamia Hamdard,57.82,27.62,69.75,60.64,8.1,New Delhi,Delhi,46.46,64,2021,IR-O-U-0107,225.0,225.0,0.0,0.0,0.0,0.0,0.0,0.0
IR-O-U-0253,Cochin University of Science and Technology,54.37,29.63,70.28,52.7,14.88,Cochin,Kerala,46.02,65,2021,IR-O-U-0253,30.0,30.0,0.0,0.0,0.0,0.0,0.0,0.0
IR-O-U-0389,Banasthali Vidyapith,54.19,14.23,83.55,75.99,10.48,Banasthali,Rajasthan,45.89,66,2021,IR-E-U-0389,930.0,930.0,0.0,0.0,0.0,0.0,0.0,0.0
IR-O-U-0052,Gauhati University,55.17,19.05,83.56,58.4,10.48,Guwahati,Assam,45.87,67,2021,IR-O-U-0052,120.0,120.0,0.0,0.0,0.0,0.0,0.0,0.0
IR-O-U-0329,Symbiosis International,61.83,18.5,64.52,72.16,14.35,Pune,Maharashtra,45.65,68,2021,IR-O-U-0329,1206.0,1206.0,0.0,0.0,0.0,0.0,0.0,0.0
IR-O-U-0020,Koneru Lakshmaiah Education Foundation University (K L College of Engineering),58.89,30.78,64.62,55.99,2.18,Vaddeswaram,Andhra Pradesh,45.64,69,2021,IR-E-U-0020,3180.0,3180.0,0.0,0.0,0.0,0.0,0.0,0.0
IR-O-U-0331,Tata Institute of Social Sciences,61.2,12.32,77.33,72.28,8.71,Mumbai,Maharashtra,45.63,70,2021,IR-O-U-0331,180.0,180.0,0.0,0.0,0.0,0.0,0.0,0.0
IR-O-U-0577,National Institute of Technology Durgapur,50.51,34.26,66.66,56.15,9.9,Durgapur,West Bengal,45.36,71,2021,IR-E-U-0577,700.0,700.0,0.0,0.0,0.0,0.0,0.0,0.0
IR-O-U-0410,Malaviya National Institute of Technology,56.13,35.12,57.57,58.38,5.57,Jaipur,Rajasthan,45.29,72,2021,IR-E-U-0410,746.0,746.0,0.0,0.0,0.0,0.0,0.0,0.0
IR-O-U-0056,Tezpur University,58.32,30.02,61.65,52.17,11.62,Tezpur,Assam,45.22,73,2021,IR-E-U-0056,315.0,315.0,0.0,0.0,0.0,0.0,0.0,0.0
IR-O-U-0458,Kalasalingam Academy of Research and Education,56.74,21.81,65.2,73.06,11.62,Srivilliputtur,Tamil Nadu,45.07,74,2021,,0.0,0.0,0.0,0.0,0.0,0.0,0.0,0.0
IR-O-U-0446,Bharath Institute of Higher Education & Research,55.4,24.41,67.59,67.94,5.57,Chennai,Tamil Nadu,44.81,75,2021,IR-O-U-0446,720.0,720.0,0.0,0.0,0.0,0.0,0.0,0.0
IR-O-U-0196,University of Kashmir,60.49,19.51,77.03,50.12,2.18,Srinagar,Jammu and Kashmir,44.64,76,2021,IR-O-U-0196,65.0,65.0,0.0,0.0,0.0,0.0,0.0,0.0
IR-O-U-0747,Chandigarh University,57.48,14.24,63.4,75.44,28.91,Mohali,Punjab,44.62,77,2021,IR-E-U-0747,3240.0,3240.0,0.0,0.0,0.0,0.0,0.0,0.0
IR-O-U-0374,Dr. B. R. Ambedkar National Institute of Technology,54.39,25.23,64.17,63.76,14.35,Jalandhar,Punjab,44.53,78,2021,IR-E-U-0374,807.0,807.0,0.0,0.0,0.0,0.0,0.0,0.0
IR-O-I-1486,Sri Ramachandra Institute of Higher Education and Research,64.83,18.35,61.13,64.73,7.48,Chennai,Tamil Nadu,44.4,79,2021,IR-O-I-1486,230.0,230.0,0.0,0.0,0.0,0.0,0.0,0.0
IR-O-I-1110,Dr. D. Y. Patil Vidyapeeth,65.15,14.45,63.29,61.56,14.88,Pune,Maharashtra,44.19,80,2021,IR-O-I-1110,430.0,430.0,0.0,0.0,0.0,0.0,0.0,0.0
IR-O-U-0379,Lovely Professional University,47.55,27.51,63.87,65.97,20.7,Phagwara,Punjab,43.95,81,2021,IR-E-U-0379,3720.0,3720.0,0.0,0.0,0.0,0.0,0.0,0.0
IR-O-U-0184,Indian Institute of Technology Mandi,50.05,30.59,61.27,62.07,12.73,Mandi,Himachal Pradesh,43.93,82,2021,IR-E-U-0184,200.0,200.0,0.0,0.0,0.0,0.0,0.0,0.0
IR-O-U-0463,Madurai Kamaraj University,61.71,24.77,57.68,48.43,14.35,Madurai,Tamil Nadu,43.75,83,2021,IR-O-U-0463,0.0,0.0,0.0,0.0,0.0,0.0,0.0,0.0
IR-O-U-0642,Shiv Nadar University,59.5,19.37,63.5,59.14,13.28,Dadri,Uttar Pradesh,43.6,84,2021,IR-O-U-0642,530.0,530.0,0.0,0.0,0.0,0.0,0.0,0.0
IR-O-U-0376,Guru Nanak Dev University,40.78,28.63,76.11,53.77,17.89,Amritsar,Punjab,43.21,85,2021,IR-E-U-0376,540.0,540.0,0.0,0.0,0.0,0.0,0.0,0.0
IR-O-C-37013,PSG College of Technology,55.37,18.13,58.69,50.17,43.26,Coimbatore,Tamil Nadu,43.14,86,2021,IR-E-C-37013,1140.0,1140.0,0.0,0.0,0.0,0.0,0.0,0.0
IR-O-U-0369,Pondicherry University,39.94,30.1,72.4,58.18,17.89,Puducherry,Pondicherry,43.1,87,2021,IR-O-U-0369,514.0,514.0,0.0,0.0,0.0,0.0,0.0,0.0
IR-O-U-0530,Motilal Nehru National Institute of Technology,47.86,28.49,67.68,54.77,11.06,Prayagraj,Uttar Pradesh,43.04,88,2021,IR-E-U-0530,954.0,954.0,0.0,0.0,0.0,0.0,0.0,0.0
IR-O-C-16604,Sri Sivasubramaniya Nadar College of Engineering,53.36,29.01,59.42,53.63,9.9,Kancheepuram,Tamil Nadu,42.94,89,2021,IR-E-C-16604,960.0,960.0,0.0,0.0,0.0,0.0,0.0,0.0
IR-O-U-0448,Bharathidasan University,54.74,29.92,53.67,47.8,18.85,Tiruchirappalli,Tamil Nadu,42.79,90,2021,IR-O-U-0448,105.0,105.0,0.0,0.0,0.0,0.0,0.0,0.0
IR-O-U-0341,North Eastern Hill University,55.53,16.31,74.61,51.63,11.62,Shillong,Meghalaya,42.79,90,2021,IR-O-U-0341,240.0,240.0,0.0,0.0,0.0,0.0,0.0,0.0
IR-O-U-0037,Sri Venkateswara University,51.21,19.87,79.19,50.61,5.57,Tirupati,Andhra Pradesh,42.78,92,2021,IR-E-U-0037,498.0,498.0,0.0,0.0,0.0,0.0,0.0,0.0
IR-O-U-0055,National Institute of Technology Silchar,47.28,32.31,64.18,52.84,6.85,Silchar,Assam,42.68,93,2021,IR-E-U-0055,660.0,660.0,0.0,0.0,0.0,0.0,0.0,0.0
IR-O-N-10,SVKM`s Narsee Monjee Institute of Management Studies,63.31,14.77,63.13,60.92,4.24,Mumbai,Maharashtra,42.56,94,2021,IR-E-N-10,400.0,400.0,0.0,0.0,0.0,0.0,0.0,0.0
IR-O-U-0251,Calicut University,63.32,16.64,63.32,54.77,2.88,Malappuram,Kerala,42.42,95,2021,IR-O-U-0251,55.0,55.0,0.0,0.0,0.0,0.0,0.0,0.0
IR-O-U-0318,Mumbai University,49.58,19.08,78.35,47.78,7.48,Mumbai,Maharashtra,41.79,96,2021,IR-O-U-0318,108.0,108.0,0.0,0.0,0.0,0.0,0.0,0.0
IR-O-U-0589,Visva Bharati,49.51,26.16,73.81,36.58,6.22,Santiniketan,West Bengal,41.74,97,2021,IR-O-U-0589,1416.0,1416.0,0.0,0.0,0.0,0.0,0.0,0.0
IR-O-U-0149,Sardar Vallabhbhai National Institute of Technology,45.31,29.28,64.48,57.03,7.48,Surat,Gujarat,41.72,98,2021,IR-E-U-0149,844.0,844.0,0.0,0.0,0.0,0.0,0.0,0.0
IR-O-U-0099,Guru Gobind Singh Indraprastha University,48.12,22.64,64.22,52.45,21.15,New Delhi,Delhi,41.43,99,2021,IR-E-U-0099,180.0,180.0,0.0,0.0,0.0,0.0,0.0,0.0
IR-O-U-0295,Datta Meghe Institute of Medical Sciences,64.06,10.35,60.07,66.19,1.46,Wardha,Maharashtra,41.1,100,2021,IR-O-U-0295,150.0,150.0,0.0,0.0,0.0,0.0,0.0,0.0
IR-O-U-0456,Indian Institute of Technology Madras,86.56,91.98,89.36,62.95,98.75,Chennai,Tamil Nadu,87.59,1,2022,IR-E-U-0456,762.0,762.0,0.0,0.0,0.0,0.0,0.0,0.0
IR-O-U-0220,Indian Institute of Science,82.08,87.45,84.8,57.46,100.0,Bengaluru,Karnataka,83.57,2,2022,,0.0,0.0,0.0,0.0,0.0,0.0,0.0,0.0
IR-O-U-0306,"Indian Institute of Technology, Bombay",85.55,84.09,83.08,59.54,88.8,Mumbai,Maharashtra,82.35,3,2022,,0.0,0.0,0.0,0.0,0.0,0.0,0.0,0.0
IR-O-I-1074,"Indian Institute of Technology, Delhi",81.98,84.81,79.36,70.07,93.08,New Delhi,Delhi,82.22,4,2022,,0.0,0.0,0.0,0.0,0.0,0.0,0.0,0.0
IR-O-I-1075,Indian Institute of Technology Kanpur,86.9,70.55,83.89,60.26,77.86,Kanpur,Uttar Pradesh,77.83,5,2022,IR-E-I-1075,907.0,907.0,0.0,0.0,0.0,0.0,0.0,0.0
IR-O-U-0573,"Indian Institute of Technology, Kharagpur",77.66,75.66,81.92,55.85,79.82,Kharagpur,West Bengal,75.94,6,2022,,0.0,0.0,0.0,0.0,0.0,0.0,0.0,0.0
IR-O-U-0560,"Indian Institute of Technology, Roorkee",77.22,67.03,84.42,64.36,48.84,Roorkee,Uttarakhand,71.48,7,2022,,0.0,0.0,0.0,0.0,0.0,0.0,0.0,0.0
IR-O-U-0053,Indian Institute of Technology Guwahati,78.29,63.54,83.26,59.58,45.93,Guwahati,Assam,69.75,8,2022,IR-E-U-0053,851.0,851.0,0.0,0.0,0.0,0.0,0.0,0.0
IR-O-N-15,"All India Institute of Medical Sciences, Delhi",75.57,60.39,72.67,67.37,75.15,New Delhi,Delhi,69.57,9,2022,,0.0,0.0,0.0,0.0,0.0,0.0,0.0,0.0
IR-O-U-0109,Jawaharlal Nehru University,71.95,45.55,95.27,70.27,59.19,New Delhi,Delhi,67.25,10,2022,,0.0,0.0,0.0,0.0,0.0,0.0,0.0,0.0
IR-O-U-0500,Banaras Hindu University,69.9,43.91,97.74,57.32,53.95,Varanasi,Uttar Pradesh,64.81,11,2022,,0.0,0.0,0.0,0.0,0.0,0.0,0.0,0.0
IR-O-U-0575,Jadavpur University,63.57,53.73,90.1,56.86,49.53,Kolkata,West Bengal,63.85,12,2022,IR-E-U-0575,1233.0,1233.0,0.0,0.0,0.0,0.0,0.0,0.0
IR-O-U-0108,"Jamia Millia Islamia, New Delhi",68.16,47.38,92.46,81.14,23.57,New Delhi,Delhi,63.62,13,2022,,0.0,0.0,0.0,0.0,0.0,0.0,0.0,0.0
IR-O-U-0013,Indian Institute of Technology Hyderabad,73.43,53.18,71.53,56.73,49.01,Hyderabad,Telangana,62.86,14,2022,IR-E-U-0013,317.0,317.0,0.0,0.0,0.0,0.0,0.0,0.0
IR-O-U-0570,Calcutta University,67.46,40.85,95.48,61.9,37.86,Kolkata,West Bengal,61.57,15,2022,,0.0,0.0,0.0,0.0,0.0,0.0,0.0,0.0
IR-O-U-0436,Amrita Vishwa Vidyapeetham,69.8,50.06,74.09,69.53,38.09,Coimbatore,Tamil Nadu,61.54,16,2022,IR-E-U-0436,2700.0,2700.0,0.0,0.0,0.0,0.0,0.0,0.0
IR-O-U-0234,"Manipal Academy of Higher Education, Manipal",70.53,51.07,78.15,64.81,26.37,Manipal,Karnataka,61.23,17,2022,,0.0,0.0,0.0,0.0,0.0,0.0,0.0,0.0
IR-O-U-0490,Vellore Institute of Technology,52.72,59.82,79.43,59.07,45.74,Vellore,Tamil Nadu,60.14,18,2022,IR-E-U-0490,7660.0,7660.0,0.0,0.0,0.0,0.0,0.0,0.0
IR-O-U-0496,Aligarh Muslim University,69.21,43.04,88.92,56.29,27.85,Aligarh,Uttar Pradesh,59.86,19,2022,IR-E-U-0496,365.0,365.0,0.0,0.0,0.0,0.0,0.0,0.0
IR-O-U-0042,University of Hyderabad,70.94,40.18,83.97,63.5,31.99,Hyderabad,Telangana,59.67,20,2022,,0.0,0.0,0.0,0.0,0.0,0.0,0.0,0.0
IR-O-U-0467,"National Institute of Technology, Tiruchirappalli",60.73,45.71,75.74,66.48,52.2,Tiruchirappalli,Tamil Nadu,58.95,21,2022,,0.0,0.0,0.0,0.0,0.0,0.0,0.0,0.0
IR-O-U-0439,Anna University,53.32,53.15,74.97,49.3,62.1,Chennai,Tamil Nadu,58.08,22,2022,IR-E-U-0439,2470.0,2470.0,0.0,0.0,0.0,0.0,0.0,0.0
IR-O-U-0120,University of Delhi,43.11,52.82,91.85,58.87,45.93,Delhi,Delhi,57.63,23,2022,,0.0,0.0,0.0,0.0,0.0,0.0,0.0,0.0
IR-O-U-0447,Bharathiar University,63.97,44.36,78.31,63.96,26.97,Coimbatore,Tamil Nadu,57.26,24,2022,,0.0,0.0,0.0,0.0,0.0,0.0,0.0,0.0
IR-O-U-0323,Savitribai Phule Pune University,63.66,41.64,92.44,52.07,16.97,Pune,Maharashtra,56.99,25,2022,,0.0,0.0,0.0,0.0,0.0,0.0,0.0,0.0
IR-O-U-0305,"Indian Institute of Science Education & Research, Pune",71.66,44.18,65.43,62.94,27.85,Pune,Maharashtra,56.91,26,2022,,0.0,0.0,0.0,0.0,0.0,0.0,0.0,0.0
IR-O-U-0237,"National Institute of Technology Karnataka, Surathkal",59.32,45.14,75.55,64.44,38.54,Surathkal,Karnataka,56.74,27,2022,,0.0,0.0,0.0,0.0,0.0,0.0,0.0,0.0
IR-O-U-0308,Institute of Chemical Technology,59.27,50.58,79.61,54.5,18.45,Mumbai,Maharashtra,56.16,28,2022,IR-E-U-0308,211.0,211.0,0.0,0.0,0.0,0.0,0.0,0.0
IR-O-U-0701,Indian Institute of Technology (Banaras Hindu University) Varanasi,54.43,50.31,74.26,56.63,39.21,Varanasi,Uttar Pradesh,55.85,29,2022,IR-E-U-0701,1012.0,1012.0,0.0,0.0,0.0,0.0,0.0,0.0
IR-O-U-0363,Siksha `O` Anusandhan,68.3,35.58,73.45,68.4,27.26,Bhubaneswar,Odisha,55.42,30,2022,IR-E-U-0363,2220.0,2220.0,0.0,0.0,0.0,0.0,0.0,0.0
IR-O-U-0273,Indian Institute of Technology Indore,62.47,49.93,72.44,52.99,16.21,Indore,Madhya Pradesh,55.13,31,2022,IR-E-U-0273,294.0,294.0,0.0,0.0,0.0,0.0,0.0,0.0
IR-O-U-0391,Birla Institute of Technology & Science - Pilani,59.27,46.74,73.45,58.76,27.26,Pilani,Rajasthan,55.1,32,2022,IR-E-U-0391,2831.0,2831.0,0.0,0.0,0.0,0.0,0.0,0.0
IR-O-U-0304,Homi Bhabha National Institute,72.51,45.25,68.93,52.01,5.31,Mumbai,Maharashtra,54.85,33,2022,,0.0,0.0,0.0,0.0,0.0,0.0,0.0,0.0
IR-O-U-0356,Kalinga Institute of Industrial Technology,69.0,30.2,75.13,77.86,17.71,Bhubaneswar,Odisha,54.35,34,2022,IR-E-U-0356,3450.0,3450.0,0.0,0.0,0.0,0.0,0.0,0.0
IR-O-U-0378,Indian Institute of Technology Ropar,75.19,33.66,65.71,64.34,20.57,Rupnagar,Punjab,54.29,35,2022,IR-E-U-0378,330.0,330.0,0.0,0.0,0.0,0.0,0.0,0.0
IR-O-U-0473,S.R.M. Institute of Science and Technology,57.91,45.28,71.41,62.54,25.15,Chennai,Tamil Nadu,53.99,36,2022,IR-E-U-0473,5490.0,5490.0,0.0,0.0,0.0,0.0,0.0,0.0
IR-O-U-0139,"Indian Institute of Technology, Gandhinagar",67.9,39.04,65.84,66.49,20.23,Gandhinagar,Gujarat,53.92,37,2022,,0.0,0.0,0.0,0.0,0.0,0.0,0.0,0.0
IR-O-U-0205,Indian Institute of Technology (Indian School of Mines),51.07,54.66,71.79,54.34,23.57,Dhanbad,Jharkhand,53.87,38,2022,IR-E-U-0205,869.0,869.0,0.0,0.0,0.0,0.0,0.0,0.0
IR-O-U-0357,National Institute of Technology Rourkela,59.35,49.09,68.7,56.9,18.08,Rourkela,Odisha,53.77,39,2022,IR-E-U-0357,927.0,927.0,0.0,0.0,0.0,0.0,0.0,0.0
IR-O-U-0572,"Indian Institute of Science Education & Research, Kolkata",63.56,39.42,66.2,56.59,25.46,Mohanpur,West Bengal,52.35,40,2022,,0.0,0.0,0.0,0.0,0.0,0.0,0.0,0.0
IR-O-U-0078,Panjab University,48.43,43.18,74.62,60.73,27.56,Chandigarh,Chandigarh,51.23,41,2022,IR-E-U-0078,905.0,905.0,0.0,0.0,0.0,0.0,0.0,0.0
IR-O-U-0497,Amity University,49.57,47.89,70.35,64.17,13.43,Gautam Budh Nagar,Uttar Pradesh,51.07,42,2022,IR-E-U-0388,210.0,210.0,0.0,0.0,0.0,0.0,0.0,0.0
IR-O-U-0184,"Indian Institute of Technology, Mandi",62.79,37.25,65.56,67.01,12.18,Mandi,Himachal Pradesh,51.05,43,2022,,0.0,0.0,0.0,0.0,0.0,0.0,0.0,0.0
IR-O-I-1441,Saveetha Institute of Medical and Technical Sciences,56.29,43.01,69.46,65.97,5.31,Chennai,Tamil Nadu,50.81,44,2022,IR-E-I-1441,1320.0,1320.0,0.0,0.0,0.0,0.0,0.0,0.0
IR-O-U-0025,National Institute of Technology Warangal,57.73,35.23,73.48,55.14,25.15,Warangal,Telangana,50.61,45,2022,IR-E-U-0025,1004.0,1004.0,0.0,0.0,0.0,0.0,0.0,0.0
IR-O-U-0027,Osmania University,60.22,30.41,79.98,56.37,17.71,Hyderabad,Telangana,50.6,46,2022,,0.0,0.0,0.0,0.0,0.0,0.0,0.0,0.0
IR-O-U-0377,"Indian Institute of Science Education & Research, Mohali",63.85,32.08,62.89,71.44,20.57,Mohali,Punjab,50.55,47,2022,,0.0,0.0,0.0,0.0,0.0,0.0,0.0,0.0
IR-O-U-0747,Chandigarh University,63.04,22.16,69.27,78.62,31.19,Mohali,Punjab,50.39,48,2022,IR-E-U-0747,3240.0,3240.0,0.0,0.0,0.0,0.0,0.0,0.0
IR-O-U-0476,Shanmugha Arts Science Technology & Research Academy,61.35,38.23,67.66,59.74,9.57,Thanjavur,Tamil Nadu,50.33,49,2022,IR-E-U-0476,1920.0,1920.0,0.0,0.0,0.0,0.0,0.0,0.0
IR-O-U-0458,Kalasalingam Academy of Research and Education,60.1,26.46,71.2,74.72,22.92,Srivilliputtur,Tamil Nadu,49.97,50,2022,IR-E-U-0458,1290.0,1290.0,0.0,0.0,0.0,0.0,0.0,0.0
IR-O-U-0262,"Mahatma Gandhi University, Kottayam",65.16,36.16,70.48,51.18,2.74,Kottayam,Kerala,49.89,51,2022,,0.0,0.0,0.0,0.0,0.0,0.0,0.0,0.0
IR-O-U-0260,Kerala University,65.23,20.29,94.4,51.07,2.21,Thiruvananthapuram,Kerala,49.87,52,2022,,0.0,0.0,0.0,0.0,0.0,0.0,0.0,0.0
IR-O-U-0435,Alagappa University,61.66,32.63,72.21,51.56,18.45,Karaikudi,Tamil Nadu,49.73,53,2022,,0.0,0.0,0.0,0.0,0.0,0.0,0.0,0.0
IR-O-U-0235,Mysore University,68.9,16.81,90.68,53.79,4.8,Mysuru,Karnataka,49.71,54,2022,,0.0,0.0,0.0,0.0,0.0,0.0,0.0,0.0
IR-O-U-0020,Koneru Lakshmaiah Education Foundation University (K L College of Engineering),61.22,36.63,67.04,56.83,12.6,Vaddeswaram,Andhra Pradesh,49.71,54,2022,IR-E-U-0020,3480.0,3480.0,0.0,0.0,0.0,0.0,0.0,0.0
IR-O-U-0368,Jawaharlal Institute of Post Graduate Medical Education & Research,68.18,26.11,63.63,68.18,18.81,Puducherry,Pondicherry,49.71,54,2022,,0.0,0.0,0.0,0.0,0.0,0.0,0.0,0.0
IR-O-I-1480,Thapar Institute of Engineering and Technology,49.86,44.83,70.57,55.09,16.21,Patiala,Punjab,49.65,57,2022,IR-E-I-1480,2265.0,2265.0,0.0,0.0,0.0,0.0,0.0,0.0
IR-O-U-0379,Lovely Professional University,56.4,34.71,66.11,69.33,20.57,Phagwara,Punjab,49.54,58,2022,IR-E-U-0379,3900.0,3900.0,0.0,0.0,0.0,0.0,0.0,0.0
IR-O-U-0064,"Indian Institute of Technology, Patna",62.04,39.31,62.25,51.98,14.24,Patna,Bihar,49.47,59,2022,,0.0,0.0,0.0,0.0,0.0,0.0,0.0,0.0
IR-O-U-0222,JSS Academy of Higher Education and Research,68.12,21.4,69.04,69.37,16.97,Mysuru,Karnataka,49.31,60,2022,,0.0,0.0,0.0,0.0,0.0,0.0,0.0,0.0
IR-O-U-0272,Indian Institute of Science Education & Research Bhopal,66.74,29.19,64.82,66.84,8.66,Bhopal,Madhya Pradesh,49.29,61,2022,,0.0,0.0,0.0,0.0,0.0,0.0,0.0,0.0
IR-O-U-0329,Symbiosis International,65.62,17.8,74.9,66.57,25.46,Pune,Maharashtra,49.22,62,2022,,0.0,0.0,0.0,0.0,0.0,0.0,0.0,0.0
IR-O-U-0098,Delhi Technological University,57.93,32.46,66.55,57.34,28.71,New Delhi,Delhi,49.03,63,2022,IR-E-U-0098,2360.0,2360.0,0.0,0.0,0.0,0.0,0.0,0.0
IR-O-U-0052,Gauhati University,59.42,21.66,89.82,58.19,8.66,Guwahati,Assam,48.98,64,2022,,0.0,0.0,0.0,0.0,0.0,0.0,0.0,0.0
IR-O-U-0355,Indian Institute of Technology Bhubaneswar,53.86,38.2,65.46,60.45,16.97,Bhubaneswar,Odisha,48.46,65,2022,IR-E-U-0355,290.0,290.0,0.0,0.0,0.0,0.0,0.0,0.0
IR-O-U-0584,"Indian Institute of Engineering Science and Technology, Shibpur",50.01,39.35,70.44,48.26,27.26,Howrah,West Bengal,48.45,66,2022,,0.0,0.0,0.0,0.0,0.0,0.0,0.0,0.0
IR-O-U-0474,Sathyabama Institute of Science and Technology,56.99,29.87,65.82,65.05,23.57,Chennai,Tamil Nadu,48.09,67,2022,IR-E-U-0474,2700.0,2700.0,0.0,0.0,0.0,0.0,0.0,0.0
IR-O-U-0334,"Visvesvaraya National Institute of Technology, Nagpur",53.53,39.28,70.53,54.61,6.29,Nagpur,Maharashtra,48.05,68,2022,,0.0,0.0,0.0,0.0,0.0,0.0,0.0,0.0
IR-O-U-0253,Cochin University of Science and Technology,57.05,32.57,73.37,51.63,13.02,Cochin,Kerala,48.02,69,2022,,0.0,0.0,0.0,0.0,0.0,0.0,0.0,0.0
IR-O-I-1357,University of Madras,56.58,32.35,71.3,52.41,18.45,Chennai,Tamil Nadu,48.01,70,2022,,0.0,0.0,0.0,0.0,0.0,0.0,0.0,0.0
IR-O-U-0006,"Andhra University, Visakhapatnam",54.05,25.8,85.7,53.73,15.04,Visakhapatnam,Andhra Pradesh,47.97,71,2022,,0.0,0.0,0.0,0.0,0.0,0.0,0.0,0.0
IR-O-U-0577,National Institute of Technology Durgapur,53.96,35.16,70.09,57.15,14.24,Durgapur,West Bengal,47.9,72,2022,IR-E-U-0577,790.0,790.0,0.0,0.0,0.0,0.0,0.0,0.0
IR-O-U-0136,Gujarat University,64.75,18.38,83.3,57.39,3.78,Ahmedabad,Gujarat,47.72,73,2022,,0.0,0.0,0.0,0.0,0.0,0.0,0.0,0.0
IR-O-U-0107,Jamia Hamdard,56.93,30.15,70.35,60.93,12.18,New Delhi,Delhi,47.5,74,2022,,0.0,0.0,0.0,0.0,0.0,0.0,0.0,0.0
IR-O-U-0523,King George`s Medical University,66.33,26.31,63.36,55.83,9.57,Lucknow,Uttar Pradesh,47.0,75,2022,,0.0,0.0,0.0,0.0,0.0,0.0,0.0,0.0
IR-O-U-0055,"National Institute of Technology, Silchar",52.26,36.84,68.43,57.1,6.29,Silchar,Assam,46.76,76,2022,,0.0,0.0,0.0,0.0,0.0,0.0,0.0,0.0
IR-O-I-1110,Dr. D. Y. Patil Vidyapeeth,69.78,19.22,64.27,61.3,10.89,Pune,Maharashtra,46.76,76,2022,,0.0,0.0,0.0,0.0,0.0,0.0,0.0,0.0
IR-O-U-0498,Babasheb Bhimrao Ambedkar University,53.54,19.68,82.46,74.59,4.8,Lucknow,Uttar Pradesh,46.39,78,2022,,0.0,0.0,0.0,0.0,0.0,0.0,0.0,0.0
IR-O-S-8909,Indian Institute of Management Kozhikode,65.93,15.51,61.55,72.34,23.89,Kozhikode,Kerala,46.36,79,2022,,0.0,0.0,0.0,0.0,0.0,0.0,0.0,0.0
IR-O-U-0376,Guru Nanak Dev University,51.06,28.73,78.53,56.6,10.01,Amritsar,Punjab,46.31,80,2022,,0.0,0.0,0.0,0.0,0.0,0.0,0.0,0.0
IR-O-U-0318,Mumbai University,55.16,22.52,82.54,55.95,7.26,Mumbai,Maharashtra,46.15,81,2022,,0.0,0.0,0.0,0.0,0.0,0.0,0.0,0.0
IR-O-U-0448,Bharathidasan University,57.72,32.56,61.8,48.1,18.81,Tiruchirappalli,Tamil Nadu,46.14,82,2022,,0.0,0.0,0.0,0.0,0.0,0.0,0.0,0.0
IR-O-I-1486,Sri Ramachandra Institute of Higher Education and Research,69.68,17.07,64.33,65.08,6.78,Chennai,Tamil Nadu,46.08,83,2022,,0.0,0.0,0.0,0.0,0.0,0.0,0.0,0.0
IR-O-U-0196,University of Kashmir,60.58,21.23,79.56,51.37,3.78,Srinagar,Jammu and Kashmir,45.98,84,2022,,0.0,0.0,0.0,0.0,0.0,0.0,0.0,0.0
IR-O-U-0374,"Dr. B R Ambedkar National Institute of Technology, Jalandhar",57.67,27.88,66.39,64.32,4.8,Jalandhar,Punjab,45.85,85,2022,,0.0,0.0,0.0,0.0,0.0,0.0,0.0,0.0
IR-O-U-0689,All India Institute of Medical Sciences Jodhpur,64.36,26.23,60.4,61.19,4.3,Jodhpur,Rajasthan,45.81,86,2022,,0.0,0.0,0.0,0.0,0.0,0.0,0.0,0.0
IR-O-U-0389,Banasthali Vidyapith,53.01,15.98,84.96,75.83,5.31,Banasthali,Rajasthan,45.8,87,2022,IR-E-U-0389,930.0,930.0,0.0,0.0,0.0,0.0,0.0,0.0
IR-O-U-0463,Madurai Kamaraj University,63.33,24.04,65.24,52.47,12.6,Madurai,Tamil Nadu,45.77,88,2022,,0.0,0.0,0.0,0.0,0.0,0.0,0.0,0.0
IR-O-N-10,SVKM`s Narsee Monjee Institute of Management Studies,68.42,17.66,64.52,62.17,7.26,Mumbai,Maharashtra,45.68,89,2022,IR-E-N-10,420.0,420.0,0.0,0.0,0.0,0.0,0.0,0.0
IR-O-U-0056,Tezpur University,59.71,27.49,63.29,50.67,16.97,Tezpur,Assam,45.59,90,2022,IR-E-U-0056,361.0,361.0,0.0,0.0,0.0,0.0,0.0,0.0
IR-O-U-0410,Malaviya National Institute of Technology,51.72,38.69,60.72,56.19,3.78,Jaipur,Rajasthan,45.27,91,2022,IR-E-U-0410,900.0,900.0,0.0,0.0,0.0,0.0,0.0,0.0
IR-O-U-0295,Datta Meghe Institute of Medical Sciences,65.25,23.54,59.6,65.38,1.12,Wardha,Maharashtra,45.21,92,2022,,0.0,0.0,0.0,0.0,0.0,0.0,0.0,0.0
IR-O-U-0195,University of Jammu,64.9,19.12,74.83,46.63,2.74,Jammu,Jammu and Kashmir,45.11,93,2022,,0.0,0.0,0.0,0.0,0.0,0.0,0.0,0.0
IR-O-U-0642,Shiv Nadar University,63.53,20.75,64.7,61.38,5.8,Dadri,Uttar Pradesh,44.94,94,2022,,0.0,0.0,0.0,0.0,0.0,0.0,0.0,0.0
IR-O-U-0446,Bharath Institute of Higher Education & Research,56.2,23.15,70.31,64.28,4.3,Chennai,Tamil Nadu,44.73,95,2022,,0.0,0.0,0.0,0.0,0.0,0.0,0.0,0.0
IR-O-C-16604,Sri Sivasubramaniya Nadar College of Engineering,53.14,30.69,63.87,52.73,15.04,Kancheepuram,Tamil Nadu,44.69,96,2022,IR-E-C-16604,780.0,780.0,0.0,0.0,0.0,0.0,0.0,0.0
IR-O-U-0564,University of Petroleum and Energy Studies,56.69,19.48,60.48,65.01,31.99,Dehradun,Uttarakhand,44.65,97,2022,IR-E-U-0564,850.0,850.0,0.0,0.0,0.0,0.0,0.0,0.0
IR-O-U-0215,Bangalore University,58.7,17.38,74.73,57.04,10.45,Bangalore,Karnataka,44.53,98,2022,,0.0,0.0,0.0,0.0,0.0,0.0,0.0,0.0
IR-O-U-0331,Tata Institute of Social Sciences,56.66,10.45,78.36,75.42,11.75,Mumbai,Maharashtra,44.52,99,2022,,0.0,0.0,0.0,0.0,0.0,0.0,0.0,0.0
IR-O-U-0249,Visvesvaraya Technological University,58.94,27.28,61.1,58.36,4.3,Belgaum,Karnataka,44.35,100,2022,IR-E-U-0249,0.0,0.0,0.0,0.0,0.0,0.0,0.0,0.0
IR-O-U-0456,Indian Institute of Technology Madras,86.45,89.88,87.22,63.59,100.0,Chennai,Tamil Nadu,86.69,1,2023,IR-E-U-0456,877.0,877.0,0.0,0.0,0.0,0.0,0.0,0.0
IR-O-U-0220,Indian Institute of Science,82.43,88.45,80.57,59.23,97.94,Bengaluru,Karnataka,83.09,2,2023,,0.0,0.0,0.0,0.0,0.0,0.0,0.0,0.0
IR-O-I-1074,Indian Institute of Technology Delhi,82.06,85.23,79.21,70.32,90.98,New Delhi,Delhi,82.16,3,2023,IR-E-I-1074,1071.0,1071.0,0.0,0.0,0.0,0.0,0.0,0.0
IR-O-U-0306,Indian Institute of Technology Bombay,80.71,86.14,84.26,58.76,84.98,Mumbai,Maharashtra,81.28,4,2023,IR-E-U-0306,1030.0,1030.0,0.0,0.0,0.0,0.0,0.0,0.0
IR-O-I-1075,Indian Institute of Technology Kanpur,85.45,72.94,83.62,60.24,69.84,Kanpur,Uttar Pradesh,77.23,5,2023,IR-E-I-1075,927.0,927.0,0.0,0.0,0.0,0.0,0.0,0.0
IR-O-N-15,"All India Institute of Medical Sciences, Delhi",76.47,67.75,70.46,72.72,75.23,New Delhi,Delhi,72.14,6,2023,,0.0,0.0,0.0,0.0,0.0,0.0,0.0,0.0
IR-O-U-0573,Indian Institute of Technology Kharagpur,73.29,72.25,76.75,57.44,70.68,Kharagpur,West Bengal,71.82,7,2023,IR-E-U-0573,942.0,942.0,0.0,0.0,0.0,0.0,0.0,0.0
IR-O-U-0560,Indian Institute of Technology Roorkee,77.69,68.0,83.15,62.8,50.36,Roorkee,Uttarakhand,71.66,8,2023,IR-E-U-0560,1143.0,1143.0,0.0,0.0,0.0,0.0,0.0,0.0
IR-O-U-0053,Indian Institute of Technology Guwahati,73.43,66.98,82.95,58.3,42.44,Guwahati,Assam,68.78,9,2023,IR-E-U-0053,978.0,978.0,0.0,0.0,0.0,0.0,0.0,0.0
IR-O-U-0109,Jawaharlal Nehru University,73.55,46.56,94.89,73.64,50.73,New Delhi,Delhi,67.44,10,2023,,0.0,0.0,0.0,0.0,0.0,0.0,0.0,0.0
IR-O-U-0500,Banaras Hindu University,72.77,49.18,99.64,61.5,45.43,Varanasi,Uttar Pradesh,67.21,11,2023,,0.0,0.0,0.0,0.0,0.0,0.0,0.0,0.0
IR-O-U-0108,"Jamia Millia Islamia,New Delhi",69.38,49.83,93.85,83.41,26.4,New Delhi,Delhi,65.52,12,2023,,0.0,0.0,0.0,0.0,0.0,0.0,0.0,0.0
IR-O-U-0575,Jadavpur University,67.63,53.66,90.61,56.79,41.08,Kolkata,West Bengal,64.3,13,2023,IR-E-U-0575,1150.0,1150.0,0.0,0.0,0.0,0.0,0.0,0.0
IR-O-U-0013,Indian Institute of Technology Hyderabad,74.38,55.13,73.26,59.03,48.36,Hyderabad,Telangana,64.24,14,2023,IR-E-U-0013,425.0,425.0,0.0,0.0,0.0,0.0,0.0,0.0
IR-O-U-0436,Amrita Vishwa Vidyapeetham,73.39,50.35,73.93,72.47,35.71,Coimbatore,Tamil Nadu,62.74,15,2023,IR-E-U-0436,2580.0,2580.0,0.0,0.0,0.0,0.0,0.0,0.0
IR-O-U-0234,Manipal Academy of Higher Education-Manipal,72.87,54.02,77.97,66.1,24.39,Manipal,Karnataka,62.71,16,2023,,0.0,0.0,0.0,0.0,0.0,0.0,0.0,0.0
IR-O-U-0490,Vellore Institute of Technology,55.66,63.59,80.43,62.55,45.71,Vellore,Tamil Nadu,62.7,17,2023,IR-E-U-0490,7500.0,7500.0,0.0,0.0,0.0,0.0,0.0,0.0
IR-O-U-0439,Anna University,56.24,64.24,74.58,50.29,62.67,Chennai,Tamil Nadu,62.36,18,2023,IR-E-U-0439,2470.0,2470.0,0.0,0.0,0.0,0.0,0.0,0.0
IR-O-U-0496,Aligarh Muslim University,68.87,46.88,94.55,60.04,26.4,Aligarh,Uttar Pradesh,62.27,19,2023,IR-E-U-0496,365.0,365.0,0.0,0.0,0.0,0.0,0.0,0.0
IR-O-U-0042,University of Hyderabad,70.46,44.54,83.27,66.58,26.83,Hyderabad,Telangana,60.49,20,2023,IR-E-U-0042,0.0,257.0,0.0,0.0,0.0,0.0,0.0,0.0
IR-O-U-0467,National Institute of Technology Tiruchirappalli,59.68,48.55,76.18,68.33,58.95,Tiruchirappalli,Tamil Nadu,60.43,21,2023,IR-E-U-0467,964.0,964.0,0.0,0.0,0.0,0.0,0.0,0.0
IR-O-U-0120,University of Delhi,46.65,54.3,97.84,63.98,39.84,Delhi,Delhi,60.24,22,2023,,0.0,0.0,0.0,0.0,0.0,0.0,0.0,0.0
IR-O-U-0570,Calcutta University,66.11,42.3,97.37,53.01,29.33,Kolkata,West Bengal,60.22,23,2023,,0.0,0.0,0.0,0.0,0.0,0.0,0.0,0.0
IR-O-U-0139,Indian Institute of Technology Gandhinagar,74.59,43.13,69.53,69.14,27.47,Gandhinagar,Gujarat,58.89,24,2023,IR-E-U-0139,225.0,225.0,0.0,0.0,0.0,0.0,0.0,0.0
IR-O-U-0391,Birla Institute of Technology  & Science -Pilani,61.65,56.26,74.65,59.16,25.3,Pilani,Rajasthan,58.76,25,2023,IR-E-U-0391,2806.0,2806.0,0.0,0.0,0.0,0.0,0.0,0.0
IR-O-U-0363,Siksha `O` Anusandhan,69.78,40.1,73.26,73.35,34.11,Bhubaneswar,Odisha,58.35,26,2023,IR-E-U-0363,1860.0,1860.0,0.0,0.0,0.0,0.0,0.0,0.0
IR-O-I-1441,Saveetha Institute of Medical and Technical Sciences,69.83,52.18,71.3,67.38,5.37,Chennai,Tamil Nadu,58.14,27,2023,IR-E-I-1441,1320.0,1320.0,0.0,0.0,0.0,0.0,0.0,0.0
IR-O-U-0273,Indian Institute of Technology Indore,66.36,52.71,72.96,60.81,16.1,Indore,Madhya Pradesh,58.0,28,2023,IR-E-U-0273,360.0,360.0,0.0,0.0,0.0,0.0,0.0,0.0
IR-O-U-0356,Kalinga Institute of Industrial Technology,69.63,38.02,78.87,80.13,14.39,Bhubaneswar,Odisha,57.52,29,2023,IR-E-U-0356,3300.0,3300.0,0.0,0.0,0.0,0.0,0.0,0.0
IR-O-U-0304,Homi Bhabha National Institute,73.14,49.45,71.36,54.35,6.08,Mumbai,Maharashtra,57.09,30,2023,,0.0,0.0,0.0,0.0,0.0,0.0,0.0,0.0
IR-O-U-0701,Indian Institute of Technology (Banaras Hindu University) Varanasi,54.83,53.2,75.62,57.38,38.07,Varanasi,Uttar Pradesh,57.08,31,2023,IR-E-U-0701,1163.0,1163.0,0.0,0.0,0.0,0.0,0.0,0.0
IR-O-U-0473,S.R.M. Institute of Science and Technology,61.62,47.02,74.95,64.61,23.94,Chennai,Tamil Nadu,56.44,32,2023,IR-E-U-0473,5550.0,5550.0,0.0,0.0,0.0,0.0,0.0,0.0
IR-O-U-0378,Indian Institute of Technology Ropar,73.68,38.46,66.67,66.44,25.52,Rupnagar,Punjab,56.16,33,2023,IR-E-U-0378,370.0,370.0,0.0,0.0,0.0,0.0,0.0,0.0
IR-O-U-0305,Indian Institute of Science Education & Research Pune,72.45,43.72,63.27,63.57,21.81,Pune,Maharashtra,56.05,34,2023,,0.0,0.0,0.0,0.0,0.0,0.0,0.0,0.0
IR-O-U-0323,Savitribai Phule Pune University,60.99,39.3,94.63,51.78,15.82,Pune,Maharashtra,55.78,35,2023,,0.0,0.0,0.0,0.0,0.0,0.0,0.0,0.0
IR-O-U-0447,Bharathiar University,63.1,43.77,78.87,51.98,25.52,Coimbatore,Tamil Nadu,55.58,36,2023,,0.0,0.0,0.0,0.0,0.0,0.0,0.0,0.0
IR-O-U-0357,National Institute of Technology Rourkela,59.99,51.67,72.69,60.11,14.68,Rourkela,Odisha,55.52,37,2023,IR-E-U-0357,888.0,888.0,0.0,0.0,0.0,0.0,0.0,0.0
IR-O-U-0237,"National Institute of Technology Karnataka, Surathkal",58.46,45.25,75.59,59.23,33.2,Surathkal,Karnataka,55.47,38,2023,,0.0,0.0,0.0,0.0,0.0,0.0,0.0,0.0
IR-O-U-0368,Jawaharlal Institute of Post Graduate Medical Education & Research,73.6,32.12,72.32,71.51,20.83,Puducherry,Pondicherry,55.41,39,2023,,0.0,0.0,0.0,0.0,0.0,0.0,0.0,0.0
IR-O-I-1480,Thapar Institute of Engineering and Technology (Deemed-to-be-university),62.01,49.73,72.17,64.05,8.15,Patiala,Punjab,55.17,40,2023,IR-E-I-1480,2395.0,2395.0,0.0,0.0,0.0,0.0,0.0,0.0
IR-O-U-0308,Institute of Chemical Technology,56.32,49.6,77.89,55.88,15.82,Mumbai,Maharashtra,54.53,41,2023,IR-E-U-0308,211.0,211.0,0.0,0.0,0.0,0.0,0.0,0.0
IR-O-U-0205,Indian Institute of Technology (Indian School of Mines),52.5,54.93,69.0,58.02,20.33,Dhanbad,Jharkhand,53.86,42,2023,IR-E-U-0205,1028.0,1028.0,0.0,0.0,0.0,0.0,0.0,0.0
IR-O-U-0572,Indian Institute of Science Education & Research Kolkata,68.17,41.0,70.16,55.58,13.81,Mohanpur,West Bengal,53.72,43,2023,,0.0,0.0,0.0,0.0,0.0,0.0,0.0,0.0
IR-O-U-0078,Panjab University,51.09,46.65,75.77,59.92,28.52,Chandigarh,Chandigarh,53.31,44,2023,,0.0,0.0,0.0,0.0,0.0,0.0,0.0,0.0
IR-O-U-0747,Chandigarh University,63.55,25.22,75.62,80.27,35.18,Mohali,Punjab,53.29,45,2023,IR-E-U-0747,3240.0,3240.0,0.0,0.0,0.0,0.0,0.0,0.0
IR-O-U-0379,Lovely Professional University,55.92,44.38,66.06,68.34,30.92,Phagwara,Punjab,53.22,46,2023,IR-E-U-0379,4150.0,4150.0,0.0,0.0,0.0,0.0,0.0,0.0
IR-O-U-0260,Kerala University,66.66,22.8,96.02,58.87,8.15,Thiruvananthapuram,Kerala,52.75,47,2023,,0.0,0.0,0.0,0.0,0.0,0.0,0.0,0.0
IR-O-U-0458,Kalasalingam Academy of Research and Education,62.66,30.87,74.68,76.42,18.79,Srivilliputtur,Tamil Nadu,52.52,48,2023,IR-E-U-0458,1470.0,1470.0,0.0,0.0,0.0,0.0,0.0,0.0
IR-O-U-0476,Shanmugha Arts Science Technology & Research Academy,63.88,40.86,68.45,59.4,9.48,Thanjavur,Tamil Nadu,52.0,49,2023,IR-E-U-0476,1920.0,1920.0,0.0,0.0,0.0,0.0,0.0,0.0
IR-O-U-0020,Koneru Lakshmaiah Education Foundation University (K L College of Engineering),62.02,40.74,69.49,57.63,14.68,Vaddeswaram,Andhra Pradesh,51.96,50,2023,IR-E-U-0020,3180.0,3180.0,0.0,0.0,0.0,0.0,0.0,0.0
IR-O-U-0377,"Indian Institute of Science Education & Research, Mohali",63.52,33.6,68.58,72.34,17.73,Mohali,Punjab,51.86,51,2023,,0.0,0.0,0.0,0.0,0.0,0.0,0.0,0.0
IR-O-U-0262,"Mahatma Gandhi University, Kottayam",65.63,38.86,73.44,51.23,6.78,Kottayam,Kerala,51.84,52,2023,,0.0,0.0,0.0,0.0,0.0,0.0,0.0,0.0
IR-O-U-0025,National Institute of Technology Warangal,57.69,39.42,73.79,58.99,20.33,Warangal,Telangana,51.83,53,2023,IR-E-U-0025,945.0,945.0,0.0,0.0,0.0,0.0,0.0,0.0
IR-O-U-0263,National Institute of Technology Calicut,61.05,33.04,73.62,69.11,17.73,Kozhikode,Kerala,51.62,54,2023,IR-E-U-0263,920.0,920.0,0.0,0.0,0.0,0.0,0.0,0.0
IR-O-U-0222,JSS Academy of Higher Education and Research,68.52,23.47,69.35,74.68,22.05,Mysuru,Karnataka,51.15,55,2023,,0.0,0.0,0.0,0.0,0.0,0.0,0.0,0.0
IR-O-U-0435,Alagappa University,61.51,36.63,73.97,52.13,15.54,Karaikudi,Tamil Nadu,50.99,56,2023,,0.0,0.0,0.0,0.0,0.0,0.0,0.0,0.0
IR-O-U-0497,Amity University,47.8,47.16,71.25,64.65,16.65,Gautam Budh Nagar,Uttar Pradesh,50.88,57,2023,IR-E-U-0497,1140.0,1140.0,0.0,0.0,0.0,0.0,0.0,0.0
IR-O-U-0196,University of Kashmir,70.64,26.93,79.58,53.05,2.77,Srinagar,Jammu and Kashmir,50.77,58,2023,,0.0,0.0,0.0,0.0,0.0,0.0,0.0,0.0
IR-O-U-0329,Symbiosis International,67.62,22.91,77.78,63.18,15.54,Pune,Maharashtra,50.59,59,2023,,0.0,0.0,0.0,0.0,0.0,0.0,0.0,0.0
IR-O-U-0272,Indian Institute of Science Education & Research Bhopal,69.05,31.54,63.8,68.33,8.15,Bhopal,Madhya Pradesh,50.58,60,2023,,0.0,0.0,0.0,0.0,0.0,0.0,0.0,0.0
IR-O-U-0098,Delhi Technological University,59.19,35.77,66.39,59.17,28.52,New Delhi,Delhi,50.54,61,2023,IR-E-U-0098,2529.0,2529.0,0.0,0.0,0.0,0.0,0.0,0.0
IR-O-U-0410,Malaviya National Institute of Technology,54.44,42.78,70.67,60.93,9.8,Jaipur,Rajasthan,50.36,62,2023,IR-E-U-0410,832.0,832.0,0.0,0.0,0.0,0.0,0.0,0.0
IR-O-U-0253,Cochin University of Science and Technology,62.4,34.36,73.79,51.74,13.81,Cochin,Kerala,50.34,63,2023,,0.0,0.0,0.0,0.0,0.0,0.0,0.0,0.0
IR-O-U-0027,Osmania University,58.74,31.24,81.26,57.91,9.15,Hyderabad,Telangana,49.94,64,2023,,0.0,0.0,0.0,0.0,0.0,0.0,0.0,0.0
IR-O-I-1357,University of Madras,64.74,32.9,69.4,53.23,14.39,Chennai,Tamil Nadu,49.93,65,2023,,0.0,0.0,0.0,0.0,0.0,0.0,0.0,0.0
IR-O-U-0064,Indian Institute of Technology Patna,52.66,42.86,70.65,57.06,12.92,Patna,Bihar,49.79,66,2023,IR-E-U-0064,427.0,427.0,0.0,0.0,0.0,0.0,0.0,0.0
IR-O-U-0395,Indian Institute of Technology Jodhpur,66.08,31.56,64.6,66.66,9.15,Jodhpur,Rajasthan,49.79,66,2023,IR-E-U-0395,490.0,490.0,0.0,0.0,0.0,0.0,0.0,0.0
IR-O-U-0584,"Indian Institute of Engineering Science and Technology, Shibpur",53.57,38.83,70.43,58.7,21.07,Howrah,West Bengal,49.79,66,2023,,0.0,0.0,0.0,0.0,0.0,0.0,0.0,0.0
IR-O-U-0498,Babasheb Bhimrao Ambedkar University,59.83,24.29,82.07,76.83,2.0,Lucknow,Uttar Pradesh,49.53,69,2023,,0.0,0.0,0.0,0.0,0.0,0.0,0.0,0.0
IR-O-U-0448,Bharathidasan University,57.54,36.39,74.18,52.05,12.31,Tiruchirappalli,Tamil Nadu,49.45,70,2023,,0.0,0.0,0.0,0.0,0.0,0.0,0.0,0.0
IR-O-U-0235,Mysore University,67.43,18.61,87.02,54.62,5.01,Mysuru,Karnataka,49.17,71,2023,,0.0,0.0,0.0,0.0,0.0,0.0,0.0,0.0
IR-O-U-0374,"Dr. B R Ambedkar National Institute of Technology, Jalandhar",57.76,30.74,67.91,66.08,23.0,Jalandhar,Punjab,49.04,72,2023,,0.0,0.0,0.0,0.0,0.0,0.0,0.0,0.0
IR-O-U-0184,Indian Institute of Technology Mandi,56.69,37.36,63.04,67.59,14.39,Mandi,Himachal Pradesh,49.03,73,2023,IR-E-U-0184,301.0,301.0,0.0,0.0,0.0,0.0,0.0,0.0
IR-O-U-0381,"Punjab Agricultural University, Ludhiana",70.53,28.29,67.48,50.37,7.82,Ludhiana,Punjab,48.97,74,2023,,0.0,0.0,0.0,0.0,0.0,0.0,0.0,0.0
IR-O-U-0295,Datta Meghe Institute of Higher Education and Research,67.16,32.85,62.14,64.76,0.0,Wardha,Maharashtra,48.92,75,2023,,0.0,0.0,0.0,0.0,0.0,0.0,0.0,0.0
IR-O-U-0006,"Andhra University, Visakhapatnam",54.39,25.74,84.77,58.63,16.92,Visakhapatnam,Andhra Pradesh,48.54,76,2023,,0.0,0.0,0.0,0.0,0.0,0.0,0.0,0.0
IR-O-U-0523,King George`s Medical University,70.83,26.63,63.34,56.64,9.48,Lucknow,Uttar Pradesh,48.52,77,2023,,0.0,0.0,0.0,0.0,0.0,0.0,0.0,0.0
IR-O-U-0107,Jamia Hamdard,56.02,32.49,70.37,66.02,11.7,New Delhi,Delhi,48.4,78,2023,,0.0,0.0,0.0,0.0,0.0,0.0,0.0,0.0
IR-O-U-0564,UPES,58.19,28.69,60.55,67.05,34.47,Dehradun,Uttarakhand,48.34,79,2023,IR-E-U-0564,1260.0,1260.0,0.0,0.0,0.0,0.0,0.0,0.0
IR-O-C-16604,Sri Sivasubramaniya Nadar College of Engineering,57.79,37.02,67.61,53.63,8.49,Kalavakkam,Tamil Nadu,48.18,80,2023,IR-E-C-16604,780.0,780.0,0.0,0.0,0.0,0.0,0.0,0.0
IR-O-I-1110,Dr. D. Y. Patil Vidyapeeth,70.64,20.55,63.6,62.36,18.53,Pune,Maharashtra,48.17,81,2023,,0.0,0.0,0.0,0.0,0.0,0.0,0.0,0.0
IR-O-U-0334,"Visvesvaraya National Institute of Technology, Nagpur",53.93,39.03,68.88,55.67,9.15,Nagpur,Maharashtra,48.15,82,2023,,0.0,0.0,0.0,0.0,0.0,0.0,0.0,0.0
IR-O-U-0055,National Institute of Technology Silchar,51.36,42.81,68.84,54.16,6.78,Silchar,Assam,48.12,83,2023,IR-E-U-0055,825.0,825.0,0.0,0.0,0.0,0.0,0.0,0.0
IR-O-U-0474,Sathyabama Institute of Science and Technology,53.39,35.72,64.67,66.38,16.38,Chennai,Tamil Nadu,47.95,84,2023,IR-E-U-0474,2940.0,2940.0,0.0,0.0,0.0,0.0,0.0,0.0
IR-O-U-0136,Gujarat University,64.84,18.62,83.31,59.33,2.77,Ahmedabad,Gujarat,47.91,85,2023,,0.0,0.0,0.0,0.0,0.0,0.0,0.0,0.0
IR-O-U-0691,"All India Institute of Medical Sciences, Rishikesh",70.55,29.68,49.57,69.59,9.48,Rishikesh,Uttarakhand,47.89,86,2023,,0.0,0.0,0.0,0.0,0.0,0.0,0.0,0.0
IR-O-U-0376,Guru Nanak Dev University,54.75,27.23,77.53,62.47,12.01,Amritsar,Punjab,47.55,87,2023,,0.0,0.0,0.0,0.0,0.0,0.0,0.0,0.0
IR-O-N-10,SVKM`s Narsee Monjee Institute of Management Studies,70.37,21.34,64.97,64.61,5.01,Mumbai,Maharashtra,47.46,88,2023,,0.0,0.0,0.0,0.0,0.0,0.0,0.0,0.0
IR-O-U-0555,Graphic Era University,57.45,22.95,64.11,69.99,33.38,Dehradun,Uttarakhand,47.29,89,2023,IR-E-U-0555,1110.0,1110.0,0.0,0.0,0.0,0.0,0.0,0.0
IR-O-U-0577,National Institute of Technology Durgapur,51.12,34.57,72.25,56.11,10.45,Durgapur,West Bengal,46.81,90,2023,IR-E-U-0577,876.0,876.0,0.0,0.0,0.0,0.0,0.0,0.0
IR-O-U-0355,Indian Institute of Technology Bhubaneswar,47.35,37.34,67.86,58.25,19.31,Bhubaneswar,Odisha,46.73,91,2023,IR-E-U-0355,355.0,355.0,0.0,0.0,0.0,0.0,0.0,0.0
IR-O-U-0249,Visvesvaraya Technological University,58.85,34.69,61.46,57.77,3.53,Belgaum,Karnataka,46.48,92,2023,IR-E-U-0249,90.0,90.0,0.0,0.0,0.0,0.0,0.0,0.0
IR-O-U-0485,Tamil Nadu Agricultural University,71.27,14.78,69.8,55.16,10.45,Coimbatore,Tamil Nadu,46.33,93,2023,,0.0,0.0,0.0,0.0,0.0,0.0,0.0,0.0
IR-O-U-0463,Madurai Kamaraj University,63.47,24.45,68.37,51.8,10.45,Madurai,Tamil Nadu,46.26,94,2023,,0.0,0.0,0.0,0.0,0.0,0.0,0.0,0.0
IR-O-U-0642,Shiv Nadar University,65.26,24.23,59.23,65.34,9.48,Gautam Buddha Nagar,Uttar Pradesh,46.18,95,2023,,0.0,0.0,0.0,0.0,0.0,0.0,0.0,0.0
IR-O-U-0318,Mumbai University,56.15,17.82,86.24,56.27,7.82,Mumbai,Maharashtra,45.86,96,2023,,0.0,0.0,0.0,0.0,0.0,0.0,0.0,0.0
IR-O-U-0389,Banasthali Vidyapith,50.45,17.72,84.22,77.31,8.15,Banasthali,Rajasthan,45.85,97,2023,IR-E-U-0389,930.0,930.0,0.0,0.0,0.0,0.0,0.0,0.0
IR-O-I-1486,Sri Ramachandra Institute of Higher Education and Research,68.85,18.53,62.74,62.9,7.82,Chennai,Tamil Nadu,45.84,98,2023,,0.0,0.0,0.0,0.0,0.0,0.0,0.0,0.0
IR-O-S-8972,Indian Institute of Management Calcutta,60.63,14.58,63.6,66.22,38.4,Kolkata,West Bengal,45.74,99,2023,,0.0,0.0,0.0,0.0,0.0,0.0,0.0,0.0
IR-O-U-0217,Christ University,52.14,18.96,67.2,69.84,39.05,Bengaluru,Karnataka,45.65,100,2023,,0.0,0.0,0.0,0.0,0.0,0.0,0.0,0.0
IR-O-U-0456,Indian Institute of Technology Madras,88.37,87.3,85.76,65.68,100.0,Chennai,Tamil Nadu,86.42,1,2024,IR-E-U-0456,877.0,877.0,0.0,0.0,0.0,0.0,0.0,0.0
IR-O-U-0220,"Indian Institute of Science, Bengaluru",83.6,86.5,82.17,58.46,99.7,Bengaluru,Karnataka,83.28,2,2024,,0.0,0.0,0.0,0.0,0.0,0.0,0.0,0.0
IR-O-U-0306,Indian Institute of Technology Bombay,83.85,82.35,83.36,59.05,89.32,Mumbai,Maharashtra,81.37,3,2024,IR-E-U-0306,1039.0,1039.0,0.0,0.0,0.0,0.0,0.0,0.0
IR-O-I-1074,Indian Institute of Technology Delhi,76.57,86.23,77.48,66.23,93.48,New Delhi,Delhi,80.31,4,2024,IR-E-I-1074,1093.0,1093.0,0.0,0.0,0.0,0.0,0.0,0.0
IR-O-I-1075,Indian Institute of Technology Kanpur,89.84,69.09,81.96,60.83,74.12,Kanpur,Uttar Pradesh,77.56,5,2024,IR-E-I-1075,1210.0,1210.0,0.0,0.0,0.0,0.0,0.0,0.0
IR-O-U-0573,Indian Institute of Technology Kharagpur,76.65,74.94,80.18,57.29,75.24,Kharagpur,West Bengal,74.77,6,2024,IR-E-U-0573,1262.0,1262.0,0.0,0.0,0.0,0.0,0.0,0.0
IR-O-N-15,All India Institute of Medical Sciences Delhi,79.09,71.26,68.66,71.29,82.97,New Delhi,Delhi,74.27,7,2024,,0.0,0.0,0.0,0.0,0.0,0.0,0.0,0.0
IR-O-U-0560,Indian Institute of Technology Roorkee,76.55,70.48,79.14,62.91,52.89,Roorkee,Uttarakhand,71.52,8,2024,IR-E-U-0560,1100.0,1100.0,0.0,0.0,0.0,0.0,0.0,0.0
IR-O-U-0053,Indian Institute of Technology Guwahati,76.33,64.43,81.35,61.96,43.43,Guwahati,Assam,69.04,9,2024,IR-E-U-0053,902.0,902.0,0.0,0.0,0.0,0.0,0.0,0.0
IR-O-U-0109,Jawaharlal Nehru University,74.93,45.27,97.34,72.28,57.71,New Delhi,Delhi,68.53,10,2024,,0.0,0.0,0.0,0.0,0.0,0.0,0.0,0.0
IR-O-U-0500,Banaras Hindu University,73.59,51.01,94.94,61.57,50.25,Varanasi,Uttar Pradesh,67.56,11,2024,,0.0,0.0,0.0,0.0,0.0,0.0,0.0,0.0
IR-O-U-0013,Indian Institute of Technology Hyderabad,78.96,56.59,73.33,59.21,54.34,Hyderabad,Telangana,66.69,12,2024,IR-E-U-0013,470.0,470.0,0.0,0.0,0.0,0.0,0.0,0.0
IR-O-U-0108,Jamia Millia Islamia,71.29,49.28,92.72,83.1,29.78,New Delhi,Delhi,66.0,13,2024,IR-E-U-0108,350.0,350.0,0.0,0.0,0.0,0.0,0.0,0.0
IR-O-U-0234,"Manipal Academy of Higher Education, Manipal",78.11,55.94,77.34,67.33,25.34,Manipal,Karnataka,64.94,14,2024,,0.0,0.0,0.0,0.0,0.0,0.0,0.0,0.0
IR-O-U-0120,University of Delhi,56.75,56.42,98.54,67.57,43.93,Delhi,Delhi,64.81,15,2024,,0.0,0.0,0.0,0.0,0.0,0.0,0.0,0.0
IR-O-U-0496,Aligarh Muslim University,74.02,45.91,93.81,61.15,33.15,Aligarh,Uttar Pradesh,64.17,16,2024,IR-E-U-0496,365.0,365.0,0.0,0.0,0.0,0.0,0.0,0.0
IR-O-U-0575,Jadavpur University,68.83,51.35,89.92,49.94,48.2,Kolkata,West Bengal,63.84,17,2024,IR-E-U-0575,1150.0,1150.0,0.0,0.0,0.0,0.0,0.0,0.0
IR-O-U-0436,Amrita Vishwa Vidyapeetham,76.51,47.82,77.63,73.83,36.07,Coimbatore,Tamil Nadu,63.81,18,2024,IR-E-U-0436,3240.0,3240.0,0.0,0.0,0.0,0.0,0.0,0.0
IR-O-U-0490,Vellore Institute of Technology,61.51,61.95,79.42,61.11,39.35,Vellore,Tamil Nadu,62.97,19,2024,IR-E-U-0490,7620.0,7620.0,0.0,0.0,0.0,0.0,0.0,0.0
IR-O-U-0439,Anna University,60.32,63.51,71.58,48.93,64.13,Chennai,Tamil Nadu,62.77,20,2024,IR-E-U-0439,2290.0,2290.0,0.0,0.0,0.0,0.0,0.0,0.0
IR-O-U-0473,S.R.M. Institute of Science and Technology,71.69,55.43,76.92,68.55,17.02,Chennai,Tamil Nadu,62.07,21,2024,IR-E-U-0473,4740.0,4740.0,0.0,0.0,0.0,0.0,0.0,0.0
IR-O-I-1441,Saveetha Institute of Medical and Technical Sciences,72.59,60.87,72.82,66.07,5.79,Chennai,Tamil Nadu,61.79,22,2024,IR-E-I-1441,1410.0,1410.0,0.0,0.0,0.0,0.0,0.0,0.0
IR-O-U-0391,"Birla Institute of Technology and Science, Pilani",66.06,57.83,75.19,58.49,28.11,Pilani,Rajasthan,60.87,23,2024,,0.0,0.0,0.0,0.0,0.0,0.0,0.0,0.0
IR-O-U-0363,Siksha `O` Anusandhan,74.09,42.19,74.06,72.74,37.65,Bhubaneswar,Odisha,60.73,24,2024,IR-E-U-0363,2160.0,2160.0,0.0,0.0,0.0,0.0,0.0,0.0
IR-O-U-0042,University of Hyderabad,72.69,45.58,81.39,62.26,25.6,Hyderabad,Telangana,60.55,25,2024,IR-E-U-0042,0.0,256.0,0.0,0.0,0.0,0.0,0.0,0.0
IR-O-U-0570,Calcutta University,70.01,42.11,92.19,50.17,31.61,Kolkata,West Bengal,60.25,26,2024,,0.0,0.0,0.0,0.0,0.0,0.0,0.0,0.0
IR-O-U-0304,Homi Bhabha National Institute,76.29,52.45,76.95,53.84,7.42,Mumbai,Maharashtra,60.13,27,2024,,0.0,0.0,0.0,0.0,0.0,0.0,0.0,0.0
IR-O-U-0356,Kalinga Institute of Industrial Technology,74.74,42.01,79.53,76.35,13.72,Bhubaneswar,Odisha,59.94,28,2024,IR-E-U-0356,3300.0,3300.0,0.0,0.0,0.0,0.0,0.0,0.0
IR-O-U-0139,Indian Institute of Technology Gandhinagar,76.4,41.53,69.97,69.21,24.82,Gandhinagar,Gujarat,58.77,29,2024,IR-E-U-0139,225.0,225.0,0.0,0.0,0.0,0.0,0.0,0.0
IR-O-U-0701,Indian Institute of Technology (Banaras Hindu University) Varanasi,57.16,54.95,76.25,57.97,40.09,Varanasi,Uttar Pradesh,58.69,30,2024,IR-E-U-0701,1163.0,1163.0,0.0,0.0,0.0,0.0,0.0,0.0
IR-O-U-0467,National Institute of Technology Tiruchirappalli,57.74,48.14,74.21,64.62,55.37,Tiruchirappalli,Tamil Nadu,58.6,31,2024,IR-E-U-0467,964.0,964.0,0.0,0.0,0.0,0.0,0.0,0.0
IR-O-U-0747,Chandigarh University,68.5,39.66,78.18,77.52,24.56,Mohali,Punjab,58.3,32,2024,IR-E-U-0747,3240.0,3240.0,0.0,0.0,0.0,0.0,0.0,0.0
IR-O-U-0273,Indian Institute of Technology Indore,65.54,50.91,71.78,60.73,19.49,Indore,Madhya Pradesh,57.31,33,2024,IR-E-U-0273,360.0,360.0,0.0,0.0,0.0,0.0,0.0,0.0
IR-O-U-0357,National Institute of Technology Rourkela,63.94,50.54,75.22,59.6,17.02,Rourkela,Odisha,57.04,34,2024,IR-E-U-0357,888.0,888.0,0.0,0.0,0.0,0.0,0.0,0.0
IR-O-U-0205,Indian Institute of Technology (Indian School of Mines) Dhanbad,59.69,55.05,71.72,59.2,22.93,Dhanbad,Jharkhand,56.97,35,2024,IR-E-U-0205,1028.0,1028.0,0.0,0.0,0.0,0.0,0.0,0.0
IR-O-U-0222,JSS Academy of Higher Education and Research,76.68,32.12,69.66,76.95,15.07,Mysuru,Karnataka,55.79,36,2024,,0.0,0.0,0.0,0.0,0.0,0.0,0.0,0.0
IR-O-U-0323,Savitribai Phule Pune University,61.07,39.17,89.65,52.59,24.29,Pune,Maharashtra,55.69,37,2024,,0.0,0.0,0.0,0.0,0.0,0.0,0.0,0.0
IR-O-U-0260,Kerala University,74.52,26.72,94.82,58.19,4.52,Thiruvananthapuram,Kerala,55.61,38,2024,,0.0,0.0,0.0,0.0,0.0,0.0,0.0,0.0
IR-O-U-0368,Jawaharlal Institute of Post Graduate Medical Education and Research,72.86,33.47,71.01,70.11,24.02,Puducherry,Pondicherry,55.51,39,2024,,0.0,0.0,0.0,0.0,0.0,0.0,0.0,0.0
IR-O-U-0020,Koneru Lakshmaiah Education Foundation University (K L College of Engineering),67.87,41.54,71.78,66.48,16.38,Vaddeswaram,Andhra Pradesh,55.47,40,2024,IR-E-U-0020,3060.0,3060.0,0.0,0.0,0.0,0.0,0.0,0.0
IR-O-U-0006,Andhra University,75.44,26.05,85.19,64.68,10.13,Visakhapatnam,Andhra Pradesh,54.97,41,2024,,0.0,0.0,0.0,0.0,0.0,0.0,0.0,0.0
IR-O-U-0305,Indian Institute of Science Education and Research Pune,72.8,41.09,61.53,62.28,21.53,Pune,Maharashtra,54.86,42,2024,,0.0,0.0,0.0,0.0,0.0,0.0,0.0,0.0
IR-O-I-1480,Thapar Institute of Engineering and Technology (Deemed-to-be-university),65.0,43.36,71.19,63.83,17.02,Patiala,Punjab,54.83,43,2024,IR-E-I-1480,2500.0,2500.0,0.0,0.0,0.0,0.0,0.0,0.0
IR-O-U-0447,Bharathiar University,64.04,42.45,78.16,54.05,18.27,Coimbatore,Tamil Nadu,54.81,44,2024,,0.0,0.0,0.0,0.0,0.0,0.0,0.0,0.0
IR-O-U-0379,Lovely Professional University,57.1,49.75,66.63,69.81,22.1,Phagwara,Punjab,54.58,45,2024,IR-E-U-0379,3085.0,3085.0,0.0,0.0,0.0,0.0,0.0,0.0
IR-O-U-0237,"National Institute of Technology Karnataka, Surathkal",55.75,43.41,74.39,62.79,35.25,Surathkal,Karnataka,54.44,46,2024,,0.0,0.0,0.0,0.0,0.0,0.0,0.0,0.0
IR-O-U-0476,Shanmugha Arts Science Technology and Research Academy,69.41,37.64,71.47,66.23,11.24,Thanjavur,Tamil Nadu,54.14,47,2024,IR-E-U-0476,1980.0,1980.0,0.0,0.0,0.0,0.0,0.0,0.0
IR-O-U-0378,Indian Institute of Technology Ropar,68.81,39.95,67.5,65.22,14.74,Rupnagar,Punjab,54.12,48,2024,IR-E-U-0378,370.0,370.0,0.0,0.0,0.0,0.0,0.0,0.0
IR-O-U-0497,Amity University,56.77,50.31,71.92,65.59,9.75,Gautam Budh Nagar,Uttar Pradesh,54.04,49,2024,IR-E-U-0497,1140.0,1140.0,0.0,0.0,0.0,0.0,0.0,0.0
IR-O-U-0458,Kalasalingam Academy of Research and Education,69.75,32.36,74.56,74.3,10.5,Srivilliputhur,Tamil Nadu,54.02,50,2024,IR-E-U-0458,1590.0,1590.0,0.0,0.0,0.0,0.0,0.0,0.0
IR-O-U-0253,Cochin University of Science and Technology,71.68,35.53,73.76,56.1,14.74,Cochin,Kerala,53.99,51,2024,,0.0,0.0,0.0,0.0,0.0,0.0,0.0,0.0
IR-O-U-0329,Symbiosis International,72.53,27.49,78.53,64.79,17.34,Pune,Maharashtra,53.93,52,2024,,0.0,0.0,0.0,0.0,0.0,0.0,0.0,0.0
IR-O-U-0025,National Institute of Technology Warangal,61.76,42.22,72.75,57.84,22.1,Warangal,Telangana,53.74,53,2024,IR-E-U-0025,989.0,989.0,0.0,0.0,0.0,0.0,0.0,0.0
IR-O-U-0263,National Institute of Technology Calicut,66.21,32.44,72.82,68.16,26.88,Kozhikode,Kerala,53.66,54,2024,IR-E-U-0263,920.0,920.0,0.0,0.0,0.0,0.0,0.0,0.0
IR-O-U-0448,Bharathidasan University,65.13,39.14,79.78,53.33,8.99,Tiruchirappalli,Tamil Nadu,53.47,55,2024,,0.0,0.0,0.0,0.0,0.0,0.0,0.0,0.0
IR-O-U-0308,Institute of Chemical Technology,55.91,45.68,75.08,55.39,23.48,Mumbai,Maharashtra,53.38,56,2024,IR-E-U-0308,211.0,211.0,0.0,0.0,0.0,0.0,0.0,0.0
IR-O-U-0052,Gauhati University,71.82,24.11,88.28,60.98,7.42,Guwahati,Assam,53.28,57,2024,,0.0,0.0,0.0,0.0,0.0,0.0,0.0,0.0
IR-O-U-0498,Babasaheb Bhimrao Ambedkar University,69.31,25.46,80.94,78.63,7.82,Lucknow,Uttar Pradesh,53.26,58,2024,,0.0,0.0,0.0,0.0,0.0,0.0,0.0,0.0
IR-O-U-0564,UPES,64.11,41.19,60.62,65.76,27.62,Dehradun,Uttarakhand,53.05,59,2024,IR-E-U-0564,1205.0,1205.0,0.0,0.0,0.0,0.0,0.0,0.0
IR-O-U-0078,Panjab University,54.31,42.01,74.07,63.38,29.55,Chandigarh,Chandigarh,52.99,60,2024,,0.0,0.0,0.0,0.0,0.0,0.0,0.0,0.0
IR-O-U-0572,Indian Institute of Science Education and Research Kolkata,68.89,39.53,66.79,54.52,15.73,Mohanpur,West Bengal,52.91,61,2024,,0.0,0.0,0.0,0.0,0.0,0.0,0.0,0.0
IR-O-U-0107,Jamia Hamdard,68.66,34.45,70.2,66.17,12.32,New Delhi,Delhi,52.83,62,2024,,0.0,0.0,0.0,0.0,0.0,0.0,0.0,0.0
IR-O-I-1110,Dr. D. Y. Patil Vidyapeeth,74.46,26.12,63.1,61.74,37.45,Pune,Maharashtra,52.72,63,2024,,0.0,0.0,0.0,0.0,0.0,0.0,0.0,0.0
IR-O-I-1357,University of Madras,69.31,38.5,65.47,53.22,18.27,Chennai,Tamil Nadu,52.58,64,2024,,0.0,0.0,0.0,0.0,0.0,0.0,0.0,0.0
IR-O-U-0377,Indian Institute of Science Education and Research Mohali,67.38,32.89,70.81,66.14,17.34,Mohali,Punjab,52.58,64,2024,,0.0,0.0,0.0,0.0,0.0,0.0,0.0,0.0
IR-O-U-0098,Delhi Technological University,63.18,37.87,67.5,56.65,29.07,New Delhi,Delhi,52.38,66,2024,IR-E-U-0098,2529.0,2529.0,0.0,0.0,0.0,0.0,0.0,0.0
IR-O-U-0262,Mahatma Gandhi University,71.36,37.27,70.97,51.09,4.09,Kottayam,Kerala,52.3,67,2024,,0.0,0.0,0.0,0.0,0.0,0.0,0.0,0.0
IR-O-U-0395,Indian Institute of Technology Jodhpur,71.5,34.91,63.56,67.12,8.99,Jodhpur,Rajasthan,52.24,68,2024,IR-E-U-0395,490.0,490.0,0.0,0.0,0.0,0.0,0.0,0.0
IR-O-U-0196,University of Kashmir,71.14,31.25,79.72,51.14,3.66,Srinagar,Jammu and Kashmir,52.14,69,2024,,0.0,0.0,0.0,0.0,0.0,0.0,0.0,0.0
IR-O-U-0027,Osmania University,64.75,28.77,85.33,58.05,10.87,Hyderabad,Telangana,52.02,70,2024,,0.0,0.0,0.0,0.0,0.0,0.0,0.0,0.0
IR-O-U-0295,Datta Meghe Institute of Higher Education and Research,71.49,38.33,61.26,64.14,1.41,Wardha,Maharashtra,51.75,71,2024,,0.0,0.0,0.0,0.0,0.0,0.0,0.0,0.0
IR-O-U-0184,Indian Institute of Technology Mandi,65.48,38.39,61.96,70.37,10.87,Mandi,Himachal Pradesh,51.68,72,2024,IR-E-U-0184,301.0,301.0,0.0,0.0,0.0,0.0,0.0,0.0
IR-O-U-0064,Indian Institute of Technology Patna,60.25,42.04,70.12,54.1,11.24,Patna,Bihar,51.24,73,2024,IR-E-U-0064,547.0,547.0,0.0,0.0,0.0,0.0,0.0,0.0
IR-O-U-0691,All India Institute of Medical Sciences Rishikesh,74.07,35.35,50.68,69.13,13.37,Rishikesh,Uttarakhand,51.22,74,2024,,0.0,0.0,0.0,0.0,0.0,0.0,0.0,0.0
IR-O-U-0574,"Indian Statistical Institute, Kolkata",68.05,32.99,67.59,45.27,27.37,Kolkata,West Bengal,51.1,75,2024,,0.0,0.0,0.0,0.0,0.0,0.0,0.0,0.0
IR-O-U-0435,Alagappa University,65.88,35.3,73.76,51.91,7.82,Karaikudi,Tamil Nadu,51.07,76,2024,,0.0,0.0,0.0,0.0,0.0,0.0,0.0,0.0
IR-O-U-0334,Visvesvaraya National Institute of Technology Nagpur,62.96,37.25,68.6,55.82,16.7,Nagpur,Maharashtra,51.03,77,2024,IR-E-U-0334,855.0,855.0,0.0,0.0,0.0,0.0,0.0,0.0
IR-O-U-0272,Indian Institute of Science Education and Research Bhopal,69.14,31.99,65.96,67.87,6.2,Bhopal,Madhya Pradesh,50.94,78,2024,,0.0,0.0,0.0,0.0,0.0,0.0,0.0,0.0
IR-O-U-0555,Graphic Era University,59.9,33.86,62.93,66.08,32.5,Dehradun,Uttarakhand,50.58,79,2024,IR-E-U-0555,1110.0,1110.0,0.0,0.0,0.0,0.0,0.0,0.0
IR-O-U-0381,Punjab Agricultural University,74.19,32.43,64.12,49.58,7.82,Ludhiana,Punjab,50.55,80,2024,,0.0,0.0,0.0,0.0,0.0,0.0,0.0,0.0
IR-O-C-16604,Sri Sivasubramaniya Nadar College of Engineering,61.3,39.4,67.32,57.14,10.5,Kalavakkam,Tamil Nadu,50.43,81,2024,IR-E-C-16604,780.0,780.0,0.0,0.0,0.0,0.0,0.0,0.0
IR-O-U-0410,Malaviya National Institute of Technology,58.02,42.66,69.7,52.47,10.13,Jaipur,Rajasthan,50.41,82,2024,IR-E-U-0410,811.0,811.0,0.0,0.0,0.0,0.0,0.0,0.0
IR-O-U-0689,All India Institute of Medical Sciences Jodhpur,72.7,33.93,56.36,60.62,6.2,Jodhpur,Rajasthan,49.94,83,2024,,0.0,0.0,0.0,0.0,0.0,0.0,0.0,0.0
IR-O-N-10,SVKM`s Narsee Monjee Institute of Management Studies,74.0,24.83,64.38,65.17,5.37,Mumbai,Maharashtra,49.59,84,2024,,0.0,0.0,0.0,0.0,0.0,0.0,0.0,0.0
IR-O-U-0474,Sathyabama Institute of Science and Technology,59.05,36.3,63.32,70.64,11.96,Chennai,Tamil Nadu,49.52,85,2024,IR-E-U-0474,2580.0,2580.0,0.0,0.0,0.0,0.0,0.0,0.0
IR-O-U-0235,Mysore University,70.8,19.35,79.51,57.96,7.02,Mysuru,Karnataka,49.45,86,2024,,0.0,0.0,0.0,0.0,0.0,0.0,0.0,0.0
IR-O-U-0195,University of Jammu,72.95,23.43,74.91,52.72,2.32,Jammu,Jammu and Kashmir,49.4,87,2024,,0.0,0.0,0.0,0.0,0.0,0.0,0.0,0.0
IR-O-U-0523,King George`s Medical University,72.12,27.45,62.81,56.24,9.37,Lucknow,Uttar Pradesh,48.98,88,2024,,0.0,0.0,0.0,0.0,0.0,0.0,0.0,0.0
IR-O-U-0190,Shoolini University of Biotechnology and Management Sciences,54.64,39.24,68.7,65.98,4.52,Solan,Himachal Pradesh,48.95,89,2024,IR-E-U-0190,190.0,190.0,0.0,0.0,0.0,0.0,0.0,0.0
IR-O-U-0217,Christ University,58.34,22.05,66.49,72.84,39.72,Bengaluru,Karnataka,48.66,90,2024,IR-E-U-0217,660.0,660.0,0.0,0.0,0.0,0.0,0.0,0.0
IR-O-U-0446,Bharath Institute of Higher Education and Research,67.46,22.62,67.73,71.19,9.37,Chennai,Tamil Nadu,48.64,91,2024,,0.0,0.0,0.0,0.0,0.0,0.0,0.0,0.0
IR-O-U-0055,National Institute of Technology Silchar,50.88,43.7,69.93,56.42,5.37,Silchar,Assam,48.55,92,2024,IR-E-U-0055,825.0,825.0,0.0,0.0,0.0,0.0,0.0,0.0
IR-O-U-0577,National Institute of Technology Durgapur,57.81,32.74,71.05,57.97,11.24,Durgapur,West Bengal,48.29,93,2024,IR-E-U-0577,876.0,876.0,0.0,0.0,0.0,0.0,0.0,0.0
IR-O-U-0136,Gujarat University,67.97,17.53,81.99,57.0,4.09,Ahmedabad,Gujarat,48.16,94,2024,,0.0,0.0,0.0,0.0,0.0,0.0,0.0,0.0
IR-O-U-0642,Shiv Nadar University,71.43,25.51,59.74,66.79,4.09,Gautam Buddha Nagar,Uttar Pradesh,48.12,95,2024,,0.0,0.0,0.0,0.0,0.0,0.0,0.0,0.0
IR-O-I-1486,Sri Ramachandra Institute of Higher Education and Research,72.73,22.22,62.46,62.99,8.21,Chennai,Tamil Nadu,48.1,96,2024,,0.0,0.0,0.0,0.0,0.0,0.0,0.0,0.0
IR-O-U-0003,Acharya Nagarjuna University,64.38,17.0,82.97,65.0,2.32,Guntur,Andhra Pradesh,47.73,97,2024,,0.0,0.0,0.0,0.0,0.0,0.0,0.0,0.0
IR-O-U-0331,Tata Institute of Social Sciences,66.96,15.83,71.49,72.19,11.96,Mumbai,Maharashtra,47.56,98,2024,,0.0,0.0,0.0,0.0,0.0,0.0,0.0,0.0
IR-O-U-0686,All India Institute of Medical Sciences Patna,69.57,20.49,60.0,66.08,19.19,Patna,Bihar,47.55,99,2024,,0.0,0.0,0.0,0.0,0.0,0.0,0.0,0.0
IR-O-U-0470,Periyar University,61.51,29.46,69.58,59.86,2.32,Salem,Tamil Nadu,47.43,100,2024,,0.0,0.0,0.0,0.0,0.0,0.0,0.0,0.0
IR-O-U-0456,Indian Institute of Technology Madras,90.58,88.02,87.01,63.34,100.0,Chennai,Tamil Nadu,87.31,1,2025,IR-E-U-0456,877.0,877.0,0.0,0.0,0.0,0.0,0.0,0.0
IR-O-U-0220,Indian Institute of Science,86.47,88.16,83.69,60.29,98.41,Bengaluru,Karnataka,85.0,2,2025,,0.0,0.0,0.0,0.0,0.0,0.0,0.0,0.0
IR-O-U-0306,Indian Institute of Technology Bombay,83.79,83.05,86.04,60.13,83.35,Mumbai,Maharashtra,81.62,3,2025,IR-E-U-0306,1059.0,1059.0,0.0,0.0,0.0,0.0,0.0,0.0
IR-O-I-1074,Indian Institute of Technology Delhi,80.52,86.67,74.71,63.54,92.23,New Delhi,Delhi,80.67,4,2025,IR-E-I-1074,1093.0,1093.0,0.0,0.0,0.0,0.0,0.0,0.0
IR-O-I-1075,Indian Institute of Technology Kanpur,86.36,72.12,82.01,60.38,72.56,Kanpur,Uttar Pradesh,77.25,5,2025,IR-E-I-1075,1210.0,1210.0,0.0,0.0,0.0,0.0,0.0,0.0
IR-O-U-0573,Indian Institute of Technology Kharagpur,77.73,71.21,81.52,60.63,69.51,Kharagpur,West Bengal,73.99,6,2025,IR-E-U-0573,943.0,943.0,0.0,0.0,0.0,0.0,0.0,0.0
IR-O-U-0560,Indian Institute of Technology Roorkee,73.06,72.05,82.9,64.95,51.24,Roorkee,Uttarakhand,71.73,7,2025,IR-E-U-0560,1100.0,1100.0,0.0,0.0,0.0,0.0,0.0,0.0
IR-O-N-15,"All India Institute of Medical Sciences, Delhi",75.64,65.06,68.65,70.92,75.4,New Delhi,Delhi,70.57,8,2025,,0.0,0.0,0.0,0.0,0.0,0.0,0.0,0.0
IR-O-U-0109,Jawaharlal Nehru University,75.53,45.59,99.93,78.82,54.13,New Delhi,Delhi,69.62,9,2025,,0.0,0.0,0.0,0.0,0.0,0.0,0.0,0.0
IR-O-U-0500,Banaras Hindu University,76.41,51.17,95.42,65.95,47.63,Varanasi,Uttar Pradesh,68.71,10,2025,,0.0,0.0,0.0,0.0,0.0,0.0,0.0,0.0
IR-O-U-0053,Indian Institute of Technology Guwahati,68.27,67.16,82.12,62.73,43.52,Guwahati,Assam,67.67,11,2025,IR-E-U-0053,1008.0,1008.0,0.0,0.0,0.0,0.0,0.0,0.0
IR-O-U-0013,Indian Institute of Technology Hyderabad,79.81,56.77,73.89,58.56,54.35,Hyderabad,Telangana,67.04,12,2025,IR-E-U-0013,595.0,595.0,0.0,0.0,0.0,0.0,0.0,0.0
IR-O-U-0108,Jamia Millia Islamia,73.81,50.03,92.56,83.83,29.47,New Delhi,Delhi,66.99,13,2025,IR-E-U-0108,350.0,350.0,0.0,0.0,0.0,0.0,0.0,0.0
IR-O-U-0234,Manipal Academy of Higher Education-Manipal,79.44,61.76,78.52,67.71,20.28,Manipal,Karnataka,66.86,14,2025,,0.0,0.0,0.0,0.0,0.0,0.0,0.0,0.0
IR-O-U-0120,University of Delhi,60.65,58.51,96.94,70.15,40.55,Delhi,Delhi,66.19,15,2025,,0.0,0.0,0.0,0.0,0.0,0.0,0.0,0.0
IR-O-U-0391,Birla Institute of Technology  & Science -Pilani,72.16,63.27,77.74,61.42,27.41,Pilani,Rajasthan,65.06,16,2025,IR-E-U-0391,2961.0,2961.0,0.0,0.0,0.0,0.0,0.0,0.0
IR-O-U-0436,Amrita Vishwa Vidyapeetham,76.85,51.06,81.91,71.42,30.67,Coimbatore,Tamil Nadu,64.97,17,2025,IR-E-U-0436,3180.0,3180.0,0.0,0.0,0.0,0.0,0.0,0.0
IR-O-U-0575,Jadavpur University,71.61,52.19,87.82,52.34,44.1,Kolkata,West Bengal,64.34,18,2025,IR-E-U-0575,1150.0,1150.0,0.0,0.0,0.0,0.0,0.0,0.0
IR-O-U-0496,Aligarh Muslim University,71.5,48.04,93.79,64.58,26.77,Aligarh,Uttar Pradesh,63.76,19,2025,IR-E-U-0496,365.0,365.0,0.0,0.0,0.0,0.0,0.0,0.0
IR-O-U-0304,Homi Bhabha National Institute,76.94,54.16,84.47,56.4,11.67,Mumbai,Maharashtra,63.03,20,2025,,0.0,0.0,0.0,0.0,0.0,0.0,0.0,0.0
IR-O-U-0490,Vellore Institute of Technology,60.55,59.53,83.42,60.61,41.16,Vellore,Tamil Nadu,62.88,21,2025,IR-E-U-0490,7620.0,7620.0,0.0,0.0,0.0,0.0,0.0,0.0
IR-O-U-0473,S.R.M. Institute of Science and Technology,70.31,54.56,82.47,68.94,20.28,Chennai,Tamil Nadu,62.87,22,2025,IR-E-U-0473,5040.0,5040.0,0.0,0.0,0.0,0.0,0.0,0.0
IR-O-I-1441,Saveetha Institute of Medical and Technical Sciences,76.12,56.28,73.63,71.44,6.42,Chennai,Tamil Nadu,62.23,23,2025,IR-E-I-1441,1410.0,1410.0,0.0,0.0,0.0,0.0,0.0,0.0
IR-O-U-0101,Indian Agricultural Research Institute,74.07,46.15,80.08,78.51,16.61,New Delhi,Delhi,61.59,24,2025,,0.0,0.0,0.0,0.0,0.0,0.0,0.0,0.0
IR-O-U-0363,Siksha `O` Anusandhan,75.45,42.48,77.23,73.03,28.87,Bhubaneswar,Odisha,61.01,25,2025,IR-E-U-0363,2460.0,2460.0,0.0,0.0,0.0,0.0,0.0,0.0
IR-O-U-0042,University of Hyderabad,73.24,44.59,78.52,63.01,29.68,Hyderabad,Telangana,60.32,26,2025,IR-E-U-0042,0.0,274.0,0.0,0.0,0.0,0.0,0.0,0.0
IR-O-U-0356,Kalinga Institute of Industrial Technology,74.01,43.99,80.53,77.74,8.46,Bhubaneswar,Odisha,60.13,27,2025,IR-E-U-0356,3300.0,3300.0,0.0,0.0,0.0,0.0,0.0,0.0
IR-O-U-0273,Indian Institute of Technology Indore,70.95,55.01,70.76,64.23,17.69,Indore,Madhya Pradesh,60.13,27,2025,IR-E-U-0273,360.0,360.0,0.0,0.0,0.0,0.0,0.0,0.0
IR-O-U-0439,Anna University,62.63,54.88,67.82,51.3,61.18,Chennai,Tamil Nadu,60.06,29,2025,IR-E-U-0439,2380.0,2380.0,0.0,0.0,0.0,0.0,0.0,0.0
IR-O-U-0467,National Institute of Technology Tiruchirappalli,59.31,50.4,74.23,66.37,56.51,Tiruchirappalli,Tamil Nadu,60.05,30,2025,IR-E-U-0467,964.0,964.0,0.0,0.0,0.0,0.0,0.0,0.0
IR-O-U-0701,Indian Institute of Technology (Banaras Hindu University) Varanasi,57.05,57.79,77.97,60.88,38.97,Varanasi,Uttar Pradesh,60.03,31,2025,IR-E-U-0701,1163.0,1163.0,0.0,0.0,0.0,0.0,0.0,0.0
IR-O-U-0747,Chandigarh University,65.11,49.13,78.05,74.25,22.48,Mohali,Punjab,59.55,32,2025,IR-E-U-0747,3210.0,3210.0,0.0,0.0,0.0,0.0,0.0,0.0
IR-O-U-0079,Post Graduate Institute of Medical Education and Research,73.74,54.65,55.7,68.41,26.56,Chandigarh,Chandigarh,59.15,33,2025,,0.0,0.0,0.0,0.0,0.0,0.0,0.0,0.0
IR-O-U-0357,National Institute of Technology Rourkela,64.87,53.58,76.96,60.45,15.78,Rourkela,Odisha,58.55,34,2025,IR-E-U-0357,888.0,888.0,0.0,0.0,0.0,0.0,0.0,0.0
IR-O-U-0205,Indian Institute of Technology (Indian School of Mines),62.12,55.35,73.56,60.64,23.19,Dhanbad,Jharkhand,58.33,35,2025,IR-E-U-0205,1028.0,1028.0,0.0,0.0,0.0,0.0,0.0,0.0
IR-O-U-0064,Indian Institute of Technology Patna,69.77,47.23,72.43,64.12,16.34,Patna,Bihar,57.63,36,2025,IR-E-U-0064,582.0,582.0,0.0,0.0,0.0,0.0,0.0,0.0
IR-O-U-0497,Amity University,62.88,55.83,74.32,63.12,7.11,Gautam Budh Nagar,Uttar Pradesh,57.49,37,2025,IR-E-U-0497,1775.0,1775.0,0.0,0.0,0.0,0.0,0.0,0.0
IR-O-U-0222,JSS Academy of Higher Education and Research,76.72,35.68,71.51,79.49,14.64,Mysuru,Karnataka,57.43,38,2025,,0.0,0.0,0.0,0.0,0.0,0.0,0.0,0.0
IR-O-U-0139,Indian Institute of Technology Gandhinagar,73.24,41.27,69.35,67.92,20.03,Gandhinagar,Gujarat,57.01,39,2025,IR-E-U-0139,225.0,225.0,0.0,0.0,0.0,0.0,0.0,0.0
IR-O-U-0329,Symbiosis International,73.49,38.34,72.97,64.0,23.19,Pune,Maharashtra,56.86,40,2025,IR-E-U-0329,600.0,600.0,0.0,0.0,0.0,0.0,0.0,0.0
IR-O-U-0006,"Andhra University, Visakhapatnam",75.27,26.41,86.6,73.86,14.07,Visakhapatnam,Andhra Pradesh,56.62,41,2025,,0.0,0.0,0.0,0.0,0.0,0.0,0.0,0.0
IR-O-U-0260,Kerala University,71.19,29.64,94.62,64.07,6.76,Thiruvananthapuram,Kerala,56.26,42,2025,,0.0,0.0,0.0,0.0,0.0,0.0,0.0,0.0
IR-O-U-0368,Jawaharlal Institute of Post Graduate Medical Education & Research,75.73,33.76,70.9,70.67,21.27,Puducherry,Pondicherry,56.23,43,2025,,0.0,0.0,0.0,0.0,0.0,0.0,0.0,0.0
IR-O-I-1480,Thapar Institute of Engineering and Technology (Deemed-to-be-university),68.42,45.12,72.16,65.69,11.36,Patiala,Punjab,56.21,44,2025,IR-E-I-1480,2500.0,2500.0,0.0,0.0,0.0,0.0,0.0,0.0
IR-O-U-0263,National Institute of Technology Calicut,72.96,36.05,72.32,67.54,22.48,Kozhikode,Kerala,56.16,45,2025,IR-E-U-0263,920.0,920.0,0.0,0.0,0.0,0.0,0.0,0.0
IR-O-U-0020,Koneru Lakshmaiah Education Foundation University (K L College of Engineering),69.03,45.33,73.12,66.74,3.89,Vaddeswaram,Andhra Pradesh,55.99,46,2025,IR-E-U-0020,3420.0,3420.0,0.0,0.0,0.0,0.0,0.0,0.0
IR-O-U-0570,Calcutta University,64.81,37.24,88.18,51.81,24.79,Kolkata,West Bengal,55.91,47,2025,,0.0,0.0,0.0,0.0,0.0,0.0,0.0,0.0
IR-O-U-0458,Kalasalingam Academy of Research and Education,70.43,36.39,74.68,76.54,10.42,Krishnan Koil,Tamil Nadu,55.68,48,2025,IR-E-U-0458,1719.0,1719.0,0.0,0.0,0.0,0.0,0.0,0.0
IR-O-U-0379,Lovely Professional University,58.1,49.4,69.31,69.89,23.88,Phagwara,Punjab,55.49,49,2025,IR-E-U-0379,6095.0,6095.0,0.0,0.0,0.0,0.0,0.0,0.0
IR-O-U-0253,Cochin University of Science and Technology,72.74,39.25,75.69,58.95,7.45,Cochin,Kerala,55.38,50,2025,,0.0,0.0,0.0,0.0,0.0,0.0,0.0,0.0
IR-O-U-0476,Shanmugha Arts Science Technology & Research Academy,71.76,36.5,74.04,71.78,8.46,Thanjavur,Tamil Nadu,55.32,51,2025,IR-E-U-0476,2220.0,2220.0,0.0,0.0,0.0,0.0,0.0,0.0
IR-O-U-0052,Gauhati University,73.43,26.49,89.46,64.21,9.78,Guwahati,Assam,55.27,52,2025,,0.0,0.0,0.0,0.0,0.0,0.0,0.0,0.0
IR-O-U-0027,Osmania University,75.88,27.86,86.93,57.17,10.1,Hyderabad,Telangana,55.24,53,2025,,0.0,0.0,0.0,0.0,0.0,0.0,0.0,0.0
IR-O-U-0237,"National Institute of Technology Karnataka, Surathkal",59.76,44.19,73.98,62.67,29.47,Surathkal,Karnataka,55.21,54,2025,,0.0,0.0,0.0,0.0,0.0,0.0,0.0,0.0
IR-O-U-0305,Indian Institute of Science Education & Research Pune,69.0,44.43,60.39,64.23,23.65,Pune,Maharashtra,54.9,55,2025,,0.0,0.0,0.0,0.0,0.0,0.0,0.0,0.0
IR-O-U-0378,Indian Institute of Technology Ropar,65.95,42.3,70.37,63.66,18.48,Rupnagar,Punjab,54.76,56,2025,IR-E-U-0378,395.0,395.0,0.0,0.0,0.0,0.0,0.0,0.0
IR-O-U-0078,Panjab University,56.77,41.58,80.37,65.25,25.46,Chandigarh,Chandigarh,54.65,57,2025,IR-E-U-0078,698.0,698.0,0.0,0.0,0.0,0.0,0.0,0.0
IR-O-U-0184,Indian Institute of Technology Mandi,69.11,41.59,65.15,69.0,13.78,Mandi,Himachal Pradesh,54.52,58,2025,IR-E-U-0184,308.0,308.0,0.0,0.0,0.0,0.0,0.0,0.0
IR-O-U-0196,University of Kashmir,74.05,34.74,79.88,50.9,6.07,Srinagar,Jammu and Kashmir,54.31,59,2025,,0.0,0.0,0.0,0.0,0.0,0.0,0.0,0.0
IR-O-U-0236,"National Institute of Mental Health & Neuro Sciences, Bangalore",72.77,40.41,66.64,56.46,13.48,Bengaluru,Karnataka,54.28,60,2025,,0.0,0.0,0.0,0.0,0.0,0.0,0.0,0.0
IR-O-U-0448,Bharathidasan University,61.36,40.81,83.97,51.54,12.28,Tiruchirappalli,Tamil Nadu,53.82,61,2025,,0.0,0.0,0.0,0.0,0.0,0.0,0.0,0.0
IR-O-U-0098,Delhi Technological University,64.13,41.43,71.27,56.21,22.0,New Delhi,Delhi,53.74,62,2025,IR-E-U-0098,2529.0,2529.0,0.0,0.0,0.0,0.0,0.0,0.0
IR-O-U-0025,National Institute of Technology Warangal,58.72,43.85,72.82,55.83,23.19,Warangal,Telangana,53.23,63,2025,IR-E-U-0025,989.0,989.0,0.0,0.0,0.0,0.0,0.0,0.0
IR-O-U-0308,Institute of Chemical Technology,59.08,47.2,71.48,54.16,16.06,Mumbai,Maharashtra,53.22,64,2025,IR-E-U-0308,211.0,211.0,0.0,0.0,0.0,0.0,0.0,0.0
IR-O-U-0564,UPES,62.97,45.6,60.78,65.41,19.52,Dehradun,Uttarakhand,53.22,64,2025,IR-E-U-0564,1470.0,1470.0,0.0,0.0,0.0,0.0,0.0,0.0
IR-O-U-0395,Indian Institute of Technology Jodhpur,70.37,39.2,63.41,67.38,8.8,Jodhpur,Rajasthan,53.17,66,2025,IR-E-U-0395,530.0,530.0,0.0,0.0,0.0,0.0,0.0,0.0
IR-O-U-0572,Indian Institute of Science Education & Research Kolkata,67.56,40.58,68.46,52.39,16.61,Mohanpur,West Bengal,53.04,67,2025,,0.0,0.0,0.0,0.0,0.0,0.0,0.0,0.0
IR-O-I-1357,University of Madras,69.12,35.08,70.84,52.79,21.76,Chennai,Tamil Nadu,52.89,68,2025,,0.0,0.0,0.0,0.0,0.0,0.0,0.0,0.0
IR-O-U-0498,Babasheb Bhimrao Ambedkar University,69.26,23.93,80.92,80.25,5.35,Lucknow,Uttar Pradesh,52.71,69,2025,,0.0,0.0,0.0,0.0,0.0,0.0,0.0,0.0
IR-O-U-0377,"Indian Institute of Science Education & Research, Mohali",62.9,34.68,72.82,71.14,17.42,Mohali,Punjab,52.68,70,2025,,0.0,0.0,0.0,0.0,0.0,0.0,0.0,0.0
IR-O-I-1110,Dr. D. Y. Patil Vidyapeeth,74.43,27.91,65.77,62.66,25.46,Pune,Maharashtra,52.67,71,2025,,0.0,0.0,0.0,0.0,0.0,0.0,0.0,0.0
IR-O-U-0555,Graphic Era University,60.52,41.01,62.97,63.43,30.47,Dehradun,Uttarakhand,52.44,72,2025,IR-E-U-0555,1110.0,1110.0,0.0,0.0,0.0,0.0,0.0,0.0
IR-O-U-0435,Alagappa University,64.62,33.07,73.27,55.96,27.2,Karaikudi,Tamil Nadu,52.27,73,2025,,0.0,0.0,0.0,0.0,0.0,0.0,0.0,0.0
IR-O-U-0107,Jamia Hamdard,64.66,34.02,71.31,66.74,16.61,New Delhi,Delhi,52.2,74,2025,,0.0,0.0,0.0,0.0,0.0,0.0,0.0,0.0
IR-O-U-0272,Indian Institute of Science Education & Research Bhopal,68.49,33.71,70.1,67.04,6.07,Bhopal,Madhya Pradesh,51.99,75,2025,,0.0,0.0,0.0,0.0,0.0,0.0,0.0,0.0
IR-O-U-0447,Bharathiar University,57.6,40.69,76.94,52.76,17.96,Coimbatore,Tamil Nadu,51.96,76,2025,,0.0,0.0,0.0,0.0,0.0,0.0,0.0,0.0
IR-O-U-0410,Malaviya National Institute of Technology,58.82,45.57,69.93,60.75,4.99,Jaipur,Rajasthan,51.88,77,2025,IR-E-U-0410,811.0,811.0,0.0,0.0,0.0,0.0,0.0,0.0
IR-O-U-0691,All India Institute of Medical Sciences Rishikesh,71.66,34.73,55.04,73.95,14.36,Rishikesh,Uttarakhand,51.77,78,2025,,0.0,0.0,0.0,0.0,0.0,0.0,0.0,0.0
IR-O-U-0262,"Mahatma Gandhi University, Kottayam",71.2,34.03,71.68,54.33,3.89,Kottayam,Kerala,51.73,79,2025,,0.0,0.0,0.0,0.0,0.0,0.0,0.0,0.0
IR-O-U-0355,Indian Institute of Technology Bhubaneswar,59.3,38.39,68.29,61.88,20.03,Bhubaneswar,Odisha,51.16,80,2025,IR-E-U-0355,355.0,355.0,0.0,0.0,0.0,0.0,0.0,0.0
IR-O-U-0381,Punjab Agricultural University,72.79,37.6,60.95,50.75,6.42,Ludhiana,Punjab,51.03,81,2025,,0.0,0.0,0.0,0.0,0.0,0.0,0.0,0.0
IR-O-C-16604,Sri Sivasubramaniya Nadar College of Engineering,61.82,40.52,66.99,58.09,11.05,Kalavakkam,Tamil Nadu,51.01,82,2025,IR-E-C-16604,840.0,840.0,0.0,0.0,0.0,0.0,0.0,0.0
IR-O-U-0523,King George`s Medical University,75.27,30.37,62.46,60.52,7.11,Lucknow,Uttar Pradesh,50.94,83,2025,,0.0,0.0,0.0,0.0,0.0,0.0,0.0,0.0
IR-O-U-0295,Datta Meghe Institute of Higher Education and Research,68.47,38.55,61.69,64.26,0.41,Wardha,Maharashtra,50.92,84,2025,,0.0,0.0,0.0,0.0,0.0,0.0,0.0,0.0
IR-O-U-0642,Shiv Nadar University,72.19,26.47,65.82,66.64,13.78,Gautam Buddha Nagar,Uttar Pradesh,50.8,85,2025,,0.0,0.0,0.0,0.0,0.0,0.0,0.0,0.0
IR-O-U-0334,"Visvesvaraya National Institute of Technology, Nagpur",59.65,37.73,69.12,58.36,12.59,Nagpur,Maharashtra,50.14,86,2025,,0.0,0.0,0.0,0.0,0.0,0.0,0.0,0.0
IR-O-U-0195,University of Jammu,71.09,24.66,78.84,52.57,3.52,Jammu,Jammu and Kashmir,50.11,87,2025,,0.0,0.0,0.0,0.0,0.0,0.0,0.0,0.0
IR-O-U-0485,Tamil Nadu Agricultural University,73.14,19.42,78.02,59.08,7.45,Coimbatore,Tamil Nadu,50.03,88,2025,,0.0,0.0,0.0,0.0,0.0,0.0,0.0,0.0
IR-O-U-0014,International Institute of Information Technology Hyderabad,68.83,34.96,52.52,63.68,19.0,Hyderabad,Telangana,49.91,89,2025,IR-E-U-0014,210.0,210.0,0.0,0.0,0.0,0.0,0.0,0.0
IR-O-U-0446,Bharath Institute of Higher Education & Research,71.35,21.13,70.62,71.43,8.46,Chennai,Tamil Nadu,49.85,90,2025,,0.0,0.0,0.0,0.0,0.0,0.0,0.0,0.0
IR-O-U-0323,Savitribai Phule Pune University,51.46,39.42,79.4,50.16,16.61,Pune,Maharashtra,49.83,91,2025,,0.0,0.0,0.0,0.0,0.0,0.0,0.0,0.0
IR-O-U-0318,Mumbai University,64.43,19.54,88.25,58.88,10.73,Mumbai,Maharashtra,49.8,92,2025,,0.0,0.0,0.0,0.0,0.0,0.0,0.0,0.0
IR-O-U-0474,Sathyabama Institute of Science and Technology,61.34,31.31,68.96,72.96,9.13,Chennai,Tamil Nadu,49.79,93,2025,IR-E-U-0474,2730.0,2730.0,0.0,0.0,0.0,0.0,0.0,0.0
IR-O-U-0200,Sher-e-Kashmir University of Agricultural Science and Technology of Kashmir,71.11,26.15,73.3,57.54,1.6,Srinagar,Jammu and Kashmir,49.75,94,2025,,0.0,0.0,0.0,0.0,0.0,0.0,0.0,0.0
IR-O-N-10,SVKM`s Narsee Monjee Institute of Management Studies,72.53,26.72,65.25,64.41,3.89,Mumbai,Maharashtra,49.66,95,2025,,0.0,0.0,0.0,0.0,0.0,0.0,0.0,0.0
IR-O-U-0217,Christ University,56.19,28.34,65.44,74.23,37.84,Bengaluru,Karnataka,49.65,96,2025,IR-E-U-0217,780.0,780.0,0.0,0.0,0.0,0.0,0.0,0.0
IR-O-U-0055,National Institute of Technology Silchar,53.21,45.07,70.76,54.17,4.63,Silchar,Assam,49.51,97,2025,IR-E-U-0055,825.0,825.0,0.0,0.0,0.0,0.0,0.0,0.0
IR-O-U-0749,Manipal University Jaipur,63.48,33.8,64.04,66.76,7.11,Jaipur,Rajasthan,49.38,98,2025,IR-E-U-0749,2460.0,2460.0,0.0,0.0,0.0,0.0,0.0,0.0
IR-O-U-0739,Madan Mohan Malaviya University of Technology,67.91,18.82,70.37,71.73,18.48,Gorakhpur,Uttar Pradesh,49.11,99,2025,IR-E-U-0739,780.0,780.0,0.0,0.0,0.0,0.0,0.0,0.0
IR-O-U-0688,All India Institute of Medical Sciences Bhubaneswar,69.14,25.45,58.25,69.89,20.28,Khordha,Odisha,49.04,100,2025,,0.0,0.0,0.0,0.0,0.0,0.0,0.0,0.0
