Institute ID,Institute Name,TLR,RPC,GO,OI,PERCEPTION,City,State,Score,Rank,Year,UG_Students,Total_Students,Capital_Expenditure,Operational_Expenditure,Total_Expenditure,WOS_Publications,WOS_Citations,Scopus_Publications
NIRF-ENGG-INF-77,"Indian Institute Of Technology, Madras",88.26,94.02,81.81,86.11,98,Chennai,Tamil Nadu,89.41,1,2016,1922.562283,1540.57518,1990158955,3694914944,4935002996,3215.940933,12151.89407,3710.447951
NIRF-ENGG-INF-312,"Indian Institute Of Technology, Bombay",85.93,94.14,84.97,74.84,99,Bombay,Maharashtra,87.66,2,2016,1959.868068,2223.7339,1989932829,3777910008,4976810022,3363.852642,12265.12097,3780.274453
NIRF-ENGG-INF-300,"Indian Institute Of Technology, Kharagpur",76.23,92.68,83.95,78.05,97,Kharagpur,West Bengal,83.91,3,2016,2519.273392,4103.992785,1980533477,3302636759,4097908104,3215.052786,12200.82776,3526.489171
NIRF-ENGG-INF-79,"Indian Institute Of Technology, Delhi",80.27,91.62,74.72,66.17,98,New Delhi,Delhi,82.02,4,2016,717.8826534,886.4604119,1168764949,3598247515,4061474383,3238.612025,14650.95611,3479.747518
NIRF-ENGG-INF-228,"Indian Institute Of Technology, Kanpur",66.08,93.52,85.62,70.59,98,Kanpur,Uttar Pradesh,81.07,5,2016,2297.164994,3356.334406,676727855.7,2798543825,3272457266,3390.774241,14167.32159,3676.993111
NIRF-ENGG-INF-78,"Indian Institute Of Technology, Roorkee",67.83,83.5,81.61,76.59,96,Roorkee,Uttarakhand,78.68,6,2016,2894.30777,4459.047703,1801363928,2751977758,3252892110,3246.271718,14715.09421,3569.31981
NIRF-ENGG-INF-345,"Indian Institute Of Technology, Hyderabad",76.76,76.83,80.89,63.76,95,Hyderabad,Telangana,77.22,7,2016,869.6162943,917.0893155,1250277960,2648189236,3154901697,3053.893746,13811.74938,4397.30741
NIRF-ENGG-INF-298,"Indian Institute Of Technology, Gandhinagar",80.36,72.09,64.91,71.94,96,Ahmedabad,Gujarat,75.2,8,2016,1254.544509,1437.389753,1711317089,2732333413,2717246711,2855.691566,10859.21123,3078.745065
NIRF-ENGG-INF-340,"Indian Institute Of Technology, Ropar-Rupnagar",89.96,73.56,86.42,60.67,38,Rupnagar,Punjab,74.88,9,2016,1090.933771,450.0413567,1154647913,1572150898,2685019839,3238.532828,15154.34988,3742.795642
NIRF-ENGG-INF-344,"Indian Institute Of Technology, Patna",79.8,68.29,74.13,68.78,93,Patna,Bihar,74.68,10,2016,2256.542899,1795.099365,1236050030,2737585460,2782879393,2814.463223,13678.17931,3693.013222
NIRF-ENGG-INF-299,"Indian Institute Of Technology, North Guwahati",71.92,78.66,71.82,65.62,94,Guwahati,Assam,74.62,11,2016,1667.375376,1226.39606,1136476980,2598721380,2697586200,2904.829418,11499.77866,3652.161933
NIRF-ENGG-INF-370,"National Institute Of Technology, Tiruchirappalli",56.99,80.37,81.5,79.5,92,Tiruchirappalli,Tamil Nadu,74.45,12,2016,4743.127043,6315.019201,1648878652,2560765346,2696543099,2924.607069,14283.36454,3725.330904
NIRF-ENGG-768,Vellore Institute Of Technology,66.95,74.72,77.38,77.11,91,Vellore,Tamil Nadu,74.4,13,2016,2711.312008,4572.372484,1676501027,2541940999,2692510471,2916.67214,13699.52927,3694.270492
NIRF-ENGG-INF-423,"Indian Institute Of Technology (Banaras Hindu University), Varanasi",59.08,80.63,96.8,56.73,96,Varanasi,Uttar Pradesh,74.39,14,2016,3423.800765,2691.980445,593433372.3,2602435615,2532618668,3142.712939,13893.52311,4082.391901
NIRF-ENGG-INF-373,Sardar Vallabhbhai National Institute Of Technology,59.02,85.24,78.43,68.81,83,Surat,Gujarat,73.13,15,2016,3669.39105,5281.853223,608831114.4,2717399338,2705959855,2921.554447,14287.42158,3826.214803
NIRF-ENGG-INF-346,"Indian Institute Of Technology, Indore",86.75,75.78,89.85,39.23,46,Indore,Madhya Pradesh,72,16,2016,3709.50886,5340.689021,1086673440,1445684067,2407397399,1385.521908,2983.696882,4109.340156
NIRF-ENGG-1-2451694143,Birla Institute Of Technology,55.39,81.06,82.47,65.5,90,RANCHI,Jharkhand,71.8,17,2016,5197.531774,6522.235654,615306942.4,2607058750,2629218729,1400.214096,2786.938912,3873.637878
NIRF-ENGG-INF-225,"Visvesvaraya National Institute Of Technology, Nagpur (Deemed University)-Nagpur",59.98,73.64,69.05,82.7,85,Nagpur,Maharashtra,71.29,18,2016,2633.950095,4024.230457,1616394395,2562791659,2711369528,1404.204816,2735.697388,3641.729846
NIRF-ENGG-INF-140,"National Institute Of Technology, Rourkela-Rourkela",60.78,75.69,81.49,73.21,74,Rourkela,Odisha,70.8,19,2016,4692.008995,5851.697865,1493065942,2497114085,2672159515,1357.694595,2678.522428,3779.628066
NIRF-ENGG-INF-NEW11,"Indian Institute Of Engineering Science And Technology, Shibpur",57.76,83.07,76.07,59.5,87,Howrah,West Bengal,70.35,20,2016,3725.065612,5625.600863,605220820.9,2698933411,2708614128,1426.599492,2808.604083,4602.433818
NIRF-ENGG-INF-338,"Indian Institute Of Technology, Mandi",85.83,70.35,81.05,47.29,43,Mandi,Himachal Pradesh,70.32,20,2016,3304.991486,4451.69506,1064074853,1483431591,2505370037,1414.228666,2901.6594,4606.437141
NIRF-ENGG-1-2453839794,"College Of Engineering, Pune",58.61,66.4,82.92,74.67,95,PUNE,Maharashtra,69.71,21,2016,3549.363666,5106.797146,1476183565,2469807571,2728336975,1364.939588,2754.056243,3767.219752
NIRF-ENGG-INF-363,"National Institute Of Technology, Karnataka-Mangalore",60.26,67.86,77.29,70.22,88,Mangalore,Karnataka,68.95,22,2016,3529.163263,4968.415088,637986834.3,2645953079,2799570383,1333.751804,2667.591428,3783.595683
NIRF-ENGG-INF-357,Motilal Nehru National Institute Of Technology,54.63,72.07,74.08,75.04,82,Allahabad,Uttar Pradesh,67.94,23,2016,3757.661276,6661.838857,1543178823,2681288617,2782553086,1357.420525,2751.268047,3715.458918
NIRF-ENGG-1-2451585489,Psg College Of Technology-Coimbatore,56.72,64.67,77.3,72.1,94,COIMBATORE,Tamil Nadu,67.8,24,2016,8988.817926,11919.53676,1470669140,2600560999,2804415930,1356.391513,2786.658045,3989.067945
NIRF-ENGG-INF-301,"Indian Institute Of Technology, Jodhpur",73.02,66.41,60.71,60.11,86,Jodhpur,Rajasthan,67.68,25,2016,1184.57923,1799.363758,1213734689,2421673077,2786147603,1616.447477,3018.622897,3609.482251
NIRF-ENGG-INF-296,"Indian Institute Of Technology, Bhubaneswar",67.4,75.73,61.06,51.57,85,Bhubaneswar,Odisha,67.58,26,2016,1745.746771,3248.904668,1109659532,2412642266,2661097903,1523.013931,2876.273872,3589.415478
NIRF-ENGG-1-2454118012,Thapar University-Patiala,49.43,78.7,77.69,64.58,83,PATIALA,Punjab,67.51,27,2016,4569.756781,7289.680704,642344879.6,2680242838,2777594479,1987.196207,3404.25427,4668.783182
NIRF-ENGG-INF-247,"National Institute Of Technology, Warangal",58.2,71.82,75.41,61.2,82,Warangal,Telangana,67.12,28,2016,3589.595377,5312.723454,644167405.5,2590785842,2788949330,1363.80436,2717.321725,4656.568051
NIRF-ENGG-1-2452436680,Thiagarajar College Of Engineering-Madurai,57.93,75.86,80.94,57.91,63,MADURAI,Tamil Nadu,66.51,29,2016,4781.726747,5366.860702,601019217.9,1848431012,2577119405,1346.537151,2533.070154,4752.887979
NIRF-ENGG-INF-361,"National Institute Of Technology, Durgapur",49.24,79.62,65.86,66.15,78,Durgapur,West Bengal,65.4,30,2016,3220.871106,5347.05172,609535514.2,2680871393,2603591026,2064.310716,3451.496211,3625.394873
NIRF-ENGG-1-2456108684,Amrita School Of Engineering,56.81,63.75,74.02,62.08,75,KARUNAGAPALLY,Kerala,63.94,31,2016,1981.801598,3126.677383,634291685.6,2446678672,2656212214,1244.204022,2660.506478,4611.847899
NIRF-ENGG-620,Shanmugha Arts Science Technology & Research Academy (Sastra),60.21,65.55,81,58.4,51,Thanjavur,Tamil Nadu,63.77,31,2016,3607.613744,4259.487984,629780548,1694024354,2693403576,1270.551085,2390.109666,4600.040809
NIRF-ENGG-1-2452855119,Kalinga Institue Of Industrial Technology,60.63,73.91,83.55,70.31,1,BHUBANESWAR,Odisha,63.4,32,2016,5049.195631,4635.299475,531998642.5,587049504.6,2424967712,731.2547374,1938.987813,1956.052493
NIRF-ENGG-1-2455786386,M. S. Ramaiah Institute Of Technology-Bangalore,40.32,72.19,95.08,66.33,61,BANGALORE,Karnataka,63.39,33,2016,4850.29835,4169.530787,519360668.6,2018266770,2654552201,1858.59747,2889.422178,3895.800922
NIRF-ENGG-1-2449931180,Coimbatore Institute Of Technology-Coimbatore,48.31,62.54,82.91,68.54,74,COIMBATORE,Tamil Nadu,62.58,34,2016,5924.207062,8493.15583,569428154.1,2400393844,2739961963,1825.908336,2939.632212,3934.226512
NIRF-ENGG-INF-142,"National Institute Of Technology, Calicut",56.09,71.53,72.03,64.42,40,Calicut,Kerala,62.26,35,2016,2125.45163,2569.12886,567993896.3,1626169557,2647228443,1288.239841,2468.79472,4655.570201
NIRF-ENGG-1-2451203119,R.V. College Of Engineering-Bengaluru,55.4,65.31,77.86,48.75,76,BENGALURU,Karnataka,62.26,35,2016,3201.214724,2044.941578,330437507.2,2205757336,2585145949,1219.428655,2183.031592,4746.487875
NIRF-ENGG-INF-240,"Malaviya National Institute Of Technology, Jaipur",55.13,71.63,74.32,62.16,41,Jaipur,Rajasthan,62.14,37,2016,2764.984174,3805.527653,597625177.8,1904841409,2669727931,1282.518564,2377.358353,4636.348539
NIRF-ENGG-1-2519066781,Pec University Of Technology-Chandigarh,62.21,55.58,70.83,55.49,77,CHANDIGARH,Chandigarh,61.32,38,2016,1402.937968,2017.211619,1654058606,2458424093,2493884490,1316.243528,2019.194459,5063.742716
NIRF-ENGG-1-2456080951,Manipal Institute Of Technology,62.58,67.06,65.34,61.72,33,MANIPAL,Karnataka,61.15,39,2016,2369.496482,3414.945385,1726126563,2076565418,2837873435,1456.256217,1351.732846,3157.326302
NIRF-ENGG-1-2455890291,Jamia Millia Islamia (A Central University),47.68,76.73,56.87,47.6,72,NEW DELHI,Delhi,60.18,41,2016,4089.375578,4202.465921,1600080113,2126157823,2500195265,1974.449532,2751.147504,3207.282256
NIRF-ENGG-INF-293,"Dr. B R Ambedkar National Institute Of Technology, Jalandhar",46.65,74.56,81.02,61.7,25,Jalandhar,Punjab,59.91,42,2016,5188.86379,5689.727714,1659233342,650154648,2439699709,461.9287964,1471.062261,2161.982124
NIRF-ENGG-INF-333,"Indian Institute Of Science Education & Research, Mohali",59.29,82.22,13.39,50.12,83,Mohali,Punjab,59.58,43,2016,2858.227491,2035.597375,234313091.1,2089202288,990987913.7,1422.549489,2062.741695,3186.955109
NIRF-ENGG-350,Karunya Institute Of Technology And Sciences,55.1,68.79,60.61,78.6,19,Coimbatore,Tamil Nadu,59.29,44,2016,4563.913299,3576.644289,625784787.9,783942288.2,1979304872,502.2277618,1553.815735,2021.485849
NIRF-ENGG-512,"Institute Of Technology, Nirma University",48.41,54.52,67.95,69.27,81,Ahmedabad,Gujarat,59.23,45,2016,5151.264452,7167.507236,440845204.1,2658046733,2116409055,2000.870413,2966.970587,4330.47928
NIRF-ENGG-1-2456278780,Kongu Engineering College,47.51,66.33,77.98,72.56,32,PERUNDURAI,Tamil Nadu,59.06,46,2016,5724.668705,7196.949322,286624742.3,1823205330,3192877168,302.505428,1442.770297,2664.150166
NIRF-ENGG-1-2456274762,sona College Of Technology-Salem,39.04,58.23,66.94,77.41,86,SALEM,Tamil Nadu,58.97,47,2016,12051.13749,14607.62142,615796457.4,2607549068,2121646189,1999.565594,2885.955799,3650.514531
NIRF-ENGG-INF-144,"National Institute Of Technology, Kurukshetra",53.15,64.82,78.28,53.95,41,Kurukshetra,Haryana,58.89,48,2016,2912.162696,2921.414819,167743813.6,1730934585,1818476409,1262.889522,2300.937107,4671.717779
NIRF-ENGG-1-2452861917,Pondicherry Engineering College,58.68,57.67,71.2,77.49,19,PUDUCHERRY,Pondicherry,58.79,49,2016,3282.53104,3300.803362,597619772.9,754365262,845515320.9,502.4042247,1481.581421,2037.61082
NIRF-ENGG-1-2449920071,"Amrita Viswa Vidyapeetham-Amrita Nagar (Po) ,Ettimadai",57.04,53.42,81.38,65.7,36,"AMRITA NAGAR (PO) ,ETTIMADAI",Tamil Nadu,58.78,50,2016,2115.712037,2016.574635,315050786,1567357386,3051971820,1245.780207,2472.28603,3732.397054
NIRF-ENGG-INF-145,"National Institute Of Technology, Hamirpur",41.6,73.08,77.24,63.3,41,Hamirpur,Himachal Pradesh,58.65,51,2016,5297.783201,4689.870044,341918640,1900644537,1607206032,1813.714636,2644.334708,4563.35869
NIRF-ENGG-INF-359,"National Institute Of Technology, Agartala",57.4,58.47,75.03,66.24,32,Agartala,Tripura,58.63,52,2016,864,1336,372960056.2,1675372338,3109119362,22,157,2634.966766
NIRF-ENGG-1-2456189964,Kumaraguru College Of Technology-Coimbatore,57.49,58.03,69.44,70.34,32,COIMBATORE,Tamil Nadu,58.44,53,2016,3018.197992,2993.326236,475597339.4,1741134768,3146666633,47.14982401,508.8023304,2641.314467
NIRF-ENGG-57,B.S. Abdur Rahman Institute Of Science And Technology,61.16,61.37,63.61,65.39,21,Chennai,Tamil Nadu,57.8,54,2016,2036.089902,3465.654584,502211868.3,774891921.5,1229098818,446.4852878,1838.377203,2154.230774
NIRF-ENGG-1-2455979851,Cochin University Of Science And Technology-Cochin,46.89,72.99,55.16,51.52,66,COCHIN,Kerala,57.69,55,2016,3663.448887,4798.680376,221627590.9,1971161963,967117944.4,1941.829111,3217.106235,3111.445334
NIRF-ENGG-INF-372,Sant Longowal Institute Of Engineering & Technology-Sangrur,57.24,67.97,55.5,35.4,67,Sangrur,Punjab,57.52,56,2016,4423.586397,5606.607601,219783523.9,932666534.1,993828306.6,1361.19927,2852.863362,3090.997828
NIRF-ENGG-INF-365,"National Institute Of Technology, Meghalaya",73.56,51.98,75.3,38.57,33,Shillong,Meghalaya,57.47,57,2016,2863.710074,3860.593664,209826497.1,1083821291,974386638.8,1204.839033,3381.556523,4387.671089
NIRF-ENGG-1-2451156700,Itm University - Gwalior (School Of Engineering & Technology)-Gwalior,46.14,58.6,69.8,76.6,47,GWALIOR,Madhya Pradesh,57.45,58,2016,11098.03534,13585.04708,464005373.4,2114933877,2082675052,1777.002462,3259.106034,4212.227456
NIRF-ENGG-363,Koneru Lakshmaiah Education Foundation,49.49,61.9,70.43,60.32,49,Guntur,Andhra Pradesh,57.37,59,2016,2152.78496,4923.386783,393671143.6,2171521065,2140516483,1812.650406,3222.184902,4684.634704
NIRF-ENGG-321,Jaypee Institute Of Information Technology,45.21,59.86,79.38,69.05,40,Noida,Uttar Pradesh,56.79,60,2016,5885.289662,5572.736825,298848876.1,1635512570,1508112068,1688.468452,2887.61365,4086.801624
NIRF-ENGG-1-2454054346,Bharati Vidyapeeth Deemed University College Of Engineering-Pune,55.6,34.04,90.52,75.5,50,PUNE,Maharashtra,56.56,61,2016,1114.279176,1130.649258,319500758.6,1998170760,2056882724,1001.300824,3013.657283,1420.998765
NIRF-ENGG-1-2449912182,Bannari Amman Institute Of Technology-Sathyamangalam,51.61,58.11,77.22,62.78,27,SATHYAMANGALAM,Tamil Nadu,56.21,62,2016,1622.45312,1770.671871,351088279.8,809353570,1421724928,465.4504826,1398.417313,2160.758323
NIRF-ENGG-INF-368,"National Institute Of Technology, Raipur",46.48,62.13,75.15,63.84,31,Raipur,Chhattisgarh,55.93,63,2016,3347.582514,5669.208193,350979492.8,2172777203,3218312181,279.040905,1720.814643,2698.23524
NIRF-ENGG-1-2451386658,Vishwakarma Institute Of Technology-Pune,43.67,64.68,77.11,48.56,48,PUNE,Maharashtra,55.7,64,2016,2868.560744,1830.406187,155212708.4,1556357003,1034083513,1759.336897,2871.091699,4652.03807
NIRF-ENGG-INF-141,"National Institute Of Technology, Silchar",55.75,58.12,66.08,71.32,12,Silchar,Assam,55.49,65,2016,3213.248048,2702.982684,463722650.3,1160034896,1645657992,498.1703828,2324.452876,2117.344561
NIRF-ENGG-516,Noorul Islam Centre For Higher Education,51.73,53.46,50.05,70.4,59,Kanyakumari,Tamil Nadu,55.45,66,2016,3636.103202,3292.825674,437643768.9,2032001608,2112728723,1896.135827,3957.378147,3325.431639
NIRF-ENGG-INF-358,"National Institute Of Technology, Srinagar",50.37,59.18,72.01,60.42,33,Kashmir,Jammu and Kashmir,55.3,67,2016,4531.424463,8068.751251,328086060.7,2491307552,3154720334,1735.296598,1877.735846,4516.424671
NIRF-ENGG-1-2453375226,"University Institute Of Chemical Technology, North Maharashtra University, Jalgaon",37.05,64.47,67.19,46.69,77,JALGAON,Maharashtra,54.91,68,2016,2975.754727,3134.168473,163823860.9,2235793359,958617482.2,2038.237121,3256.68859,4644.795861
NIRF-ENGG-1-2451415750,National Institute Of Science & Technology-Berhampur,41.66,50.29,74.67,65.68,63,BERHAMPUR,Odisha,54.81,69,2016,1352.222819,2153.008515,400959928.5,2307830950,2085781732,1780.197538,4040.324719,4234.78402
NIRF-ENGG-1-2450669659,Siddaganga Institute Of Technology-Tumkur,52.98,51.91,72.17,66.37,30,TUMKUR,Karnataka,54.67,70,2016,672.462101,1043.522987,346919183.2,1002585489,1351286547,520.4750209,2835.23936,2627.994546
NIRF-ENGG-1-2450577299,Chaitanya Bharathi Institute Of Technology-Hyderabad,44.1,47.74,69.08,64.91,73,HYDERABAD,Telangana,54.66,71,2016,2379.026235,3355.359989,332210121.7,2647678525,2143646520,2547.946945,4489.239405,4867.842347
NIRF-ENGG-230,Hindustan Institute Of Technology  And Science (Hits),52.71,41.67,69.01,79.65,42,Chennai,Tamil Nadu,54.32,72,2016,3570.066317,1655.605264,394257003.8,1886625544,1712599097,1921.709531,4360.671205,4074.683948
NIRF-ENGG-1-2452919762,Sagi Ramakrishnam Raju Engineering College-Bhimavaram,50.02,48.05,75.83,75.45,23,BHIMAVARAM,Andhra Pradesh,54.02,73,2016,3715.920127,2193.36091,294727852.1,924822615.2,1584759946,736.6705491,3091.709695,1428.950137
NIRF-ENGG-1-2449860060,C.V.Raman College Of Engineering-Bhubaneswar,46.77,56.85,81.69,55.36,23,BHUBANESWAR,Odisha,53.91,74,2016,355.7035971,639.2741357,199055788.3,699582761.1,927522403.3,548.3496592,1906.058837,2150.045879
NIRF-ENGG-1-2453916713,Kasegaon Education Societys Rajarambapu Institute Of Technology-Islampur,43.98,41.32,73.89,66.09,75,ISLAMPUR,Maharashtra,53.69,75,2016,984.5341973,2251.383797,379716737.9,2653225506,2178115748,2426.985894,4212.536291,3995.826229
NIRF-ENGG-INF-404,"National Institute Of Technology, Goa",57.7,38.61,66.13,46.27,85,Ponda,Goa,53.65,76,2016,1455.699266,1520.076721,114432979.5,2019811507,962041336.7,1117.214557,3222.069991,1263.561093
NIRF-ENGG-INF-424,"Pandit Dwarka Prasad Mishra Indian Institute Of Information Technology, Design And Manufacturing (IIITDM), Jabalpur",47.15,62.91,79,54.79,12,Jabalpur,Madhya Pradesh,53.37,77,2016,3050.308578,2932.824357,164823160.8,945972270.1,974516532.4,602.6740583,2515.647891,2116.355078
NIRF-ENGG-INF-362,"National Institute Of Technology, Jamshedpur",36.73,67.7,79.14,48.8,31,Jamshedpur,Jharkhand,53.35,78,2016,4124.64354,2167.580072,76240262.57,1436417680,1185665770,451.1381805,1780.317711,2500.336152
NIRF-ENGG-1-2451417043,Institute Of Engineering & Management-Kolkata,43.45,56.73,82.68,58.11,21,KOLKATA,West Bengal,53.26,79,2016,53.14025046,360.8507909,198630389.9,862682982.6,1235459459,580.4332491,1974.419299,2149.087268
NIRF-ENGG-INF-410,"Indian Institute Of Information Technology, Design & Manufacturing (IIITD&M) Kancheepuram-Chennai",48.23,41.22,86.82,61.99,38,Chennai,Tamil Nadu,52.64,80,2016,2308.769039,3849.121566,198908388.1,1690057712,1719519522,2450.402856,5470.454242,3972.81183
NIRF-ENGG-1-2452796944,Centurion Institute Of Technology,50.24,53.01,67.05,75.26,12,JATNI,Odisha,52.58,81,2016,5275.183913,3314.607684,417120060.9,1260863818,1787663424,782.7408219,5156.492941,2112.152281
NIRF-ENGG-1-2455130573,College Of Technology And Engineering-Udaipur,53.51,61.8,50.46,49.2,34,UDAIPUR,Rajasthan,52.39,82,2016,2370.96152,1488.817589,142410683.5,1299616140,1091156084,1454.681312,2313.96947,2622.444156
NIRF-ENGG-1-2453523111,Veermata Jijabai Technological Institute,32.29,57.85,79.62,59.06,47,MUMBAI,Maharashtra,52.17,84,2016,3259.63612,1340.285379,178149044.9,1937860910,2355685851,1822.416767,3843.46789,4742.653307
NIRF-ENGG-1-2450743734,K. K. Wagh Institute Of Engineering Education & Research-Nashik,37.52,45.97,70.43,60.73,80,NASHIK,Maharashtra,51.92,85,2016,3573.415496,3602.502657,361923977.6,2620335619,2207776944,2327.3038,4645.944432,4872.030609
NIRF-ENGG-1-2454009090,"Shri Ramdeobaba College Of Engineering And Management, Ramdeo Tekdi, Gittikhadan, Katol Road, Nagpur-Nagpur",46.81,47.19,72.78,61.03,34,NAGPUR,Maharashtra,51.5,86,2016,2828.19692,4573.066386,347543296.2,2609195959,3090445741,1852.153742,3567.686398,4491.403726
NIRF-ENGG-INF-367,"National Institute Of Technology, Patna",46.73,52.37,66.9,55.69,37,Patna,Bihar,51.08,87,2016,1933.402734,2264.648452,299587164.5,2594663255,3277299975,1726.968131,4846.898613,3597.274523
NIRF-ENGG-773,"Vignan's Foundation For Science, Technology And Research",49.21,50.65,72.09,67.19,0,Guntur,Andhra Pradesh,50.65,88,2016,5003.081726,7535.30808,218206779.9,1111194913,1218372250,966.9923176,4313.065845,1983.061759
NIRF-ENGG-1-2453802770,Shri Guru Gobind Singhji Institute Of Engineering And Technology-Nanded,48.74,47.61,67.42,51.75,41,NANDED,Maharashtra,50.64,89,2016,3516.847312,3555.129226,125518662.7,1839822693,1003656227,2067.88678,4748.59907,5105.596177
NIRF-ENGG-1-2454313873,Sri Ramakrishna Engineering College-Coimbatore,46.62,56.15,67.8,65.62,6,COIMBATORE,Tamil Nadu,50.55,90,2016,3070.093999,4673.341671,396747822.5,1213194275,1410676036,751.1405676,3762.62611,2006.023847
NIRF-ENGG-1-2449883879,Bengal Institute Of Technology,28.7,50,92.06,47.01,59,KOLKATA,West Bengal,50.33,91,2016,1308.76289,1984.041966,91827455.67,1197584748,802979465.6,1582.337682,4204.859932,4230.644574
NIRF-ENGG-INF-408,"National Institute Of Technology, Delhi",41.3,48.26,61.61,67.57,45,Delhi,Delhi,50.22,92,2016,3231.213081,3167.614488,403812312.4,1717175511,1646290688,1718.367399,4035.696494,3547.445571
NIRF-ENGG-1-2450722205,Yeshwantrao Chavan College Of Engineering-Nagpur,45.23,39.29,65.99,73.81,46,NAGPUR,Maharashtra,50.14,93,2016,4321.811861,3791.846144,405529865.8,1876697607,1741429122,1839.932435,4454.770574,2007.086177
NIRF-ENGG-1-2449936766,Adhiyamaan College Of Engineering (Engineering & Technology),52,49.66,54.04,59.65,34,HOSUR,Tamil Nadu,50.04,94,2016,1496.148773,929.0514257,289314566.8,2579039704,3210557883,1718.594185,2864.623091,2808.595015
NIRF-ENGG-1-2452443212,"Maharashtra Academy Of Engineering And Educational Research, Mit College Of Engineering, Pune-Pune",38.75,49.01,64.45,66.6,44,PUNE,Maharashtra,49.66,95,2016,2992.426118,3528.119657,449710371.9,1867931387,1638079274,1733.267914,4126.479646,3570.51186
NIRF-ENGG-1-2455794950,The National Institute Of Engineering,38.67,46.65,77.95,64.66,35,MYSORE,Karnataka,49.514,96,2016,1928.379287,2041.864138,205047684.5,2488719647,3042719065,1907.495174,3766.81298,4442.117232
NIRF-ENGG-1-2453623896,"Government College Of Engineering, Aurangabad (Academic Autonomous)",43.4,49.06,71.34,50.18,43,AURANGABAD,Maharashtra,49.511,97,2016,1020.847473,430.7328476,90521565.07,1298032674,885355417.8,1650.460018,4608.567405,4942.016842
NIRF-ENGG-1-2449945774,Anand Institute Of Higher Technology,29.71,55.27,78.24,61.62,35,CHENNAI,Tamil Nadu,49.41,98,2016,2687.278296,2282.138961,203294287.6,2346886654,3067386157,1480.774786,3010.691689,4445.271441
NIRF-ENGG-1-2454813228,Noida Institute Of Engineering & Technology,44.1,38.54,79.51,69.04,27,GAUTAM BUDH NAGAR,Uttar Pradesh,49.24,99,2016,1756.917168,2925.97434,206751232.1,861761076.9,1227757884,969.1264025,3175.034622,1369.526805
NIRF-ENGG-1-2455123470,University Institute Of Chemical Engineering And Technology,39.97,56.55,78.3,51.32,17,CHANDIGARH,Chandigarh,49.09,100,2016,0,736.9825019,84739791.46,844382039.9,948877261.6,587.1846725,2780.364424,1902.360278
IR17-I-2-18243,Indian Institute of Science Bangalore,83.11,87.59,87.97,61.48,83.33,Bengaluru,Karnataka,83.28,1,2017,779.035097,1767.066712,1245157664,3796584444,5169949393,3783.447331,12514.02824,4221.810443
IR17-I-1-1-77,Indian Institute of Technology Madras,69.49,72.6,84.02,76.75,68.7,Chennai,Tamil Nadu,73.97,2,2017,3658,7048,2061030001,2488427561,4549457562,3205,10522,3191
IR17-I-2-18633,Indian Institute of Technology Bombay,64.68,78.14,70.07,65.8,83.44,Mumbai,Maharashtra,71.78,3,2017,3762,6860,562225147,2949383268,3511608415,3186,10869,3209
IR17-I-2-18630,Indian Institute of Technology Kharagpur,55.07,70.46,85.11,72.85,64.72,Kharagpur,West Bengal,68.43,4,2017,4620,8705,1514111580,2555660549,4069772129,3646,14354,3376
IR17-I-2-1-79,Indian Institute of Technology Delhi,55.45,68.48,65.92,68.69,69.53,New Delhi,Delhi,64.18,5,2017,3440,5906,766477000,2640065000,3406542000,3168,13346,3075
IR17-I-2-1-319,Jawaharlal Nehru University,62.11,33.96,98.71,82.4,47.27,New Delhi,Delhi,61.53,6,2017,1278.350566,1222.691225,1502538008,1644061567,2952019856,2842.841092,7428.411181,1018.468864
IR17-I-2-18248,Indian Institute of Technology Kanpur,60.07,62.14,58.34,60.01,63.62,Kanpur,Uttar Pradesh,60.69,7,2017,3607,5801,1931981000,1370200000,3302181000,2271,7591,2103
IR17-I-2-1-251,Indian Institute of Technology Guwahati,65.53,47.46,78.28,79.28,28.79,Guwahati,Assam,60.37,8,2017,2436,4049,1661069660,1095157676,2756227336,1688,6010,1668
IR17-I-2-18677,Indian Institute of Technology Roorkee,52.24,56.6,83.38,72.7,32.38,Roorkee,Uttarakhand,59.84,9,2017,4079,6719,1397576000,1407516000,2805092000,2446,10219,2434
IR17-I-2-18500,Banaras Hindu University,47.85,49.96,94.36,62.97,44.01,Varanasi,Uttar Pradesh,58.92,10,2017,3519.19966,6204.583958,228138712.6,1400577109,1484534029,2698.023913,7453.457255,3955.07786
IR17-I-2-30673,Jawaharlal Nehru Centre for Advanced Scientific Research,78.28,51.93,68.79,47.44,6.92,Bengaluru,Karnataka,58.25,11,2017,2747.911964,4011.475462,224510431.2,538635764.2,472025052.4,2198.27782,7587.121315,1911.542694
IR17-I-2-10326,Jadavpur University,48.64,54.09,91.42,53.37,28.81,Kolkata,West Bengal,57.32,12,2017,4085,5672,162985776,774936509,937922285,2293,7153,2507
IR17-I-2-18292,Anna University,46.25,54.58,79.31,60.01,43.94,Chennai,Tamil Nadu,56.5,13,2017,5491,7702,150703000,1268590000,1419293000,2884,8073,4536
IR17-I-2-1-2813521158,University of Hyderabad,57.3,42.77,78.79,78.13,27.06,Hyderabad,Telangana,56.3,14,2017,4310.020501,4781.231879,186772117.8,1049166849,1414775875,2246.881924,6629.788129,1726.930858
IR17-I-2-18552,University of Delhi,43.48,56.61,82.06,58.6,30.76,Delhi,Delhi,55.37,15,2017,2075.90191,2553.084308,171078643,1525697814,1110067353,2594.114165,8966.121446,2491.113837
IR17-I-2-18267,Amrita Vishwa Vidyapeetham,62.9,39.49,65.77,82.17,26.12,Coimbatore,Tamil Nadu,54.7,16,2017,1368.735116,1963.358548,344576200.9,641780551.9,1496040660,1256.91234,4215.027277,1531.671803
IR17-I-1-18698,Indian Institute of Management Ahmedabad,78.14,13.85,62.91,80.97,59.91,Ahmedabad,Gujarat,54.27,17,2017,2337.251463,2897.312416,243486816.8,1643594123,2341223706,325.8171461,850.3660695,753.068753
IR17-I-2-1-618,Savitribai Phule Pune University,56.39,35.03,85.13,72.26,11.2,Pune,Maharashtra,52.81,18,2017,6512.782628,5281.60907,223199631,711230126.8,1054240532,1076.984114,4611.915887,927.2168384
IR17-I-2-18189,Aligarh Muslim University,58.56,36.2,87.43,51.55,16.62,Aligarh,Uttar Pradesh,52.74,19,2017,280.9429236,1976.656372,74448871.46,653397837.8,806363393.1,869.5711084,4017.829486,891.2209926
IR17-I-2-1-2814289415,Jamia Millia Islamia,58.98,27.99,81.63,83.55,9.73,New Delhi,Delhi,51.75,20,2017,1351,1726,23047406,169048250,192095656,574,1922,628
IR17-I-2-18599,Birla Institute of Technology & Science -Pilani,54.83,31.26,73.88,58.5,49.96,Pilani,Rajasthan,51.46,21,2017,7483,8067,305904925,2293891619,2599796544,939,2442,975
IR17-I-2-18572,Vellore Institute of Technology,41.65,42.87,75.57,75.99,32.95,Vellore,Tamil Nadu,51.36,22,2017,14995,17441,340287032,2886179252,3226466284,1986,4510,3664
IR17-I-2-1-243,Indian Agricultural Research Institute,58.22,33.6,74.11,76.79,11.52,New Delhi,Delhi,51.2,23,2017,5851.494508,4977.804243,179300976.5,653463515,1462760980,715.5862125,3037.363567,797.5359849
IR17-I-2-1-346,Indian Institute of Technology Indore,65.42,32.43,63.5,74.58,7.17,Indore,Madhya Pradesh,50.23,24,2017,431,786,202374331,407515901,609890232,400,1572,370
IR17-I-1-1-217,Indian Institute of Management Bangalore,68.62,12.47,63.57,83.53,38.72,Bengaluru,Karnataka,49.26,25,2017,2239.94297,3198.484137,437146545.6,1565588218,1966561761,295.622212,1019.101386,716.1311646
IR17-I-2-1-345,Indian Institute of Technology Hyderabad,63.51,28.02,62.91,72.21,18.06,Hyderabad,Telangana,49.07,26,2017,706,1369,865440935,488603840,1354044775,634,2149,542
IR17-I-2-18606,Calcutta University,36.34,44.1,95.76,39.02,17.15,Kolkata,West Bengal,48.9,27,2017,1837.168211,2416.797752,383221235.4,423334496.6,684091784.9,1375.274557,4598.142595,1361.669543
IR17-I-2-15598,Tamil Nadu Agricultural University,77.67,12.56,75.33,63.48,3.53,Coimbatore,Tamil Nadu,48.84,28,2017,1694.647964,2541.556996,310816158.3,325463427.1,374570631.4,221.3871231,830.2004545,383.6780278
IR17-I-1-18637,"Indian Institute of Science Education & Research, Pune",63.94,28.43,52.74,76.1,24.13,Pune,Maharashtra,48.28,29,2017,1447.305552,1357.388299,575436932.1,487930742.2,1113420112,669.4569961,2236.888029,1142.177884
IR17-I-2-18364,Manipal Academy of Higher Education-Manipal,64.76,29.31,58.66,55.51,27.67,Manipal,Karnataka,48.27,30,2017,624.6931854,968.74062,476875666.7,730251215.6,1102929655,881.4012783,2390.41941,1270.580499
IR17-I-2-18581,Visva Bharati,53.56,25.23,86.74,67.26,4.71,Kolkata,West Bengal,48.19,31,2017,1793.373535,1619.304051,263838089.4,673558888.2,1251507821,744.950336,1560.464666,765.1166115
IR17-I-2-1-340,Indian Institute of Technology Ropar,66.25,24.68,62.91,75.73,4.07,Rupnagar,Punjab,47.84,32,2017,446,590,129102169,154836248,283938417,288,1528,283
IR17-I-2-1-624,Siksha`O` Anusandhan University,63.31,17.17,66.02,78.18,15.57,Bhubaneswar,Odisha,46.72,33,2017,3086.942005,2810.088561,456440207.4,503708595.7,1040058785,461.9117533,1086.681716,642.2068758
IR17-I-1-1-370,National Institute of Technology Tiruchirappalli,44.43,31.32,71.92,73.68,20.92,Tiruchirappalli,Tamil Nadu,46.57,34,2017,2902,4405,123504000,994076000,1117580000,1141,3873,1161
IR17-I-2-18559,Bharath Institute of Higher Education & Research,59.33,23.12,63.42,86.49,3.79,Chennai,Tamil Nadu,46.45,35,2017,3428.900541,3103.025282,474510844.7,384262919.1,912358038.6,580.1834887,1501.812978,641.5537184
IR17-I-2-18230,Homi Bhabha National Institute,79.17,8.75,66.98,58.08,8.7,Mumbai,Maharashtra,46.45,35,2017,2185.664253,2252.764625,208931831.3,676963340.5,636346771.8,362.7733473,893.9281888,711.7734339
IR17-I-2-18639,Indian Institute of Technology Mandi,68.77,16.43,61.11,74.31,4.06,Mandi,Himachal Pradesh,45.62,37,2017,444,628,148060000,162109000,310169000,265,1063,169
IR17-I-2-18414,Osmania University,46.63,20.56,91.98,58.41,11.16,Hyderabad,Telangana,45.52,38,2017,2694.332431,2081.833026,154491543.3,733483360.7,1240977947,714.5755012,1353.386872,864.9260555
IR17-I-1-18700,Indian Institute of Management Calcutta,70.17,6.04,62.15,74.17,24.61,Kolkata,West Bengal,45.17,39,2017,8774.860076,8638.744363,198175654.2,462240881.6,1123945168,291.3364067,1026.428878,303.8584234
IR17-I-1-30713,"Punjab Agricultural University, Ludhiana",77.94,16.51,57.2,48.44,3.83,Ludhiana,Punjab,44.99,40,2017,2205.916573,2922.875849,156983439.1,158243943.4,380190669.9,486.505942,877.9667415,544.5837052
IR17-I-2-18261,Institute of Chemical Technology,41.33,36.82,69.31,55.73,20.69,Mumbai,Maharashtra,44.95,41,2017,703,1249,486274753,247310288,733585041,529,2689,653
IR17-I-2-17784,Jamia Hamdard,52.44,27.86,73.99,57.57,1.87,New Delhi,Delhi,44.84,42,2017,7443.234227,7640.784946,264831752.4,739993873.4,1272178251,581.1718531,1356.581393,769.7000238
IR17-I-2-30702,Gauhati University,50.65,16.84,89.89,59.41,2.48,Guwahati,Assam,44.42,43,2017,4887.503178,4819.661997,236706781.9,762075318,1118881339,427.0014105,744.3257384,816.9432651
IR17-I-1-18635,"Indian Institute of Science Education & Research, Kolkata",56.68,27.13,57.82,70,6.79,Mohanpur,West Bengal,44.38,44,2017,4109.060626,2836.711512,288930080.9,1097496230,1377843818,607.6376521,1362.442145,526.087668
IR17-I-2-18567,Bharathiar University,45.67,35.58,63.73,62.6,9.11,Coimbatore,Tamil Nadu,44.29,45,2017,4308.414994,6274.241966,428007293.7,1009690179,1032891003,947.0342247,3243.967403,1471.274926
IR17-I-2-1-140,National Institute of Technology Rourkela,43.93,34.18,67.94,65.97,4,Rourkela,Odisha,44.02,46,2017,2039,3591,411200000,675900000,1087100000,1357,3808,1357
IR17-I-2-18317,Kerala University,50.61,14.62,89.18,64.47,0.89,Thiruvananthapuram,Kerala,43.95,47,2017,3891.705077,3759.596102,216086771.8,725136837.8,999653157.9,412.0728603,463.5468236,828.7284352
IR17-I-2-10563,Tezpur University,51.89,28.83,62.76,63.05,7.09,Tezpur,Assam,43.78,48,2017,5918.96597,5058.748891,334633971.1,1245456530,1403385656,803.1619637,1779.957877,2013.364091
IR17-I-1-700,TATA Institute of Social Sciences,51.92,6.59,76.5,85.16,23.31,Mumbai,Maharashtra,43.71,49,2017,8162.123612,5604.829673,422987159.4,1003132081,1975616948,448.1545275,729.3570091,753.289954
IR17-I-2-18477,Shanmugha Arts Science Technology & Research Academy (SASTRA),43.1,31.09,68.04,65.18,11.1,Thanjavur,Tamil Nadu,43.5,50,2017,4845,5208,193457196,661344638,854801834,489,2100,1577
IR17-I-1-18704,Indian Institute of Management Lucknow,63.94,6.94,62.69,82.57,12.92,Lucknow,Uttar Pradesh,43.35,51,2017,3493.043919,3586.378108,494702996.7,520262677.3,825970415.4,214.9450316,769.655814,592.1612758
IR17-I-2-1-333,"Indian Institute of Science Education & Research, Mohali",55.38,17.55,62.99,80.48,7.52,Mohali,Punjab,43.27,52,2017,7720.08282,4390.883281,546885242.8,1381067511,2360035202,522.6039402,1223.884751,1003.222796
IR17-I-1-18632,Indian Institute of Technology (Indian School of Mines),40.04,34.27,67.12,67.08,7.88,Dhanbad,Jharkhand,43.21,53,2017,3127,5400,448972000,760270200,1209242200,964,3500,990
IR17-I-2-1-2814248400,Panjab University,36.7,40.79,66.18,47.4,18.99,Chandigarh,Chandigarh,43.13,54,2017,1545.347954,2885.402625,303276261.8,670052986.8,876320534.1,1162.388759,3432.259194,1494.903063
IR17-I-2-1-596,S.R.M Institute of Science and Technology,45.8,25.07,64.33,78.65,10.8,Chennai,Tamil Nadu,43.07,55,2017,16155,17325,688800000,1821000000,2509800000,780,2542,1511
IR17-I-1-1-249,Indian Institute of Space Science and Technology,69.46,11.63,51.78,70.33,13.45,Thiruvananthapuram,Kerala,43.06,56,2017,397,582,163269017,401719939,564988956,214,597,206
IR17-I-2-1-457,Mysore University,41.59,20.1,93.17,53.51,3.44,Mysore,Karnataka,42.83,57,2017,1597.995944,2934.406086,174169745.1,826229625.3,1165980458,679.8779104,1606.101359,913.0904867
IR17-I-2-18693,"National Institute of Pharmaceutical Education and Research, Hyderabad",61.28,14.3,60.78,75.15,3.9,Hyderabad,Telangana,42.74,58,2017,991.7739238,1214.702763,235158008.6,194399287.2,493179602.9,365.8370352,752.7654614,500.7094891
IR17-I-2-18424,Pondicherry University,44.07,26.33,72.73,65.61,4.67,Puducherry,Pondicherry,42.7,59,2017,1806.055835,3427.815288,237830502.3,972501498.7,1474211228,816.1786471,2220.120691,1184.547506
IR17-I-2-1-697,Tamil Nadu Veterinary & Animal Sciences University,75.08,6.36,61.11,57.5,0.67,Chennai,Tamil Nadu,42.48,60,2017,1155.692857,1100.335133,209300677.8,635782483.6,866005756.1,300.6679732,355.2848791,673.6104577
IR17-I-2-1-661,Sri Ramachandra University,68.16,14.1,47.94,73.02,8.86,Chennai,Tamil Nadu,42.46,61,2017,439.9533764,730.9374481,239835536.1,322349484.8,567673014.6,241.647672,625.7548498,208.7813685
IR17-I-2-18276,Anand Agricultural University,72.99,5.89,70.24,42.67,2.75,Anand,Gujarat,42.26,62,2017,3938.33075,6798.488235,177333061.4,459308489.7,329132152.7,459.0224026,928.4663676,702.8408081
IR17-I-1-18709,Indian Institute of Management Udaipur,68.76,1.38,60,86.05,5.04,Udaipur,Rajasthan,42.15,63,2017,1138.144364,1078.352591,489011148,241616850.2,618545839.4,224.6130395,797.1940608,199.2292931
IR17-I-2-18341,University of Madras,44.22,29.26,62.26,62.75,10.82,Chennai,Tamil Nadu,41.85,64,2017,5814.362104,6491.440139,273344598,1077274211,1103017908,842.0809961,2019.571624,1960.452892
IR17-I-1-1-493,National Institute of Technology Surathkal,42.31,21.43,71.88,62.86,20.13,Surathkal,Karnataka,41.8,65,2017,2691,4094,175861000,716874000,892735000,777,1478,871
IR17-I-1-18627,Indian Institute of Technology Bhubaneswar,57.89,20.92,51.73,74.82,2.66,Bhubaneswar,Odisha,41.75,66,2017,532,886,237572331,306695913,544268244,424,1780,298
IR17-I-1-1-18708,Indian Institute of Management Tiruchirappalli,71.34,1.09,60,77.67,2.31,Tiruchirappalli,Tamil Nadu,41.73,67,2017,1424.461528,1796.08439,347815281.3,186365236.6,585352338.7,205.1305053,755.242738,229.4178742
IR17-I-2-1-668,Sri Venkateswara University,45.88,24.43,68.72,64.57,1.94,Tirupati,Andhra Pradesh,41.48,68,2017,694,973,19786184,109241492,129027676,461,1916,498
IR17-I-2-1-31,Andhra University,40.32,18.59,80.31,55.75,20.72,Visakhapatnam,Andhra Pradesh,41.38,69,2017,1003,1785,25197282,249366775,274564057,313,644,485
IR17-I-2-18672,"Indian Institute of Technology (Banaras Hindu University), Varanasi",42.85,19.35,72.56,57.89,23.96,Varanasi,Uttar Pradesh,41.37,70,2017,1316.610636,2082.270761,71013609.14,327953432.5,706962466.8,412.0938048,1290.861148,564.8832778
IR17-I-1-1-347,Indian Institute of Management Kashipur,72.76,1.47,60,70.17,0.72,Kashipur,Uttarakhand,41.36,71,2017,0,0,197726698,445084101.8,533695808.4,198.9706237,415.4874116,253.7992643
IR17-I-2-18472,Sathyabama Institute of Science and Technology,42.32,22.17,65.64,77.13,11.08,Chennai,Tamil Nadu,41.3,72,2017,12395.64239,15511.42027,295292932.4,594574220.7,1379050559,649.3931975,1778.113739,995.557129
IR17-I-2-18690,"Indian Institute of Engineering Science and Technology, Shibpur",45.5,27.57,64.98,54.35,9.29,Howrah,West Bengal,41.28,73,2017,1019.682765,1740.8599,114305955.5,845733611.8,731707981,811.4545003,2450.429585,833.657499
IR17-I-2-1-299,Jagadguru Sri Shivarathreeshwara University,55.34,10.32,61.55,76.67,14.99,Mysore,Karnataka,41.18,74,2017,1661.600925,1827.972646,176710120.5,409437596.5,642426711,466.3071202,725.6010172,603.4702218
IR17-I-2-1-2813959492,Thapar University,39.35,29.05,70.16,49.1,13.17,Patiala,Punjab,40.78,75,2017,3212,3984,159228000,775351000,934579000,1072,3391,1039
IR17-I-2-30671,Dr. D. Y. Patil Vidyapeeth Pune,64.52,4.9,60.27,65.47,11.61,Pune,Maharashtra,40.59,76,2017,647.8090842,607.7962194,145553877.1,328604122.2,463429768.5,173.7032725,552.5093435,190.1873174
IR17-I-2-18409,North Eastern Hill University,53.99,11.83,71.52,61.35,3.24,Shillong,Meghalaya,40.51,77,2017,1654.50238,3024.59546,111025140.1,589676081,689742931.3,545.8222611,614.1376427,556.0752094
IR17-I-1-18628,Indian Institute of Technology Gandhinagar,59.15,17.34,51.27,63.65,9.24,Ahmedabad,Gujarat,40.48,78,2017,493,853,236027000,305481000,541508000,188,379,231
IR17-I-2-1-336,Kalinga Institute of Industrial Technology,46.39,12.75,68.53,69.17,20.95,Bhubaneswar,Odisha,40.47,79,2017,8641,9116,361507303,894472514,1255979817,460,673,487
IR17-I-1-1-2811256746,Sri Sivasubrmaniya Nadar College of Engineering,52.45,14.02,64.06,61.58,13.86,Kalavakkam,Tamil Nadu,40.31,80,2017,2577,2806,43074926,570635026,613709952,545,642,679
IR17-I-2-18214,Guru Angad Dev Veterinary & Animal Sciences University,71.99,10.08,56.99,40.19,0.59,Ludhiana,Punjab,40.1,81,2017,8580.169406,11573.11228,159718923.3,451727373.7,574753424.9,432.1781621,866.6310762,666.1038199
IR17-I-2-18622,National Institute of Technology Warangal,46.02,17.53,68.74,64.94,7.43,Warangal,Telangana,40.05,82,2017,2659,4028,80761361,876705659,957467020,631,1544,643
IR17-I-2-1-344,Indian Institute of Technology Patna,52.27,19.13,55.08,71.52,2.8,Patna,Bihar,39.87,83,2017,643,998,117344848,204664907,322009755,384,905,391
IR17-I-2-1-178,Dr. Y.S.Parmar University of Horticulture & Forestry,68.64,4.39,65.58,44.54,0.64,Solan,Himachal Pradesh,39.54,84,2017,652.2579652,1430.508282,169458347.3,654521119.2,665225495.2,469.1699078,899.1790456,782.2986135
IR17-I-1-18703,Indian Institute of Management Kozhikode,58.19,6.11,60.86,71.74,5.73,Kozhikode,Kerala,39.2,85,2017,855.4672546,1420.305846,126245890.2,395180352.1,688716683,400.8682021,827.710802,217.373808
IR17-I-2-18259,AMITY University,38.5,23.36,63.06,61.86,18.06,Gautam Budh Nagar,Uttar Pradesh,39.17,86,2017,6360,6717,179906124,649940582,829846706,749,1018,941
IR17-I-1-12080,Indian Institute of Crop Processing Technology,62.29,1.56,60.86,76.83,1.42,Thanjavur,Tamil Nadu,39.15,87,2017,1613.094214,1304.70906,170697716.6,187847536.4,176716886.2,347.969783,790.3101031,209.9111534
IR17-I-1-2811179135,PSG College of Technology,45.79,14.34,61.11,62.6,25.48,Coimbatore,Tamil Nadu,39.07,88,2017,4423,4681,180396000,743867000,924263000,418,883,777
IR17-I-2-18508,Banasthali Vidyapith,37.11,9.99,82.16,74.26,7.46,Banasthali,Rajasthan,38.74,89,2017,4172.241943,4505.950585,109777072.8,547259112.7,676726086.4,494.2950555,1261.015342,589.0586477
IR17-I-2-18580,Bharati Vidyapeeth,48.43,12.95,55.18,62.17,30.64,Pune,Maharashtra,38.73,90,2017,4856.365169,6701.399874,144204913.9,2243497620,1107618803,438.0396486,768.5391106,779.7478251
IR17-I-2-18474,Saveetha Institute of Medical and Technical Sciences,51.11,11.81,57.85,76.63,5.81,Chennai,Tamil Nadu,38.68,91,2017,1133.963542,1648.178974,162269015.6,561573456.8,672113274,429.4612705,917.9553076,466.0894502
IR17-I-2-1-33,Annamalai University,39.03,26.87,68.64,47.19,3.67,Annamalainagar,Tamil Nadu,38.59,92,2017,3534.312378,6499.601194,65789132.23,584191521.7,591219166.8,784.4555475,2481.25236,721.1953461
IR17-I-2-18607,Calicut University,50.3,8.81,72.68,57.08,4.74,Calicut,Kerala,38.45,93,2017,3832.977427,3141.861066,61421082.91,519980406.8,711425538.3,583.0447534,986.7226944,611.2310215
IR17-I-2-1-448,Mizoram University,52.31,5.27,70.52,69.93,0.03,Aizwal,Mizoram,38.36,94,2017,7892.545958,10019.43224,144938201.9,701202407.6,480490388.9,552.7759443,784.032985,479.5770232
IR17-I-2-1-373,Kurukshetra University,43.43,13.44,79.64,50.37,2.33,Kurushetra,Haryana,38.26,95,2017,3367.432838,4456.134172,45673988.7,444856409.9,281923380.8,479.8582917,956.9360234,584.9463096
IR17-I-2-10933,Shiv Nadar University,59.15,9.43,47.7,73.23,5.24,Chithera,Uttar Pradesh,37.95,96,2017,1442.240343,995.8244909,206818637.9,283054407.4,486864934.9,247.4706886,824.9921462,226.2339792
IR17-I-2-21078,Symbiosis International University,44.8,8.92,60.44,80.33,14.31,Pune,Maharashtra,37.67,97,2017,14221.77426,14969.63824,337862050.6,711512502.2,1545820144,484.5213466,1157.916274,681.817261
IR17-I-2-18634,"Indian Institute of Science Education & Research, Bhopal",46.13,18.21,53.21,70.78,3,Bhopal,Madhya Pradesh,37.32,98,2017,4321.624912,5152.931127,164340193.2,336974553.7,523124508.8,415.8516986,1179.908238,447.5672703
IR17-I-1-18710,Rajiv Gandhi Indian Institute of Management,61.42,1.89,60,62.21,0.57,Shillong,Meghalaya,37.28,99,2017,10797.5706,12286.65941,139761765.1,501611624.7,479338253.9,383.0978808,563.8816342,441.8527222
IR17-I-2-1-N002,KLE Academy of Higher Education and Research,64.13,4.9,49.61,65.54,0.69,Belagavi,Karnataka,37.25,100,2017,1658.626028,1703.200618,199196108.2,533286616.7,609275240.7,194.236601,608.1821413,290.7352477
IR-1-O-O-U-0220,Indian Institute of Science,84.54,91.08,75.48,43.7,100,Bengaluru,Karnataka,82.16,1,2018,3271.529975,2981.851853,1138889529,3612584984,5106716725,3760.921612,12382.60443,4542.004583
IR-2-O-OE-U-0456,Indian Institute of Technology Madras,82.49,81.42,85.36,64.81,86.61,Chennai,Tamil Nadu,81.39,2,2018,5588,7759,1336331172,3837142968,5173474140,3785,12536,4286
IR-3-O-OEM-U-0306,Indian Institute of Technology Bombay,81.34,85.59,81.53,48.53,79.61,Mumbai,Maharashtra,79.2,3,2018,4652,6046,1022618096,3450929257,4473547353,3764,12239,4490
IR-3-O-OEM-I-1074,Indian Institute of Technology Delhi,73.38,78.67,74.91,60.96,72.79,New Delhi,Delhi,73.97,4,2018,3196,4474,1150656000,2912759000,4063415000,3738,15740,4159
IR-5-O-OEMAL-U-0573,Indian Institute of Technology Kharagpur,67.96,74.57,83.99,56.16,62.12,Kharagpur,West Bengal,71.39,5,2018,2806,5730,1153091856,1859389022,3012480878,4308,17101,4513
IR-1-O-O-U-0109,Jawaharlal Nehru University,74.71,42.6,99.12,79.32,46.28,New Delhi,Delhi,67.57,6,2018,2146.527338,2464.243521,1597947680,1622873957,2853774829,3449.787249,14413.46501,3695.805734
IR-3-O-OEM-I-1075,Indian Institute of Technology Kanpur,71.71,68.63,62.76,39.81,67.59,Kanpur,Uttar Pradesh,65.39,7,2018,4890,6438,1115835000,1691900000,2807735000,2599,8827,2933
IR-4-O-OEMA-U-0560,Indian Institute of Technology Roorkee,65.88,61.59,85.29,58.65,37.56,Roorkee,Uttarakhand,64.93,8,2018,3368,4968,643481000,1561056500,2204537500,3046,13934,3461
IR-3-O-OMD-U-0500,Banaras Hindu University,65.15,50.76,95.42,53.13,43.62,Varanasi,Uttar Pradesh,63.52,9,2018,2326.274304,2805.146442,438001773.1,1552574478,2360860938,3051.469449,14194.3084,3986.880505
IR-4-O-OEMA-U-0439,Anna University,57.31,60.76,79.15,52.55,63.22,Chennai,Tamil Nadu,62.82,10,2018,5977,7299,160878727,2135536527,2296415254,3234,10005,5217
IR-1-O-O-U-0042,University of Hyderabad,74.36,45.34,84.45,55.71,21.66,Hyderabad,Telangana,60.54,11,2018,1127.274261,1602.815844,1631418658,785283878.1,2481297735,1969.399844,7087.459879,1518.999669
IR-2-O-OE-U-0053,Indian Institute of Technology Guwahati,79.25,52.13,63.2,52.97,28.01,Guwahati,Assam,60.16,12,2018,2606,3883,1627870397,1260413374,2888283771,2159,7720,2347
IR-2-O-OE-U-0575,Jadavpur University,57.08,57.07,91.39,36,35.5,Kolkata,West Bengal,59.68,13,2018,4300,5295,139068147,846290539,985358686,2726,8700,3298
IR-1-O-O-U-0120,University of Delhi,52.52,58.16,85.14,51.26,33.15,Delhi,Delhi,58.69,14,2018,2397.655538,4552.459971,104999299.5,1640648747,1035267985,2593.517532,8983.108386,3485.34941
IR-1-O-O-U-0436,Amrita Vishwa Vidyapeetham,74.05,43.56,71.03,58.27,31.44,Coimbatore,Tamil Nadu,58.46,15,2018,652.6367486,581.563168,351203001.3,1857785101,3199558226,2484.176047,7838.246212,1969.478846
IR-1-O-O-U-0323,Savitribai Phule Pune University,70.7,43.64,84.55,55.29,15.04,Pune,Maharashtra,58.24,16,2018,745.0746287,1247.701227,137058590.2,573296005.6,407185522.4,1209.965643,3839.504019,1852.136416
IR-7-O-OEMALDC-U-0496,Aligarh Muslim University,70.28,36.87,90.56,49.03,26.3,Aligarh,Uttar Pradesh,57.78,17,2018,1700,2268,12428535,355605181,368033716,805,3135,903
IR-1-O-O-U-0234,Manipal Academy of Higher Education,76.05,44.15,61.29,64.23,26.3,Manipal,Karnataka,57.37,18,2018,649.0073723,850.2173898,334259777.6,521101754.6,1020465577,1275.812877,4423.100785,1696.007327
IR-5-O-OEMAL-U-0108,Jamia Millia Islamia,72.33,33.21,82.27,68.86,11.76,New Delhi,Delhi,56.18,19,2018,1399,1577,8041300,180557057,188598357,699,2313,890
IR-1-O-C-U-0447,Bharathiar University,65.54,41.7,76.95,52.63,22.63,Coimbatore,Tamil Nadu,55.08,20,2018,612.7748606,832.9004035,125916389.7,585794231.7,649424013.1,1209.852272,4322.344026,1435.247795
IR-1-O-O-U-0570,Calcutta University,45.47,50.26,86.81,46.72,26.3,Kolkata,West Bengal,53.38,21,2018,1199.728521,1867.869654,155101078.7,621689930.3,589622760.5,994.6277756,4451.844051,1389.651896
IR-2-O-OE-U-0013,Indian Institute of Technology Hyderabad,71.72,35.33,65.12,57.08,22.15,Hyderabad,Telangana,53.07,22,2018,1022,1597,516214971,635534899,1151749870,861,2764,896
IR-1-O-D-U-0523,King George`s Medical University,83.08,29.71,62.7,59.66,3.93,Lucknow,Uttar Pradesh,52.73,23,2018,2666.737184,3772.466458,285262939,482804408.6,711074176,875.8421981,2060.929117,785.7213458
IR-3-O-OEM-U-0490,Vellore Institute of Technology,50.3,47.42,68.43,60.02,36.71,Vellore,Tamil Nadu,52.68,24,2018,20769,23588,409427831,3221637665,3631065496,2868,7603,5089
IR-1-O-O-U-0572,Indian Institute of Science Education & Research Kolkata,70.87,35.6,65.91,62.92,11.13,Mohanpur,West Bengal,52.52,25,2018,1819.047381,1852.709199,442502606.3,440612248.7,777038367.6,820.6281132,4645.252435,812.5723939
IR-3-O-OEP-U-0391,Birla Institute of Technology & Science,61.02,35.56,69.33,57.73,35.32,Pilani,Rajasthan,52.15,26,2018,7746,8145,532854900,2757960249,3290815149,1225,3645,1386
IR-2-O-OE-U-0205,Indian Institute of Technology (Indian School of Mines) Dhanbad,54.46,44.24,74.36,61.08,14.46,Dhanbad,Jharkhand,52.04,27,2018,5843,7982,692712000,949521080,1642233080,1580,5939,1883
IR-1-O-E-U-0701,Indian Institute of Technology (Banaras Hindu University) Varanasi,57.85,48.53,67,42.5,22.87,Varanasi,Uttar Pradesh,51.85,28,2018,6407,7566,345738066,1142104611,1487842677,1150,4368,1175
IR-1-O-O-I-1357,University of Madras,66.06,33.4,68.6,53.07,26.52,Chennai,Tamil Nadu,51.52,29,2018,902.7145714,1337.375857,196921453.5,560500916,535712351.9,892.4698216,3133.669239,1031.592246
IR-3-O-OEP-U-0308,Institute of Chemical Technology,53.82,48.52,69.18,52.55,15.9,Mumbai,Maharashtra,51.39,30,2018,824,1185,260362155,408490771,668852926,638,4315,832
IR-2-O-OE-U-0467,National Institute of Technology Tiruchirappalli,57.09,34.41,69.99,60.81,38.55,Tiruchirappalli,Tamil Nadu,51.38,31,2018,2861,3644,456982201,1075659492,1532641693,1361,4830,1523
IR-1-O-O-U-0305,Indian Institute of Science Education & Research Pune,66.57,33.04,61.4,62.86,25.85,Pune,Maharashtra,51.04,32,2018,178.537,673.5437569,195003977.1,446253637.4,948164200.4,854.0906521,2286.250061,1059.116243
IR-6-O-OEMLDP-U-0078,Panjab University,52.59,44.75,73.16,47.52,23.58,Chandigarh,Chandigarh,50.94,33,2018,2052,2245,76235813,271378959,347614772,1049,3645,1161
IR-1-O-M-S-8972,Indian Institute of Management Calcutta,82.44,14.54,61.99,66.05,27.8,Kolkata,West Bengal,50.87,34,2018,935.2393504,845.4925436,175447529.7,701574068,1200680235,328.0386027,707.2539128,512.5720469
IR-1-O-O-U-0446,Bharath Institute of Higher Education & Research,70.22,29.22,63.76,79.16,2.4,Chennai,Tamil Nadu,50.74,35,2018,2365.22066,2512.006809,589710062.8,427866231.5,1062714278,617.0227076,1818.410926,951.5925118
IR-6-O-OEMALP-U-0006,Andhra University,65.98,25.12,83.14,54.75,9.53,Visakhapatnam,Andhra Pradesh,50.39,36,2018,389.6532592,932.5703897,166599105.1,420471630.2,226451357.1,427.4540637,2173.752922,791.0662785
IR-5-O-OEMDP-U-0107,Jamia Hamdard,67.67,32.29,74.48,52.2,2.01,New Delhi,Delhi,50.31,37,2018,1232.775363,623.4400051,118405413.4,461068325.2,417529734.8,1082.974393,2723.699951,811.9709186
IR-2-O-OD-U-0363,Siksha `O` Anusandhan,74.34,23.4,66.21,63.07,7.17,Bhubaneswar,Odisha,49.59,38,2018,957.1571624,897.2454354,197748380.5,367474489.3,553803984.6,286.6240385,1032.491017,341.4202274
IR-2-O-OE-U-0139,Indian Institute of Technology Gandhinagar,73.72,27.29,56.79,60.47,15.9,Gandhinagar,Gujarat,49.31,39,2018,684,822,151921000,510099000,662020000,284,728,374
IR-1-O-O-U-0485,Tamil Nadu Agricultural University,78.6,12.99,75.58,54.06,12.07,Coimbatore,Tamil Nadu,49.22,40,2018,1096.896334,2505.724186,155706367.9,478339661.8,428769953.8,518.9058095,722.724094,725.2863706
IR-1-O-O-U-0304,Homi Bhabha National Institute,84.14,14.18,70.13,44.74,9.85,Mumbai,Maharashtra,48.98,41,2018,1721.433609,2467.639828,207822770.6,343788609.7,369920191.7,534.1788777,1227.454175,734.3259247
IR-2-O-OE-U-0357,National Institute of Technology Rourkela,55.85,41.93,69.73,43.4,9.85,Rourkela,Odisha,48.62,42,2018,2279,4234,263522157,827000000,1090522157,1768,5541,1979
IR-1-O-C-U-0435,Alagappa University,65.74,22.27,70.4,53.19,24.5,Karaikudi,Tamil Nadu,48.25,43,2018,2008.550989,1449.014367,191123526.3,582793197,449804349.2,624.3881319,1639.927869,802.3144061
IR-2-O-OE-U-0584,"Indian Institute of Engineering Science and Technology, Shibpur",60.01,35.5,64.06,43.37,22.63,Howrah,West Bengal,48.06,44,2018,3010.388032,4027.978317,295766915.6,501817029.8,1134292308,1114.084648,3047.873847,1331.84776
IR-1-O-O-U-0027,Osmania University,55.09,25.9,93.35,44.69,5.76,Hyderabad,Telangana,48.02,45,2018,1082.23118,1778.61811,221906516.8,892564911,1167419072,801.9824149,2150.9865,853.7878824
IR-1-O-O-U-0056,Tezpur University,66.61,30.54,65.26,47.3,10.82,Tezpur,Assam,48,46,2018,1188.628136,1490.658893,186152094.6,573240675.6,606182239.9,787.092075,2563.486188,1368.416538
IR-1-O-O-U-0260,Kerala University,65.16,19.8,83.76,47.6,7.17,Thiruvananthapuram,Kerala,47.72,47,2018,715.6256503,1615.822076,196200368.1,246834380.5,149493949,550.1605615,1492.256121,851.9005906
IR-1-O-O-U-0589,Visva Bharati,63.49,27.44,72.24,53.87,5.03,Kolkata,West Bengal,47.62,48,2018,827.436742,1061.310822,209070106.8,590300587.2,360089283.4,716.4019163,2035.999936,829.0974965
IR-1-O-O-U-0331,Tata Institute of Social Sciences,68.98,9.77,78.3,71.56,10.18,Mumbai,Maharashtra,47.46,49,2018,1822.817393,2068.333542,124299677.3,377582908.2,104630748.7,184.2312532,1026.39218,370.3574342
IR-2-O-EM-I-1480,Thapar Institute of Engineering and Technology,58.24,34.97,65.36,57.27,3.55,Patiala,Punjab,47.11,50,2018,4885,5306,270206000,848760000,1118966000,1332,4672,1412
IR-2-O-OE-U-0355,Indian Institute of Technology Bhubaneswar,70.95,28.14,52.36,59.78,8.87,Bhubaneswar,Odisha,47.07,51,2018,982,1126,314431437,495558031,809989468,757,4154,540
IR-1-O-O-U-0554,G. B. Pant Universtiy of Agriculture and Technology,72.14,15.04,75.45,48.16,5.03,Pantnagar,Uttarakhand,46.56,52,2018,1320.144138,815.5471453,240200735.7,314100432.9,544328662.5,506.5250653,1320.70492,820.2955843
IR-1-O-O-U-0262,Mahatma Gandhi University,64.21,22.89,72.84,51.76,6.82,Kottayam,Kerala,46.56,52,2018,1230.425473,1108.467067,225857774.8,463570939.8,354205883.8,618.5033733,1748.306377,864.67998
IR-4-O-OEML-U-0476,Shanmugha Arts Science Technology & Research Academy,53.44,34.57,64.43,58.95,11.45,Thanjavur,Tamil Nadu,46.33,54,2018,6485,6655,364486104,758090455,1122576559,640,2746,1619
IR-1-O-O-U-0377,Indian Institute of Science Education & Research Mohali,63.32,21.34,63.29,65.05,16.73,Mohali,Punjab,46.24,55,2018,2011.170669,2617.69217,290984736.4,540892230.8,808687806.9,552.2845385,1342.507912,617.7564542
IR-1-O-O-U-0272,Indian Institute of Science Education & Research Bhopal,61.55,26.6,62.83,63.71,7.86,Bhopal,Madhya Pradesh,46.17,56,2018,1129.251031,1413.436761,320618564,594715374.6,860267282.4,540.0293833,1794.290797,636.793155
IR-2-O-OE-U-0237,National Institute of Technology Surathkal,52.66,29.51,68.64,51.71,25.85,Surathkal,Karnataka,46.14,57,2018,2888,3797,169734000,832771000,1002505000,1180,2617,1236
IR-1-O-O-U-0254,Indian Institute of Science Education & Research Thiruvananthapuram,69.8,20.45,59.51,47.58,22.39,Thiruvananthapuram,Kerala,45.97,58,2018,698.1919919,1042.673371,170558377.1,410974271.1,921427678.5,580.6985422,1411.385251,635.7603538
IR-2-O-OP-U-0222,JSS Academy of Higher Education and Research,69,17.24,61.89,68.65,6.47,Mysore,Karnataka,45.76,59,2018,371.8139446,768.5519048,216382881.4,277152417.3,491736063.2,257.5929167,1084.874087,411.8389626
IR-1-O-O-U-0381,Punjab Agricultural University,80.46,19.35,54.02,42.72,5.4,Ludhiana,Punjab,45.56,60,2018,3963.311207,5064.047629,232815020.2,333267997.1,579488549.9,471.8961371,1477.691449,606.7761237
IR-1-O-O-U-0052,Gauhati University,64.91,19.8,74.9,44.44,6.11,Guwahati,Assam,45.44,61,2018,972.8920676,492.7789172,241322951.5,449130319.4,653491433,598.2589502,1546.422893,892.1428113
IR-3-O-ODP-I-1486,Sri Ramachandra Medical College and Research Institute,76.9,19.5,51.41,55.1,5.76,Chennai,Tamil Nadu,45.29,62,2018,2716.661127,1890.337408,261484353.7,546632281,783465451.4,355.9298024,1211.876362,621.947218
IR-5-O-OEMDP-U-0473,SRM Institute of Science and Technology,56.87,28.54,64.68,57.57,8.53,Chennai,Tamil Nadu,45.17,63,2018,18332,19090,483900000,2070087900,2553987900,886,2899,2217
IR-3-O-OEM-C-37013,PSG College of Technology,62.6,16.92,61.14,49.77,38.71,Coimbatore,Tamil Nadu,44.94,64,2018,3551,3963,145595000,538094000,683689000,518,962,915
IR-5-O-OEMLD-U-0356,Kalinga Institute of Industrial Technology,57.32,22.53,69.57,65.94,3.55,Bhubaneswar,Odisha,44.81,65,2018,9242,9453,402418297,1289618387,1692036684,710,1168,841
IR-5-O-OEMAP-U-0202,Birla Institute of Technology,57.73,29.45,61.31,52.43,10.5,Ranchi,Jharkhand,44.71,66,2018,2499,2771,46190859,775340228,821531087,758,1671,1129
IR-1-O-O-U-0329,Symbiosis International,69.88,12.46,60.9,71.23,6.11,Pune,Maharashtra,44.62,67,2018,1060.42481,1022.274991,196855553.9,191340137.7,492398660.6,232.2636623,873.0117925,183.5046432
IR-4-O-OEMA-U-0474,Sathyabama Institute of Science and Technology,52.38,29.43,65.31,63.14,4.3,Chennai,Tamil Nadu,44.34,68,2018,8969,9060,324819000,814198000,1139017000,879,725,2413
IR-2-O-OE-U-0064,Indian Institute of Technology Patna,67.81,25.42,52.87,49.93,7.17,Patna,Bihar,44.25,69,2018,862,1022,247712559,230201616,477914175,511,1446,589
IR-2-O-OD-I-1441,Saveetha Institute of Medical and Technical Sciences,65.4,18.67,60.34,63.92,3.17,Chennai,Tamil Nadu,44,70,2018,595.0132157,565.8801833,178640920,145196956,365222558.4,222.8324145,696.7941289,391.0207904
IR-1-O-O-U-0196,University of Kashmir,62.39,20.08,77.61,36.99,0,Srinagar,Jammu and Kashmir,43.96,71,2018,9853.687802,9057.645148,116231833,533243619.5,322345479.8,550.0086588,1250.997783,851.4932348
IR-1-O-O-U-0642,Shiv Nadar University,69.21,12.55,60.17,71.18,0,Chithera,Uttar Pradesh,43.68,72,2018,4326.27927,2918.620305,190324968.9,456644422,663859495.5,221.2347346,490.9226221,249.6485305
IR-1-O-E-C-16604,Sri Sivasubramaniya Nadar College of Engineering,62.51,20.31,62.21,52.43,10.82,Kancheepuram,Tamil Nadu,43.6,73,2018,2774,2912,65559261,667143416,732702677,717,1007,852
IR-2-O-OE-U-0037,Sri Venkateswara University,60.43,25.94,61.66,50.03,2.01,Tirupati,Andhra Pradesh,43.44,74,2018,771,989,7460756,140725042,148185798,502,2112,657
IR-1-O-D-C-45515,PSG Institute of Medical Sciences & Research,82.71,2.12,58.65,50.06,10.5,Coimbatore,Tamil Nadu,43.24,75,2018,1194.462057,2359.531252,164988566.3,348871315.5,458835915.9,469.4381832,426.0740829,574.5979678
IR-1-O-O-U-0159,Chaudhary Charan Singh Haryana Agricultural University,78.3,8.04,65.06,41.03,2.01,Hisar,Haryana,43.21,76,2018,4193.664905,5880.398101,154037682.5,485210697.8,570326036.3,476.2275666,768.0161958,704.7704799
IR-3-O-OML-U-0195,University of Jammu,65.22,18.9,69.46,39.44,1.22,Jammu Tawi,Jammu and Kashmir,43.19,77,2018,3005.802432,3795.234099,158124402.2,386547979.5,294869217.4,444.3182559,1008.63705,800.8364425
IR-2-O-OE-U-0025,National Institute of Technology Warangal,56.18,22.73,67.06,54.72,6.11,Warangal,Telangana,43.16,78,2018,2779,3570,154568900,1113409631,1267978531,839,1926,888
IR-2-O-OD-I-1110,Dr. D. Y. Patil Vidyapeeth,76.37,8.25,56.74,62.9,1.22,Pune,Maharashtra,43.15,79,2018,534.3433495,194.3249195,160717622.6,183120246.9,380775053.5,223.8386689,323.8552293,315.5732373
IR-6-O-OEMALP-U-0497,Amity University,48.75,30.1,62.95,62.11,5.4,Gautam Budh Nagar,Uttar Pradesh,42.99,80,2018,6916,7287,45665364,1721349852,1767015216,1271,1813,1685
IR-1-O-O-U-0463,Madurai Kamraj University,61.57,28.03,49.87,45.12,16.18,Madurai,Tamil Nadu,42.98,81,2018,728.8083068,626.7443804,199124870.7,308292061.9,804659139.1,598.4083919,3115.219188,737.571838
IR-6-O-OEMAPC-N-10,SVKM`s Narsee Monjee Institute of Management Studies,65.29,12.61,63.9,65.69,0.81,Mumbai,Maharashtra,42.8,82,2018,1149.777873,1466.111336,263226819.7,616135665.8,925111680.6,223.7688415,412.338509,622.8379745
IR-2-O-EM-U-0020,Koneru Lakshmaiah Education Foundation University,65.81,15.23,62.65,59.43,0,Vaddeswaram,Andhra Pradesh,42.78,83,2018,14163,14593,269045388,831439051,1100484439,300,302,1137
IR-1-O-O-U-0225,KLE Academy of Higher Education and Research,74.67,11.37,50.08,66.52,2.79,Belagavi,Karnataka,42.76,84,2018,361.5928121,179.001759,196918464,263406119.5,495288090.4,202.5100258,422.622433,232.5297376
IR-1-O-O-U-0246,University of Agricultural Sciences,73.71,2.64,70.63,54.04,1.22,Dharwad,Karnataka,42.55,85,2018,53.53576939,365.4905524,152392981.3,536724858.7,226174874.9,469.7609486,368.6052339,593.564628
IR-1-O-O-U-0376,Guru Nanak Dev University,44.09,31.78,70.3,48.22,7.17,Amritsar,Punjab,42.36,86,2018,818.8356085,1358.576405,32937803.45,771664466.5,1067115241,1165.600363,3042.448849,1224.256916
IR-3-O-OEM-U-0369,Pondicherry University,46.64,26.49,69.92,49.6,14.76,Puducherry,Pondicherry,42.36,86,2018,788.9117503,1287.157202,20344432.32,676249308.4,741080663.7,847.4926684,2497.656184,814.8698526
IR-1-O-O-U-0341,North Eastern Hill University,64.85,13.43,70.21,43.1,5.03,Shillong,Meghalaya,42.34,88,2018,1608.401991,2416.090521,98880858.86,371538973.3,226166884.4,485.4151434,919.5831121,693.3776412
IR-1-O-D-U-0036,Sri Venkateswara Institute of Medical Sciences,77.09,3,64.64,53.34,0.41,Tirupati,Andhra Pradesh,42.33,89,2018,7263.766962,8418.958377,225611100.5,830607600.3,728273857.1,468.5357544,305.6550453,702.7132753
IR-2-O-OE-U-0507,Dayalbagh Educational Institute,64.14,5.05,69.03,61.36,12.38,Agra,Uttar Pradesh,41.95,90,2018,856,919,10985249,68821090,79806339,141,470,140
IR-4-O-OEMP-U-0389,Banasthali Vidyapith,47.08,14.16,82.05,66.66,4.3,Banasthali,Rajasthan,41.88,91,2018,2080.983146,1540.004278,107484620.6,414300365.6,664662125.8,498.7282392,787.8858844,703.1248995
IR-1-O-O-U-0487,Tamil Nadu Veterinary & Animal Sciences University,74.76,7.95,58.9,47.51,3.93,Chennai,Tamil Nadu,41.73,92,2018,1338.640497,869.1975827,125881167,135237443.7,261780495.8,447.07798,653.6137524,548.0645768
IR-1-O-O-I-1361,Bharati Vidyapeeth,58.92,16.06,61.04,55.26,14.76,Pune,Maharashtra,41.71,93,2018,295.3964618,290.3787717,103171840.7,455924865,607829618,408.4441815,574.8472723,590.90191
IR-1-O-O-U-0448,Bharathidasan University,57.01,29.21,48.45,34.45,26.3,Tiruchirappalli,Tamil Nadu,41.63,94,2018,3739.087592,4648.874224,179793648.8,360748137.1,843556869.7,1172.008398,3119.91556,1405.244549
IR-3-O-OEA-C-26794,Thiagarajar College of Engineering,57.09,19.19,61.91,46.95,14.46,Madurai,Tamil Nadu,41.41,95,2018,2448,2653,34626000,306164284,340790284,500,1568,674
IR-1-O-E-C-41593,College of Engineering,55.86,17.22,62.43,51.12,12.07,Pune,Maharashtra,40.74,96,2018,2755,3460,194229564,678381535,872611099,514,509,897
IR-1-O-D-C-47762,Mahatma Gandhi Medical College and Research Institute,72.43,5.83,50.15,69.66,2.4,Puducherry,Pondicherry,40.72,97,2018,718.4107898,648.5388322,201284096.9,207324194,352577654.7,177.6203913,517.5036888,186.1384191
IR-1-O-O-U-0121,Goa University,59.83,13.77,66.09,51.58,2.01,Goa,Goa,40.66,98,2018,1611.293356,2020.596185,98833425.85,591293370.6,332854124.3,554.4030466,617.2996971,820.1548403
IR-1-O-O-U-0253,Cochin University of Science and Technology,47.72,24.36,62.94,44.19,18.88,Cochin,Kerala,40.53,99,2018,5730.357243,5765.105002,113222204.7,744289000.4,783807518,827.0051286,2371.451907,997.3938383
IR-2-O-OE-U-0098,Delhi Technological University,47.77,24.12,62.86,48.83,15.04,New Delhi,Delhi,40.52,100,2018,6174,6808,84278421,666797966,751076387,862,2429,998
IR-O-U-0456,Indian Institute of Technology Madras,84.56,83.53,87.13,66.08,94.14,Chennai,Tamil Nadu,83.88,1,2019,466,466,1238888233,3794332732,5169949393,3362.367145,12421.25507,3880.570799
IR-O-U-0220,Indian Institute of Science,83.16,89.24,78.57,48.47,100,Bengaluru,Karnataka,82.28,2,2019,3792.750101,3956.631775,1132743298,3631303741,5113279078,3769.161958,12382.60443,4685.823446
IR-O-I-1074,Indian Institute of Technology Delhi,78.3,82.98,79.14,58.58,86.14,New Delhi,Delhi,78.69,3,2019,749,749,1203513827,3606026023,4113664306,3763.913701,12293.94696,4576.855234
IR-O-U-0306,Indian Institute of Technology Bombay,76.95,84.36,82.31,50.68,86.92,Mumbai,Maharashtra,78.62,4,2019,717,717,1057578235,3253545447,4116801152,3759.861263,14923.66153,4510.994067
IR-O-U-0573,Indian Institute of Technology Kharagpur,67.36,76.65,86.17,60.63,78.11,Kharagpur,West Bengal,74.31,5,2019,656,656,1171765185,2484777024,3238888967,3988.991579,13841.53622,3910.311455
IR-O-I-1075,Indian Institute of Technology Kanpur,71.95,69.61,69.96,50.39,75.68,Kanpur,Uttar Pradesh,69.07,6,2019,827,827,1104092254,2444342521,2944963834,4153.318557,11633.58169,4153.402694
IR-O-U-0109,Jawaharlal Nehru University,76.75,41.85,99.87,75.87,55.27,New Delhi,Delhi,68.68,7,2019,1788.199278,1364.950294,1569920989,1927406864,2786078748,3084.262186,13804.37214,3507.823044
IR-O-U-0560,Indian Institute of Technology Roorkee,67.32,65.08,87.14,61.64,43.66,Roorkee,Uttarakhand,67.68,8,2019,845,845,1138941098,1576958203,2646482947,3136.994459,14087.55649,3675.058698
IR-O-U-0053,Indian Institute of Technology Guwahati,76.79,56.58,73.87,60.63,46.34,Guwahati,Assam,65.47,9,2019,660,660,1191310029,1651260542,2469595301,2939.224615,14879.37373,4535.350605
IR-O-U-0500,Banaras Hindu University,69.72,46.48,96.37,57.01,47.28,Varanasi,Uttar Pradesh,64.55,10,2019,252.1814106,422.6999667,1104759160,1866856202,2345869197,2997.404367,14373.51849,4244.432883
IR-O-U-0042,University of Hyderabad,74.81,43.78,83.64,58.77,36.71,Hyderabad,Telangana,61.85,11,2019,2012.15281,1357.26069,1169403054,1988138280,2420981241,3004.649068,8106.60914,4742.498949
IR-O-U-0570,Calcutta University,62.26,47.1,91.54,60.14,37.39,Kolkata,West Bengal,60.87,12,2019,1830.717801,1960.237282,1637716043,1316866685,2514471842,2568.296025,7639.636942,4020.111528
IR-O-U-0575,Jadavpur University,54.4,54.89,90.28,44.95,51.83,Kolkata,West Bengal,60.53,13,2019,1079,1079,1568313636,1185012424,2449199678,2760.600031,8324.005789,4148.893365
IR-O-U-0439,Anna University,56.39,54.1,78.07,53.16,62.72,Chennai,Tamil Nadu,60.35,14,2019,2740,2740,1659635758,1775427125,2599481406,2842.860793,8152.672216,4957.5926
IR-O-U-0436,Amrita Vishwa Vidyapeetham,73.03,43.77,70.28,70.23,31.01,Coimbatore,Tamil Nadu,59.22,15,2019,1153.507401,1621.063752,372102316.8,1841096014,3216178342,2503.801198,7397.863013,2027.452379
IR-O-U-0234,Manipal Academy of Higher Education,77.91,38.31,69.71,66.78,30.21,Manipal,Karnataka,58.5,16,2019,525.9574938,497.2079511,344014772.1,881749105.5,791905524,620.9119081,2331.016513,1136.819745
IR-O-U-0323,Savitribai Phule Pune University,69.26,44.42,86.04,54.34,16.55,Pune,Maharashtra,58.4,17,2019,863.6572901,658.5095303,94196282.24,572589132.5,426151492.9,1158.020131,3149.240471,1625.378361
IR-O-U-0496,Aligarh Muslim University,76.69,35.38,85.67,57.56,18.46,Aligarh,Uttar Pradesh,58.36,18,2019,385,385,167954364.6,512926769.3,479392394.2,783.8419966,2050.645714,929.4241301
IR-O-U-0108,Jamia Millia Islamia,73.74,32.04,88.53,71.97,14.26,New Delhi,Delhi,58.07,19,2019,350,350,64954616.57,270627379.3,276913770.1,690.5607641,1706.80465,816.5444561
IR-O-U-0120,University of Delhi,47.87,53.79,87.18,55.4,41.11,Delhi,Delhi,57.59,20,2019,2314.286515,3158.759475,151788247.8,1316818862,1742454558,1867.963613,4677.677247,4038.223717
IR-O-U-0447,Bharathiar University,66.93,45.04,76.53,52.11,31.2,Coimbatore,Tamil Nadu,57.23,21,2019,600.4318141,1021.700246,215026274.1,1943670529,1229006791,1075.312532,4417.652775,1752.937774
IR-O-U-0013,Indian Institute of Technology Hyderabad,70.91,40.82,67.47,58.77,40.33,Hyderabad,Telangana,56.92,22,2019,240,240,455391529.7,1432753798,2056840726,1905.493265,5686.110311,4329.868582
IR-O-U-0305,Indian Institute of Science Education & Research Pune,70.53,42.05,57.13,60.11,32.75,Pune,Maharashtra,54.48,23,2019,781.9362069,945.8629065,427327874.8,2566898100,3515886246,1985.249367,4424.181514,2403.501046
IR-O-U-0467,National Institute of Technology Tiruchirappalli,61.25,34.72,70.89,62.89,50.61,Tiruchirappalli,Tamil Nadu,54.32,24,2019,884,884,477196925.1,1781390872,2247131559,1166.818019,4271.969031,1226.172428
IR-O-U-0205,Indian Institute of Technology (Indian School of Mines) Dhanbad,54.72,50.98,76,39.42,25.54,Dhanbad,Jharkhand,53.4,25,2019,824,824,199135488.3,967096823.3,1341872518,1210.940905,4534.371759,1976.413658
IR-O-S-8972,Indian Institute of Management Calcutta,78.8,17.12,62.55,67.62,46.34,Kolkata,West Bengal,52.68,26,2019,2585.357505,3372.959234,414660062.1,1455703763,2022374193,326.5861778,718.8535719,622.5663117
IR-O-U-0308,Institute of Chemical Technology,54.67,48.4,72.61,51.49,20.28,Mumbai,Maharashtra,52.62,27,2019,211,211,381405631.6,853253007,1091480840,996.6698851,5525.998547,1246.555071
IR-O-U-0701,Indian Institute of Technology (Banaras Hindu University) Varanasi,62.09,39.44,68.32,54.48,29.2,Varanasi,Uttar Pradesh,52.49,28,2019,815,815,284259857.9,976838469.3,1060523893,1129.443917,5275.964251,2082.497844
IR-O-U-0006,Andhra University,69.36,23.16,86.61,55.73,14.55,Visakhapatnam,Andhra Pradesh,52.11,29,2019,399.1783277,692.9007843,173812948.8,469122820.7,253876785.6,387.680921,1596.461565,728.6751905
IR-O-U-0304,Homi Bhabha National Institute,83.26,25.24,71.18,47.29,4.33,Mumbai,Maharashtra,51.95,30,2019,2578.193562,3809.856391,226911071.5,338044692.5,241426397.6,567.2226821,1947.566639,704.3192415
IR-O-U-0107,Jamia Hamdard,69.64,29.92,74.12,63.52,6.86,New Delhi,Delhi,51.73,31,2019,1188.247637,1413.769179,189130159.1,283619840.4,483378959.4,758.9198407,1599.075857,898.1069409
IR-O-U-0490,Vellore Institute of Technology,48.7,47.63,66.55,57.02,35.31,Vellore,Tamil Nadu,51.44,32,2019,6283,6283,369049845.3,2717949410,3083517083,2079.072361,4646.641284,3192.900023
IR-O-I-1357,University of Madras,64.29,33.28,68.26,54.18,30.01,Chennai,Tamil Nadu,51.34,33,2019,1252.204905,1529.14083,227268574.6,749703656.8,710768892,739.8951325,3118.794457,1123.11777
IR-O-U-0078,Panjab University,51.02,44.82,72.5,52.89,27.09,Chandigarh,Chandigarh,51.25,34,2019,836,836,109902909.8,593559846,657569243.4,1059.746117,4184.104735,1255.40812
IR-O-U-0260,Kerala University,74.8,18.84,85.7,51.2,8.59,Thiruvananthapuram,Kerala,51.21,35,2019,682.6655328,1157.813577,154452082.1,273686551,217967142.5,486.8319228,850.7140823,729.5532462
IR-O-U-0584,Indian Institute of Engineering Science and Technology,62.98,36.74,66.47,47.19,30.41,Shibpur,West Bengal,50.96,36,2019,1895.082766,1950.72319,171885611.6,708022282.9,1039813902,714.8156454,3521.734201,1130.375917
IR-O-U-0272,Indian Institute of Science Education & Research Bhopal,68.8,31.49,65.92,68.21,7.91,Bhopal,Madhya Pradesh,50.88,37,2019,814.3090404,1023.085982,175786895.6,506331062.2,664084326.9,621.1719354,3050.677356,740.0297771
IR-O-U-0357,National Institute of Technology Rourkela,54.23,45.65,68.68,45.97,24.4,Rourkela,Odisha,50.75,38,2019,610,610,169115986.3,653244398.1,833478756,1082.729843,4030.49353,1315.301552
IR-O-U-0391,Birla Institute of Technology & Science,56.68,34.14,73.06,52.26,34.41,Pilani,Rajasthan,50.53,39,2019,2014,2014,133756628.1,2232521898,910663137.1,1174.894019,3385.960031,1290.852125
IR-O-U-0572,Indian Institute of Science Education & Research Kolkata,69.99,41.21,45.09,55.69,24.86,Mohanpur,West Bengal,50.44,40,2019,406.8637999,376.1408864,409718274.4,548911051.7,1017694504,1139.465565,3288.5533,1443.423372
IR-O-U-0363,Siksha `O` Anusandhan,72.96,21.17,69.84,61.04,20.02,Bhubaneswar,Odisha,50.31,41,2019,1980,1980,205190760.3,441775865.9,380755664,377.3376274,1134.178512,454.5523134
IR-O-U-0523,King George`s Medical University,79.82,25.85,61.38,53.38,5.8,Lucknow,Uttar Pradesh,49.91,42,2019,1139.007148,2884.112484,179240119.9,357995398.8,538338914.3,522.5548011,1538.089661,600.2919581
IR-O-U-0027,Osmania University,58.2,24.95,92.09,55.68,9.26,Hyderabad,Telangana,49.86,43,2019,2614.764925,1606.351544,191407695.9,618949815.1,1033354090,654.4266148,2286.546122,819.9361147
IR-O-U-0184,Indian Institute of Technology Mandi,67.62,28.36,64.56,65.68,11.2,Mandi,Himachal Pradesh,49.4,44,2019,150,150,367141745.6,433388251.6,798867040.2,648.1397279,2176.875571,1865.024932
IR-O-I-1480,Thapar Institute of Engineering and Technology (Deemed-to-be-university),62.13,36.3,65.31,56.58,10.24,Patiala,Punjab,49.27,45,2019,1480,1480,386532896.9,749068727.6,741887726,811.8809912,3877.309558,1390.360757
IR-O-U-0355,Indian Institute of Technology Bhubaneswar,64.64,32.91,55.57,57.61,25.99,Bhubaneswar,Odisha,48.73,46,2019,220,220,244224682,572252392.5,1111891573,943.9689339,2403.035732,1265.991365
IR-O-U-0435,Alagappa University,66.72,22.18,71.17,49.75,26.65,Karaikudi,Tamil Nadu,48.54,47,2019,928.1415586,871.0161987,146474076,417447796.5,455658151.8,623.7045309,1729.067761,789.6906446
IR-O-U-0056,Tezpur University,66.92,30.1,63.47,50.99,15.71,Tezpur,Assam,48.47,48,2019,705.3608655,723.9345187,179070235.1,483952133.4,722293419,772.2361728,2437.438446,1282.734422
IR-O-U-0262,Mahatma Gandhi University,66.49,26.97,72.39,51.98,3.58,Kottayam,Kerala,48.08,49,2019,2037.091477,1802.086177,156471160.8,532223658.8,252410803.2,605.0909473,2005.191825,803.9980787
IR-O-U-0356,Kalinga Institute of Industrial Technology,66.01,18.1,71.7,69.38,14.55,Bhubaneswar,Odisha,47.97,50,2019,3450,3450,170738354.4,560183984.4,294111858.9,249.52432,1074.443817,634.1166971
IR-O-U-0139,Indian Institute of Technology Gandhinagar,61.95,31.43,56.23,61.6,24.17,Gandhinagar,Gujarat,47.85,51,2019,180,180,244290088,488754279.2,1061670385,783.8672284,2406.998305,1369.119225
IR-O-U-0473,SRM Institute of Science and Technology,56.67,26.51,78.07,58.09,14.26,Chennai,Tamil Nadu,47.8,52,2019,5220,5220,183802859.2,988664045.9,1369747073,705.0035288,2367.938687,906.2764121
IR-O-U-0237,National Institute of Technology Karnataka,51.32,32.27,71.35,50.89,29.4,Surathkal,Karnataka,47.37,53,2019,868,868,153958924.4,672091541.3,922257574.3,984.7802693,3238.728509,1313.774556
IR-O-I-1486,Sri Ramachandra Institute of Higher Education and Research,73.84,16.57,70.49,55.04,6.15,Chennai,Tamil Nadu,47.34,54,2019,650.7961824,969.7180059,197054073.8,553511971.7,465097584,386.1416879,1109.389059,833.8009178
IR-O-U-0222,JSS Academy of Higher Education and Research,70.32,15.74,65.48,70.26,10.24,Mysore,Karnataka,46.97,55,2019,1292.567216,1542.529738,224683612.7,628483174.7,665548534.5,272.7731026,1129.605004,407.2773226
IR-O-U-0331,Tata Institute of Social Sciences,65.17,9.97,79.76,71.16,12.14,Mumbai,Maharashtra,46.82,56,2019,954.4025878,735.6458667,152513774.5,342133347.5,71652579.85,164.9160719,1003.130607,520.4957526
IR-O-U-0446,Bharath Institute of Higher Education & Research,68.09,17.76,64.96,72.53,3.19,Chennai,Tamil Nadu,46.32,57,2019,1439.388799,2077.994599,313453645.6,492907169.6,577532004,282.4477535,1161.239024,420.3504096
IR-O-U-0064,Indian Institute of Technology Patna,66.93,29.8,54.37,51.43,12.45,Patna,Bihar,46.28,58,2019,200,200,184705107.8,586504614.7,608379271.7,774.5956258,2368.083879,1209.747583
IR-O-U-0589,Visva Bharati,60.65,26.07,74.79,41.39,11.52,Santiniketan,West Bengal,46.27,59,2019,3480.482953,3458.077916,208941029.6,400450610.2,546760667.5,695.3316997,2446.861152,853.4055287
IR-O-U-0554,G. B. Pant Universtiy of Agriculture and Technology,71.58,15.49,75.65,43.02,5.44,Pantnagar,Uttarakhand,46.09,60,2019,350,350,256706054.4,458626832.5,593449947.5,498.6842609,1343.998627,852.6773472
IR-O-U-0025,National Institute of Technology Warangal,57.88,24.71,67.97,57.45,19.51,Warangal,Telangana,46.06,61,2019,800,800,309290006.3,697554811.7,1493567598,693.5034837,2326.883019,934.8415545
IR-O-U-0341,North Eastern Hill University,67.86,14.53,75.72,54.75,6.51,Shillong,Meghalaya,45.99,62,2019,166.114992,308.0938051,226458985.2,551875923.8,602376083.5,352.948904,1107.00326,875.783292
IR-O-U-0476,Shanmugha Arts Science Technology & Research Academy,55.55,32.38,65.16,57.13,6.86,Thanjavur,Tamil Nadu,45.8,63,2019,2160,2160,272718170.6,1253007090,1627086663,946.0404169,2469.997507,1521.660684
IR-O-U-0474,Sathyabama Institute of Science and Technology,59.17,27.15,65.86,62.79,2.41,Chennai,Tamil Nadu,45.58,64,2019,3168,3168,283058514.3,708427468.5,627339074.5,495.0913991,1479.627897,627.571896
IR-O-U-0052,Gauhati University,66.09,18.08,74.7,44.24,9.59,Guwahati,Assam,45.57,65,2019,520.2679295,0,243161670,443356353.1,610620068.1,498.7376358,1300.418773,842.3538667
IR-O-U-0377,Indian Institute of Science Education & Research Mohali,66.43,25.27,45.39,70.98,17.38,Mohali,Punjab,45.43,66,2019,409.3465568,428.0486236,239454508.6,509968534.2,951518919.2,337.81657,2437.80637,253.2651571
IR-O-I-1441,Saveetha Institute of Medical and Technical Sciences,69.98,17.64,62.16,67.15,0,Chennai,Tamil Nadu,45.42,67,2019,1320,1320,222055359.5,695197844.3,955286006.5,269.668892,945.0473217,481.8747234
IR-O-U-0485,Tamil Nadu Agricultural University,74.72,11.58,69.31,45.1,11.52,Coimbatore,Tamil Nadu,45.41,68,2019,1806.392204,714.6932124,169584356.4,207575637.5,316528204.7,465.1591634,1232.72776,640.3809066
IR-O-U-0463,Madurai Kamraj University,63.94,28.11,57.1,41.36,20.28,Madurai,Tamil Nadu,45.2,69,2019,5936.609048,6214.407971,181779891.5,391313906.8,1276101202,767.6585006,2695.301338,618.3662227
IR-O-I-1110,Dr. D. Y. Patil Vidyapeeth,77.38,7.61,62.46,63.71,7.56,Pune,Maharashtra,45.11,70,2019,6877.999319,6773.553969,229038986.5,412785134.4,685517543.7,231.2342337,864.4798754,301.3846146
IR-O-U-0098,Delhi Technological University,55.99,24.33,66.89,54.61,19.51,New Delhi,Delhi,44.89,71,2019,1862,1862,213350966.9,1036316953,1285394823,756.7258213,2051.611619,894.7738828
IR-O-U-0037,Sri Venkateswara University,62.46,23.6,69.63,44.79,6.51,Tirupati,Andhra Pradesh,44.88,72,2019,398,398,132696985.9,462498635.8,376213604.6,686.9609147,1674.821683,793.5605195
IR-O-U-0369,Pondicherry University,47.92,26.63,73.31,59.3,19.25,Puducherry,Pondicherry,44.88,72,2019,1817.865132,2239.751766,115844556.5,817552903,1320594866,761.3771969,2299.281452,814.1035018
IR-O-U-0020,Koneru Lakshmaiah Education Foundation University (K L College of Engineering),67.17,19.07,63.8,57.15,3.58,Vaddeswaram,Andhra Pradesh,44.7,74,2019,3740,3740,249485520,646065829.3,660226702.6,328.1427445,773.8632484,840.6376226
IR-O-U-0381,Punjab Agricultural University,76.97,19.74,56.22,40.93,3.19,Ludhiana,Punjab,44.66,75,2019,3219.075437,5145.432566,169282254.4,170629209.7,378555177.4,465.7213063,1223.64336,586.8155492
IR-O-C-37013,PSG College of Technology,63.69,12.61,61.03,49.95,43.66,Coimbatore,Tamil Nadu,44.46,76,2019,1140,1140,90642937.86,539281287,687065350.3,400.794915,821.977137,814.3393577
IR-O-U-0642,Shiv Nadar University,69.46,14.05,61.53,64.61,6.15,Dadri,Uttar Pradesh,44.45,77,2019,688.9539271,450.6524335,204950567.2,174968573.9,440597376.6,251.4341664,824.121839,414.4893756
IR-O-C-16604,Sri Sivasubramaniya Nadar College of Engineering,62.4,22.97,63.44,52.92,7.56,Kancheepuram,Tamil Nadu,44.35,78,2019,819,819,167328319.5,674200824.3,757974819.2,712.3851882,1434.697609,893.4917523
IR-O-U-0196,University of Kashmir,59.82,18.33,79.2,47.36,1.63,Srinagar,Jammu and Kashmir,44.19,79,2019,500.4098666,254.6554599,60610252.08,354148521.8,0,475.9737056,1023.387401,809.6561569
IR-O-U-0235,Mysore University,57.3,18.15,78.43,52.67,4.7,Mysore,Karnataka,44.06,80,2019,1259.099111,2165.220683,141929524.9,942096522.5,1030431012,536.6905989,899.4963286,775.994696
IR-O-U-0376,Guru Nanak Dev University,46.51,29.38,74.72,54.02,5.8,Amritsar,Punjab,43.69,81,2019,864.521099,1000.526985,125172595.9,859614708.1,1183858733,1087.800391,1977.040868,1571.5336
IR-O-U-0329,Symbiosis International,70.01,9.43,61.03,72.88,3.19,Pune,Maharashtra,43.65,82,2019,184.4556314,331.8511293,199588780.2,181935041.1,318879381.7,261.0355345,640.5722663,218.2354318
IR-O-N-10,SVKM`s Narsee Monjee Institute of Management Studies,68.83,11.68,64.22,65.21,1.22,Mumbai,Maharashtra,43.63,83,2019,420,420,231236714,434315031.5,611852396.7,219.0370553,465.2021356,298.731073
IR-O-U-0497,Amity University,50.11,28.3,65.48,61.94,7.22,Gautam Budh Nagar,Uttar Pradesh,43.53,84,2019,2430,2430,206350645.5,1300527863,1902681624,924.3144064,2011.902397,787.0400728
IR-O-U-0202,Birla Institute of Technology,54.72,29.47,56.97,44.88,23.47,Ranchi,Jharkhand,43.49,85,2019,750,750,79873094.62,955011907.3,1088337037,1123.34807,2047.203477,1215.312505
IR-O-U-0448,Bharathidasan University,60.74,29.05,48.92,42.77,24.17,Tiruchirappalli,Tamil Nadu,43.41,86,2019,2627.552222,3108.042615,187815415.9,318640070.6,1114683435,1064.297305,3089.202368,1517.583127
IR-O-U-0389,Banasthali Vidyapith,50.4,11.67,84.87,72.01,4.33,Banasthali,Rajasthan,43.22,87,2019,1495.191918,1322.940237,164503446.8,659835757.7,1204174888,499.1907209,801.6247921,556.2314377
IR-O-I-1361,Bharati Vidyapeeth,63.91,11.42,64.49,60.23,13.66,Pune,Maharashtra,42.89,88,2019,796.3877707,915.5763353,101928408.2,518789419.9,639306301.8,205.8975655,522.7619231,529.2319145
IR-O-U-0159,Chaudhary Charan Singh Haryana Agricultural University,76.87,6.91,56.41,57.5,2.02,Hisar,Haryana,42.36,89,2019,349.5456599,261.8119157,188706929.8,314831686.2,421915405.5,263.1487864,410.5696659,570.5628089
IR-O-U-0251,Calicut University,56.32,16.46,71.53,53.45,7.22,Malappuram,Kerala,42.22,90,2019,476.2587004,350.5022419,98634131.79,788520790,770630834.9,587.1302301,734.9124993,780.2459747
IR-O-C-41593,College of Engineering,56.36,20.52,61.36,52.28,15.42,Pune,Maharashtra,42.11,91,2019,756,756,75110485.92,809272901.8,718221153.8,741.7988171,1370.030722,730.5381933
IR-O-U-0295,Datta Meghe Institute of Medical Sciences,75.46,3.16,60.57,59.48,0.82,Wardha,Maharashtra,41.73,92,2019,277.4298073,30.86916449,217230810.8,629281139.9,678388967.1,265.7582852,287.6951645,633.3675821
IR-O-U-0577,National Institute of Technology Durgapur,47.06,28.96,64.01,47.7,12.14,Durgapur,West Bengal,41.59,93,2019,802,802,149065975.5,633693346.4,932918447.8,984.0591486,2751.295364,1622.478296
IR-O-U-0253,Cochin University of Science and Technology,47.22,26.88,64.8,47.56,14.84,Cochin,Kerala,41.42,94,2019,928.4107622,887.6769883,68733963.9,629144930.9,678906630.4,859.7460248,2434.435852,918.4401611
IR-O-U-0099,Guru Gobind Singh Indraprastha University,56.39,18.96,64.62,53.19,3.58,New Delhi,Delhi,41.21,95,2019,180,180,121663228.8,709068977.8,629799781,592.3435617,838.338082,813.2192866
IR-O-U-0123,Anand Agricultural University,69.48,12.25,59.12,41.45,7.22,Anand,Gujarat,41.2,96,2019,3446.937267,4135.562267,190964168.7,144733368.1,437561088.6,416.4957354,789.6621506,620.1189212
IR-O-U-0470,Periyar University,52.3,20.74,59.13,53.26,19.25,Salem,Tamil Nadu,40.99,97,2019,1339.013811,1249.344724,117858005,579431701.2,667439215.8,686.1864758,1730.711742,746.2981887
IR-O-U-0225,KLE Academy of Higher Education and Research,71.23,8.73,49.52,66.05,4.33,Belagavi,Karnataka,40.92,98,2019,403.9632042,351.7969705,200943182.4,199787833.6,392435490.3,197.035253,606.8284564,150.3356175
IR-O-U-0239,NITTE,70.38,9.31,48.61,66.11,6.51,Mangaluru,Karnataka,40.88,99,2019,94.24921744,0,204449430.9,213413993.3,521391684.5,206.6694862,607.9126706,183.9261784
IR-O-U-0487,Tamil Nadu Veterinary & Animal Sciences University,70.98,8.01,62.85,44.12,2.02,Chennai,Tamil Nadu,40.88,100,2019,60,60,158301724.3,313181140.2,471522152.7,474.5531922,822.2043149,704.1848837
IR-O-U-0456,Indian Institute of Technology Madras,85.61,92.51,86.32,63.57,97.13,Chennai,Tamil Nadu,86.76,1,2020,466,466,1281918583,3798214880,5169949393,3784.122424,12512.43478,4285.072691
IR-O-U-0220,Indian Institute of Science,79.13,91.48,78.23,58.39,100,Bengaluru,Karnataka,82.67,2,2020,454.4653315,469.8946845,1192420971,3661681682,5085123974,3766.370795,12305.45468,4578.536157
IR-O-U-0306,Indian Institute of Technology Bombay,83.52,87.81,80.86,57.48,91.96,Mumbai,Maharashtra,82.52,3,2020,729,729,1186827726,3672508062,4154751250,3766.381967,12370.0905,4617.004739
IR-O-I-1074,Indian Institute of Technology Delhi,84.02,84.46,75.07,67.97,93.89,New Delhi,Delhi,81.75,4,2020,749,749,1194463710,3659200073,4108016149,3239.324846,14648.13862,3579.742808
IR-O-I-1075,Indian Institute of Technology Kanpur,80.5,75.23,80.74,56.97,79.3,Kanpur,Uttar Pradesh,76.5,5,2020,827,827,1152826919,2616717383,3048895069,3980.67862,14492.12273,4427.854147
IR-O-U-0573,Indian Institute of Technology Kharagpur,74.25,76.23,83.23,55.35,82.92,Kharagpur,West Bengal,75.62,6,2020,656,656,1143408214,2476780119,3043775626,3985.682581,14544.7382,4410.727303
IR-O-U-0560,Indian Institute of Technology Roorkee,76.68,68.37,83.16,65.31,47.28,Roorkee,Uttarakhand,71.4,7,2020,815,815,1222929925,1886942531,3177011273,2818.356474,15349.36484,3349.82034
IR-O-U-0053,Indian Institute of Technology Guwahati,73.75,66.25,81.26,62.95,47.04,Guwahati,Assam,69.26,8,2020,690,690,1223115691,1860694734,2657701190,3052.686984,15016.14903,4119.604132
IR-O-U-0109,Jawaharlal Nehru University,71.19,44.96,95.07,73.36,54.12,New Delhi,Delhi,66.61,9,2020,426.5849617,407.4531964,1551076595,1927689603,2411643110,2937.553639,13789.39062,3727.082693
IR-O-U-0500,Banaras Hindu University,64.5,45,100,53.13,49.38,Varanasi,Uttar Pradesh,63.1,10,2020,3443.78186,3605.106219,271077574.4,1875680744,2365466263,3076.5049,7716.889111,4312.906749
IR-O-U-0570,Calcutta University,66.2,43.92,91.72,60.98,39.68,Kolkata,West Bengal,61.45,11,2020,581.0589771,632.4613704,1647244076,1304435052,2505439082,2609.82746,7683.189591,4052.15576
IR-O-U-0436,Amrita Vishwa Vidyapeetham,64.23,54.33,71.35,65.54,34.8,Coimbatore,Tamil Nadu,59.87,12,2020,2100,2100,1666262249,2074910914,2796828512,2601.04483,8231.75327,3257.722253
IR-O-U-0108,Jamia Millia Islamia,66.44,43.43,86.67,72.35,20.25,New Delhi,Delhi,59.54,13,2020,350,350,189326907.5,511259176.4,396444903.9,2329.458957,6528.504303,1712.283199
IR-O-U-0575,Jadavpur University,51.7,51.72,87.77,50.16,53.3,Kolkata,West Bengal,58.93,14,2020,1143,1143,101166842.9,1079228741,967477621.5,2844.082286,7681.807473,4209.034437
IR-O-U-0234,Manipal Academy of Higher Education,67.68,48.17,76.05,65.25,24.18,Manipal,Karnataka,58.91,15,2020,1075.17259,1142.091052,278979362,560894356.3,661773496,2346.885963,7409.698559,1505.869268
IR-O-U-0013,Indian Institute of Technology Hyderabad,61.4,52.64,67.51,58.59,49.61,Hyderabad,Telangana,58.53,16,2020,285,285,311868591.6,1632260565,2451220790,1553.676496,3808.336359,4714.929214
IR-O-U-0042,University of Hyderabad,69.59,40.74,77.44,58.72,32.13,Hyderabad,Telangana,57.67,17,2020,1168.683356,1204.565374,159382710.9,1918876753,3171299195,1084.50999,4460.378089,1921.033845
IR-O-U-0496,Aligarh Muslim University,69.06,40.86,80.06,56.93,27,Aligarh,Uttar Pradesh,57.38,18,2020,385,385,150641464.8,543299689.7,387707497.5,1245.104173,4540.260369,1621.284013
IR-O-U-0120,University of Delhi,42.65,54.23,82.66,59.6,44.81,Delhi,Delhi,56.03,19,2020,997.1387541,1280.319123,147569726,1326620187,1465339811,1912.552909,4824.733001,4536.595762
IR-O-U-0323,Savitribai Phule Pune University,62.95,42.77,86.96,50.92,16.41,Pune,Maharashtra,55.83,20,2020,214.516693,234.708393,68582677.96,410792416.5,377585183.7,1250.206308,4025.906746,1377.886342
IR-O-U-0490,Vellore Institute of Technology,48.43,56.83,69.94,59.38,38.8,Vellore,Tamil Nadu,55.39,21,2020,6883,6883,408635646.8,1466996105,1655533061,2037.734179,4968.644331,4677.45682
IR-O-U-0447,Bharathiar University,61.79,47.45,74.17,53.21,24.6,Coimbatore,Tamil Nadu,55.38,22,2020,718.0883971,1060.227829,223033225,634751100.5,732525915.6,1252.340242,4118.328223,1492.398492
IR-O-U-0467,National Institute of Technology Tiruchirappalli,52.39,44.58,71.79,63.34,51.82,Tiruchirappalli,Tamil Nadu,54.97,23,2020,884,884,463987622.8,2263788212,2248988889,2474.236703,5778.807739,4660.406161
IR-O-U-0305,Indian Institute of Science Education & Research Pune,67.24,45.58,59.31,58.75,28.91,Pune,Maharashtra,54.47,24,2020,1129.690474,1580.542391,440077111.4,825064856.7,1497969215,1326.150783,4354.822039,2066.823993
IR-O-U-0439,Anna University,51.91,43.09,73.11,51.35,61.72,Chennai,Tamil Nadu,54.42,25,2020,2740,2740,199924479.1,2520848410,1260239834,2434.424387,5692.966087,5104.431696
IR-O-U-0205,Indian Institute of Technology (Indian School of Mines),48.18,56.64,71.16,55.15,27,Dhanbad,Jharkhand,53.88,26,2020,824,824,524303133.9,814811256.4,1007994917,791.5987861,3407.860694,2186.323879
IR-O-U-0308,Institute of Chemical Technology,50.05,55.82,75.96,46.07,22.04,Mumbai,Maharashtra,53.76,27,2020,211,211,359323602.6,681241819.8,1037888944,880.7659902,3293.848291,1974.285082
IR-O-U-0701,Indian Institute of Technology (Banaras Hindu University) Varanasi,55.87,47.41,69.88,56.69,31.08,Varanasi,Uttar Pradesh,53.74,28,2020,1260.20952,1361.6045,436789828.2,2646167686,3306806774,1254.827651,4356.471063,1970.326526
IR-O-U-0391,Birla Institute of Technology & Science -Pilani,55.81,43.13,72.05,59.5,32.81,Pilani,Rajasthan,53.32,29,2020,2245.492363,2079.808183,438374648.7,2582720551,3169250586,1852.500115,4467.376074,4480.584054
IR-O-U-0273,Indian Institute of Technology Indore,57.51,49.25,69.71,56.59,15.91,Indore,Madhya Pradesh,53.22,30,2020,260,260,432499265,920362517.2,1249764902,754.1098326,4378.075111,1241.002049
IR-O-U-0378,Indian Institute of Technology Ropar,72.76,32.92,62.05,63.88,23.76,Rupnagar,Punjab,52.89,31,2020,260,260,238954270.3,456617909.5,964765551.3,710.5043391,2324.311847,1058.784353
IR-O-U-0237,National Institute of Technology Karnataka,53.81,41.74,73.32,65.58,30.01,Surathkal,Karnataka,52.88,32,2020,868,868,434106217.3,895183141.9,1236489226,1204.531548,4078.090597,2045.847846
IR-O-U-0139,Indian Institute of Technology Gandhinagar,71.26,37.15,57.21,64.21,23.76,Gandhinagar,Gujarat,52.77,33,2020,180,180,411782849.7,473593121.4,1030627562,722.7724052,3202.87278,1065.372274
IR-O-U-0235,Mysore University,68.77,18.79,90.54,54.24,6.85,Mysuru,Karnataka,50.49,34,2020,222.3668008,189.0776794,141060604.3,428680592.1,189989817.1,441.2155205,1045.348983,749.4727706
IR-O-U-0572,Indian Institute of Science Education & Research Kolkata,59.67,38.82,66.26,53.53,23.34,Mohanpur,West Bengal,50.48,35,2020,1269.112115,1043.489921,192289019.4,683316664,1086334783,846.1651387,3329.126579,1024.172297
IR-O-U-0304,Homi Bhabha National Institute,68.64,36.45,65.98,50.79,6.22,Mumbai,Maharashtra,50.42,36,2020,1039.320433,927.2847386,240032471.1,489746161.3,682616905.9,946.9527424,4171.641418,856.4377238
IR-O-U-0363,Siksha `O` Anusandhan,63.89,29.92,71.34,65.89,13.28,Bhubaneswar,Odisha,50.34,37,2020,1260,1260,137789720.5,562069834.4,365058097.6,781.6225409,2126.27943,934.9090784
IR-O-U-0078,Panjab University,48.88,40.86,71.57,53.49,37.31,Chandigarh,Chandigarh,50.31,38,2020,836,836,134758621.6,1786485671,919029708.4,2042.394673,5218.597887,4772.878931
IR-O-U-0356,Kalinga Institute of Industrial Technology,62.4,27.78,70,78.43,11.06,Bhubaneswar,Odisha,50,39,2020,3450,3450,376475639.3,517143351.5,594325459.1,623.672575,1996.208799,643.8941086
IR-O-U-0377,"Indian Institute of Science Education & Research, Mohali",62.43,31.86,59.58,71.65,22.04,Mohali,Punjab,49.58,40,2020,876.9369887,742.3761741,211991317.1,488389943.3,1070553587,753.4507497,2244.860047,979.9108026
IR-O-U-0357,National Institute of Technology Rourkela,49.19,48.29,65.32,51.66,17.89,Rourkela,Odisha,49.27,41,2020,710,710,265873062.6,725712660.2,838910929.1,760.5922378,4199.559323,1223.584052
IR-O-U-0476,Shanmugha Arts Science Technology & Research Academy,58.58,38.28,66.3,57.78,10.48,Thanjavur,Tamil Nadu,49.15,42,2020,1860,1860,381635728.7,938927785,1172612956,900.8601926,4571.34815,1083.245065
IR-O-U-0260,Kerala University,64.77,19.93,89.11,51.53,4.91,Thiruvananthapuram,Kerala,48.87,43,2020,283.0406213,628.6976555,218663405.7,467312673.3,229745418.3,565.8486485,1237.268102,809.6534754
IR-O-U-0497,Amity University,48.98,43.27,67.55,64.66,12.18,Gautam Budh Nagar,Uttar Pradesh,48.87,43,2020,1031.778324,914.0997401,373211286,617984530.6,1109551993,1321.325151,5117.090248,1889.554709
IR-O-I-1480,Thapar Institute of Engineering and Technology,50.44,42.26,67.3,56.35,19.32,Patiala,Punjab,48.83,45,2020,1625,1625,397869624,566273607.8,985891987.7,1256.113761,4259.566897,1533.566926
IR-O-U-0584,Indian Institute of Engineering Science and Technology,51.58,38.99,68.65,50.22,27.77,Shibpur,West Bengal,48.7,46,2020,566,566,166265794.8,619521679.2,947909745,1020.036454,3199.727012,1366.980488
IR-O-I-1357,University of Madras,61.35,31.82,66.43,53.88,20.25,Chennai,Tamil Nadu,48.66,47,2020,951.7800819,1159.97464,207423827.7,641226080.6,1064755839,835.2229776,3119.037214,1247.508086
IR-O-U-0006,"Andhra University, Visakhapatnam",55.04,25.59,85.84,54.46,18.37,Visakhapatnam,Andhra Pradesh,48.65,48,2020,977.0219004,1162.425321,195906243.3,846535784.7,1116727198,771.708322,2372.129029,860.1988273
IR-O-I-1441,Saveetha Institute of Medical and Technical Sciences,61.78,34.28,64.91,65.99,2.18,Chennai,Tamil Nadu,48.63,49,2020,1320,1320,313368646.6,443621189.1,515676853.1,1112.246372,3888.730737,1493.131718
IR-O-U-0272,Indian Institute of Science Education & Research Bhopal,63.78,30.9,63.49,66.63,8.1,Bhopal,Madhya Pradesh,48.57,50,2020,1423.037245,1632.455583,242225817.5,538262160.3,780086811,604.32259,2122.33186,1419.767996
IR-O-U-0064,Indian Institute of Technology Patna,60.04,37.02,57.6,53.94,16.41,Patna,Bihar,47.67,51,2020,225,225,248319820.9,528394916.2,678341638.9,748.2205662,2616.664913,1185.677851
IR-O-U-0262,Mahatma Gandhi University,59.27,34.73,68.77,52.55,4.24,Kottayam,Kerala,47.62,52,2020,677.2822772,643.0821207,209744134.5,363678222.6,401404455.5,1105.548713,3563.214863,1223.788976
IR-O-U-0473,S.R.M. Institute of Science and Technology,49.93,39.07,68.47,58.6,10.48,Chennai,Tamil Nadu,47.3,53,2020,4671.097966,4402.689563,360512950.3,698724841.9,1272133777,760.1249931,3989.459852,1399.46293
IR-O-U-0098,Delhi Technological University,54.52,29.82,65.95,59.25,25.82,New Delhi,Delhi,46.98,54,2020,2210,2210,279867505.9,922150627,1331403251,1070.677757,3001.230944,1438.316742
IR-O-U-0334,Visvesvaraya National Institute of Technology,49.85,37.31,68.93,55.11,15.39,Nagpur,Maharashtra,46.98,54,2020,746,746,386015013.2,436140322.2,946949304.6,717.5954086,3260.265718,1205.245802
IR-O-U-0222,JSS Academy of Higher Education and Research,63.04,19.39,66.7,70.04,18.85,Mysuru,Karnataka,46.95,56,2020,947.9868225,1001.577831,279331108,475271994.4,1054693163,512.1644503,1332.754038,576.1895022
IR-O-U-0435,Alagappa University,58.71,27.32,67.45,51.68,23.34,Karaikudi,Tamil Nadu,46.79,57,2020,521.3561103,540.7558807,213511522.1,677417198.4,695969815.8,707.9061267,2402.49058,845.3628179
IR-O-U-0355,Indian Institute of Technology Bhubaneswar,51.73,37.83,62.64,55.02,18.85,Bhubaneswar,Odisha,46.78,58,2020,260,260,436005800.7,939694350.4,1062638212,638.2816621,2259.545451,1367.1208
IR-O-U-0025,National Institute of Technology Warangal,50.61,31.04,70.32,56.38,25.01,Warangal,Telangana,46.69,59,2020,800,800,218250160.3,788025057.6,940980608.6,1066.283988,2817.36524,1241.667064
IR-O-U-0523,King George`s Medical University,64.39,27.23,62.97,57.57,8.1,Lucknow,Uttar Pradesh,46.65,60,2020,797.0540733,1073.219418,329532163.9,1005311711,911802630.1,410.5109489,2366.92982,856.2379186
IR-O-U-0474,Sathyabama Institute of Science and Technology,54.06,34,64.82,64.68,7.48,Chennai,Tamil Nadu,46.6,61,2020,2700,2700,423270934.8,1162630348,1495622658,901.6855808,2872.383106,1660.914542
IR-O-U-0136,Gujarat University,64.76,15.7,81.28,56.13,5.57,Ahmedabad,Gujarat,46.57,62,2020,637.8662992,1300.574572,201574649.9,581209838.8,303202801.6,241.5349497,1080.539483,904.2680926
IR-O-U-0027,Osmania University,52.04,28.16,79.86,51.62,13.82,Hyderabad,Telangana,46.57,62,2020,169.8318265,258.5551335,225458292.5,757525561.3,1212497941,1007.833788,2699.108726,872.8028979
IR-O-U-0107,Jamia Hamdard,57.82,27.62,69.75,60.64,8.1,New Delhi,Delhi,46.46,64,2020,1121.463586,1017.11212,278010334.3,1132154331,1620125701,667.996653,2024.020365,722.9386165
IR-O-U-0253,Cochin University of Science and Technology,54.37,29.63,70.28,52.7,14.88,Cochin,Kerala,46.02,65,2020,351.2696368,389.7500708,219860241.7,877158202.5,1209757147,1013.428895,2537.02277,1238.994611
IR-O-U-0389,Banasthali Vidyapith,54.19,14.23,83.55,75.99,10.48,Banasthali,Rajasthan,45.89,66,2020,750.4132512,824.6397235,186987217.2,920239884,1343060404,505.7419456,1077.809302,881.5995118
IR-O-U-0052,Gauhati University,55.17,19.05,83.56,58.4,10.48,Guwahati,Assam,45.87,67,2020,743.3986312,674.4840449,132018273.5,905077715.4,1337153027,457.8443681,1024.66738,815.0961683
IR-O-U-0329,Symbiosis International,61.83,18.5,64.52,72.16,14.35,Pune,Maharashtra,45.65,68,2020,1119.035927,1143.930381,324400750.1,527960760.9,738834814.8,458.6525991,1057.00054,618.3264998
IR-O-U-0020,Koneru Lakshmaiah Education Foundation University (K L College of Engineering),58.89,30.78,64.62,55.99,2.18,Vaddeswaram,Andhra Pradesh,45.64,69,2020,2649.901906,2860.212463,134244176.5,852387455.2,792336508.4,1034.287067,1934.206756,1457.653122
IR-O-U-0331,Tata Institute of Social Sciences,61.2,12.32,77.33,72.28,8.71,Mumbai,Maharashtra,45.63,70,2020,438.8996606,460.25629,175987522.9,449398437.3,422325036.6,447.947535,1018.023493,481.8641761
IR-O-U-0577,National Institute of Technology Durgapur,50.51,34.26,66.66,56.15,9.9,Durgapur,West Bengal,45.36,71,2020,672,672,310468192.9,1181351928,1384094342,895.0782643,3380.043114,1225.194084
IR-O-U-0410,Malaviya National Institute of Technology,56.13,35.12,57.57,58.38,5.57,Jaipur,Rajasthan,45.29,72,2020,716,716,313042691.7,883612838.3,1472304397,1000.8578,2890.486312,1508.474892
IR-O-U-0056,Tezpur University,58.32,30.02,61.65,52.17,11.62,Tezpur,Assam,45.22,73,2020,359.7974574,374.431491,43728901.58,762145424.8,1153274492,728.0910012,2314.935943,1162.284906
IR-O-U-0458,Kalasalingam Academy of Research and Education,56.74,21.81,65.2,73.06,11.62,Srivilliputtur,Tamil Nadu,45.07,74,2020,8541.586718,9388.610113,335152131.2,1206467537,1588804887,717.050246,1446.782628,795.6738667
IR-O-U-0446,Bharath Institute of Higher Education & Research,55.4,24.41,67.59,67.94,5.57,Chennai,Tamil Nadu,44.81,75,2020,1217.068054,1140.437397,321099880.2,1179645997,1617375358,739.8014118,1374.043374,771.7672204
IR-O-U-0196,University of Kashmir,60.49,19.51,77.03,50.12,2.18,Srinagar,Jammu and Kashmir,44.64,76,2020,317.968186,352.3029379,88820658.4,374365440.6,301041085.4,535.0997861,1103.237029,800.2425532
IR-O-U-0747,Chandigarh University,57.48,14.24,63.4,75.44,28.91,Mohali,Punjab,44.62,77,2020,3240,3240,331718975.5,1364650878,1613814981,498.8427953,930.034614,905.7718456
IR-O-U-0374,Dr. B. R. Ambedkar National Institute of Technology,54.39,25.23,64.17,63.76,14.35,Jalandhar,Punjab,44.53,78,2020,786,786,312241431.6,1471094553,1541721274,700.6662651,1546.859263,813.9072249
IR-O-I-1486,Sri Ramachandra Institute of Higher Education and Research,64.83,18.35,61.13,64.73,7.48,Chennai,Tamil Nadu,44.4,79,2020,430.2802902,388.5117366,188295556.7,197413966.1,488682681,230.4407961,878.1752097,562.0939879
IR-O-I-1110,Dr. D. Y. Patil Vidyapeeth,65.15,14.45,63.29,61.56,14.88,Pune,Maharashtra,44.19,80,2020,916.6064099,1061.9788,226457893.5,469674821,625336147,262.9950674,747.9564777,588.3927939
IR-O-U-0379,Lovely Professional University,47.55,27.51,63.87,65.97,20.7,Phagwara,Punjab,43.95,81,2020,5310,5310,277026772.2,1288972543,1570336848,731.1704108,1835.15807,768.8951002
IR-O-U-0184,Indian Institute of Technology Mandi,50.05,30.59,61.27,62.07,12.73,Mandi,Himachal Pradesh,43.93,82,2020,150,150,99349563.91,1124786858,1314060289,920.0264726,1730.453334,1500.670357
IR-O-U-0463,Madurai Kamaraj University,61.71,24.77,57.68,48.43,14.35,Madurai,Tamil Nadu,43.75,83,2020,466.2573068,526.4281238,40457469.64,351163539.8,442690422.9,563.7750816,2033.918982,626.4814278
IR-O-U-0642,Shiv Nadar University,59.5,19.37,63.5,59.14,13.28,Dadri,Uttar Pradesh,43.6,84,2020,1077.255969,1174.12869,153514116.4,615912254,777742220.4,536.1508604,990.5181145,916.5078225
IR-O-U-0376,Guru Nanak Dev University,40.78,28.63,76.11,53.77,17.89,Amritsar,Punjab,43.21,85,2020,610.1477743,586.065605,170212008.5,700863447.9,1433874236,1003.646904,2707.204025,1146.714474
IR-O-C-37013,PSG College of Technology,55.37,18.13,58.69,50.17,43.26,Coimbatore,Tamil Nadu,43.14,86,2020,1140,1140,90510379.72,1264576410,717277019.6,383.8619934,849.8830067,782.760514
IR-O-U-0369,Pondicherry University,39.94,30.1,72.4,58.18,17.89,Puducherry,Pondicherry,43.1,87,2020,730.1981348,815.1983804,95597458.29,1002805150,1460219907,1025.776502,2565.778644,1112.207434
IR-O-U-0530,Motilal Nehru National Institute of Technology,47.86,28.49,67.68,54.77,11.06,Prayagraj,Uttar Pradesh,43.04,88,2020,886,886,202151802.3,869783153.7,1455634076,867.9896166,2636.491744,1442.689349
IR-O-C-16604,Sri Sivasubramaniya Nadar College of Engineering,53.36,29.01,59.42,53.63,9.9,Kancheepuram,Tamil Nadu,42.94,89,2020,900,900,135440674.3,1119167302,998103218.5,911.9671299,2341.545515,1610.035511
IR-O-U-0448,Bharathidasan University,54.74,29.92,53.67,47.8,18.85,Tiruchirappalli,Tamil Nadu,42.79,90,2020,197.1111752,229.7205701,102565992.8,1052137151,1043820455,940.713039,2209.395252,1229.78777
IR-O-U-0341,North Eastern Hill University,55.53,16.31,74.61,51.63,11.62,Shillong,Meghalaya,42.79,90,2020,262.5943002,366.0392732,141307995.4,885729433.1,1310452922,539.1035634,543.3280956,974.8888073
IR-O-U-0037,Sri Venkateswara University,51.21,19.87,79.19,50.61,5.57,Tirupati,Andhra Pradesh,42.78,92,2020,533,533,68801154.12,840694525.6,1056278174,767.9604257,1444.223825,940.364585
IR-O-U-0055,National Institute of Technology Silchar,47.28,32.31,64.18,52.84,6.85,Silchar,Assam,42.68,93,2020,632,632,42238025.47,1421014468,1422472256,1016.259322,2124.277502,1419.872806
IR-O-N-10,SVKM`s Narsee Monjee Institute of Management Studies,63.31,14.77,63.13,60.92,4.24,Mumbai,Maharashtra,42.56,94,2020,480,480,149465558,410380130.2,771496123.9,478.345716,570.4637862,704.8541227
IR-O-U-0251,Calicut University,63.32,16.64,63.32,54.77,2.88,Malappuram,Kerala,42.42,95,2020,259.4454514,261.335545,144822355.4,608532389.8,705067277.9,535.0839689,539.0021693,1062.403129
IR-O-U-0318,Mumbai University,49.58,19.08,78.35,47.78,7.48,Mumbai,Maharashtra,41.79,96,2020,238.5954226,265.2182002,66276727.24,600295168.5,480094483.7,511.7720432,1235.032253,790.4727486
IR-O-U-0589,Visva Bharati,49.51,26.16,73.81,36.58,6.22,Santiniketan,West Bengal,41.74,97,2020,1247.009195,1234.662927,58506306.78,505879973,806795244.2,843.7290288,2323.084774,838.9336372
IR-O-U-0149,Sardar Vallabhbhai National Institute of Technology,45.31,29.28,64.48,57.03,7.48,Surat,Gujarat,41.72,98,2020,818,818,177393334.2,1008396056,1230644042,988.771399,2066.982188,1668.498143
IR-O-U-0099,Guru Gobind Singh Indraprastha University,48.12,22.64,64.22,52.45,21.15,New Delhi,Delhi,41.43,99,2020,180,180,158646715.3,525295005.4,699233345.5,772.9745904,1737.839998,979.8724898
IR-O-U-0295,Datta Meghe Institute of Medical Sciences,64.06,10.35,60.07,66.19,1.46,Wardha,Maharashtra,41.1,100,2020,178.6107962,183.4439851,140083914.5,134616131.9,342051154.6,196.3149291,523.9476411,264.2193281
IR-O-U-0456,Indian Institute of Technology Madras,85.61,92.51,86.32,63.57,97.13,Chennai,Tamil Nadu,86.76,1,2021,488,488,1281918583,3798214880,5169949393,3784.122424,12512.43478,4285.072691
IR-O-U-0220,Indian Institute of Science,79.13,91.48,78.23,58.39,100,Bengaluru,Karnataka,82.67,2,2021,120,120,1192420971,3661681682,5085123974,3766.370795,12305.45468,4578.536157
IR-O-U-0306,Indian Institute of Technology Bombay,83.52,87.81,80.86,57.48,91.96,Mumbai,Maharashtra,82.52,3,2021,729,729,1186827726,3672508062,4154751250,3766.381967,12370.0905,4617.004739
IR-O-I-1074,Indian Institute of Technology Delhi,84.02,84.46,75.07,67.97,93.89,New Delhi,Delhi,81.75,4,2021,798,798,1194463710,3659200073,4108016149,3239.324846,14648.13862,3579.742808
IR-O-I-1075,Indian Institute of Technology Kanpur,80.5,75.23,80.74,56.97,79.3,Kanpur,Uttar Pradesh,76.5,5,2021,910,910,1152826919,2616717383,3048895069,3980.67862,14492.12273,4427.854147
IR-O-U-0573,Indian Institute of Technology Kharagpur,74.25,76.23,83.23,55.35,82.92,Kharagpur,West Bengal,75.62,6,2021,676,676,1143408214,2476780119,3043775626,3985.682581,14544.7382,4410.727303
IR-O-U-0560,Indian Institute of Technology Roorkee,76.68,68.37,83.16,65.31,47.28,Roorkee,Uttarakhand,71.4,7,2021,879,879,1222929925,1886942531,3177011273,2818.356474,15349.36484,3349.82034
IR-O-U-0053,Indian Institute of Technology Guwahati,73.75,66.25,81.26,62.95,47.04,Guwahati,Assam,69.26,8,2021,747,747,1223115691,1860694734,2657701190,3052.686984,15016.14903,4119.604132
IR-O-U-0109,Jawaharlal Nehru University,71.19,44.96,95.07,73.36,54.12,New Delhi,Delhi,66.61,9,2021,430,430,1551076595,1927689603,2411643110,2937.553639,13789.39062,3727.082693
IR-O-U-0500,Banaras Hindu University,64.5,45,100,53.13,49.38,Varanasi,Uttar Pradesh,63.1,10,2021,3753,3753,271077574.4,1875680744,2365466263,3076.5049,7716.889111,4312.906749
IR-O-U-0570,Calcutta University,66.2,43.92,91.72,60.98,39.68,Kolkata,West Bengal,61.45,11,2021,430,430,1647244076,1304435052,2505439082,2609.82746,7683.189591,4052.15576
IR-O-U-0436,Amrita Vishwa Vidyapeetham,64.23,54.33,71.35,65.54,34.8,Coimbatore,Tamil Nadu,59.87,12,2021,2100,2100,1666262249,2074910914,2796828512,2601.04483,8231.75327,3257.722253
IR-O-U-0108,Jamia Millia Islamia,66.44,43.43,86.67,72.35,20.25,New Delhi,Delhi,59.54,13,2021,350,350,189326907.5,511259176.4,396444903.9,2329.458957,6528.504303,1712.283199
IR-O-U-0575,Jadavpur University,51.7,51.72,87.77,50.16,53.3,Kolkata,West Bengal,58.93,14,2021,1233,1233,101166842.9,1079228741,967477621.5,2844.082286,7681.807473,4209.034437
IR-O-U-0234,Manipal Academy of Higher Education,67.68,48.17,76.05,65.25,24.18,Manipal,Karnataka,58.91,15,2021,853,853,278979362,560894356.3,661773496,2346.885963,7409.698559,1505.869268
IR-O-U-0013,Indian Institute of Technology Hyderabad,61.4,52.64,67.51,58.59,49.61,Hyderabad,Telangana,58.53,16,2021,285,285,311868591.6,1632260565,2451220790,1553.676496,3808.336359,4714.929214
IR-O-U-0042,University of Hyderabad,69.59,40.74,77.44,58.72,32.13,Hyderabad,Telangana,57.67,17,2021,1168.683356,1281,159382710.9,1918876753,3171299195,1084.50999,4460.378089,1921.033845
IR-O-U-0496,Aligarh Muslim University,69.06,40.86,80.06,56.93,27,Aligarh,Uttar Pradesh,57.38,18,2021,365,365,150641464.8,543299689.7,387707497.5,1245.104173,4540.260369,1621.284013
IR-O-U-0120,University of Delhi,42.65,54.23,82.66,59.6,44.81,Delhi,Delhi,56.03,19,2021,387,387,147569726,1326620187,1465339811,1912.552909,4824.733001,4536.595762
IR-O-U-0323,Savitribai Phule Pune University,62.95,42.77,86.96,50.92,16.41,Pune,Maharashtra,55.83,20,2021,70,70,68582677.96,410792416.5,377585183.7,1250.206308,4025.906746,1377.886342
IR-O-U-0490,Vellore Institute of Technology,48.43,56.83,69.94,59.38,38.8,Vellore,Tamil Nadu,55.39,21,2021,7140,7140,408635646.8,1466996105,1655533061,2037.734179,4968.644331,4677.45682
IR-O-U-0447,Bharathiar University,61.79,47.45,74.17,53.21,24.6,Coimbatore,Tamil Nadu,55.38,22,2021,160,160,223033225,634751100.5,732525915.6,1252.340242,4118.328223,1492.398492
IR-O-U-0467,National Institute of Technology Tiruchirappalli,52.39,44.58,71.79,63.34,51.82,Tiruchirappalli,Tamil Nadu,54.97,23,2021,768,768,463987622.8,2263788212,2248988889,2474.236703,5778.807739,4660.406161
IR-O-U-0305,Indian Institute of Science Education & Research Pune,67.24,45.58,59.31,58.75,28.91,Pune,Maharashtra,54.47,24,2021,1129.690474,1580.542391,440077111.4,825064856.7,1497969215,1326.150783,4354.822039,2066.823993
IR-O-U-0439,Anna University,51.91,43.09,73.11,51.35,61.72,Chennai,Tamil Nadu,54.42,25,2021,2740,2740,199924479.1,2520848410,1260239834,2434.424387,5692.966087,5104.431696
IR-O-U-0205,Indian Institute of Technology (Indian School of Mines),48.18,56.64,71.16,55.15,27,Dhanbad,Jharkhand,53.88,26,2021,911,911,524303133.9,814811256.4,1007994917,791.5987861,3407.860694,2186.323879
IR-O-U-0308,Institute of Chemical Technology,50.05,55.82,75.96,46.07,22.04,Mumbai,Maharashtra,53.76,27,2021,211,211,359323602.6,681241819.8,1037888944,880.7659902,3293.848291,1974.285082
IR-O-U-0701,Indian Institute of Technology (Banaras Hindu University) Varanasi,55.87,47.41,69.88,56.69,31.08,Varanasi,Uttar Pradesh,53.74,28,2021,876,876,436789828.2,2646167686,3306806774,1254.827651,4356.471063,1970.326526
IR-O-U-0391,Birla Institute of Technology & Science -Pilani,55.81,43.13,72.05,59.5,32.81,Pilani,Rajasthan,53.32,29,2021,2779,2779,438374648.7,2582720551,3169250586,1852.500115,4467.376074,4480.584054
IR-O-U-0273,Indian Institute of Technology Indore,57.51,49.25,69.71,56.59,15.91,Indore,Madhya Pradesh,53.22,30,2021,275,275,432499265,920362517.2,1249764902,754.1098326,4378.075111,1241.002049
IR-O-U-0378,Indian Institute of Technology Ropar,72.76,32.92,62.05,63.88,23.76,Rupnagar,Punjab,52.89,31,2021,297,297,238954270.3,456617909.5,964765551.3,710.5043391,2324.311847,1058.784353
IR-O-U-0237,National Institute of Technology Karnataka,53.81,41.74,73.32,65.58,30.01,Surathkal,Karnataka,52.88,32,2021,740,740,434106217.3,895183141.9,1236489226,1204.531548,4078.090597,2045.847846
IR-O-U-0139,Indian Institute of Technology Gandhinagar,71.26,37.15,57.21,64.21,23.76,Gandhinagar,Gujarat,52.77,33,2021,194,194,411782849.7,473593121.4,1030627562,722.7724052,3202.87278,1065.372274
IR-O-U-0235,Mysore University,68.77,18.79,90.54,54.24,6.85,Mysuru,Karnataka,50.49,34,2021,76,76,141060604.3,428680592.1,189989817.1,441.2155205,1045.348983,749.4727706
IR-O-U-0572,Indian Institute of Science Education & Research Kolkata,59.67,38.82,66.26,53.53,23.34,Mohanpur,West Bengal,50.48,35,2021,1269.112115,1043.489921,192289019.4,683316664,1086334783,846.1651387,3329.126579,1024.172297
IR-O-U-0304,Homi Bhabha National Institute,68.64,36.45,65.98,50.79,6.22,Mumbai,Maharashtra,50.42,36,2021,1039.320433,927.2847386,240032471.1,489746161.3,682616905.9,946.9527424,4171.641418,856.4377238
IR-O-U-0363,Siksha `O` Anusandhan,63.89,29.92,71.34,65.89,13.28,Bhubaneswar,Odisha,50.34,37,2021,1860,1860,137789720.5,562069834.4,365058097.6,781.6225409,2126.27943,934.9090784
IR-O-U-0078,Panjab University,48.88,40.86,71.57,53.49,37.31,Chandigarh,Chandigarh,50.31,38,2021,851,851,134758621.6,1786485671,919029708.4,2042.394673,5218.597887,4772.878931
IR-O-U-0356,Kalinga Institute of Industrial Technology,62.4,27.78,70,78.43,11.06,Bhubaneswar,Odisha,50,39,2021,3450,3450,376475639.3,517143351.5,594325459.1,623.672575,1996.208799,643.8941086
IR-O-U-0377,"Indian Institute of Science Education & Research, Mohali",62.43,31.86,59.58,71.65,22.04,Mohali,Punjab,49.58,40,2021,876.9369887,742.3761741,211991317.1,488389943.3,1070553587,753.4507497,2244.860047,979.9108026
IR-O-U-0357,National Institute of Technology Rourkela,49.19,48.29,65.32,51.66,17.89,Rourkela,Odisha,49.27,41,2021,747,747,265873062.6,725712660.2,838910929.1,760.5922378,4199.559323,1223.584052
IR-O-U-0476,Shanmugha Arts Science Technology & Research Academy,58.58,38.28,66.3,57.78,10.48,Thanjavur,Tamil Nadu,49.15,42,2021,1800,1800,381635728.7,938927785,1172612956,900.8601926,4571.34815,1083.245065
IR-O-U-0260,Kerala University,64.77,19.93,89.11,51.53,4.91,Thiruvananthapuram,Kerala,48.87,43,2021,283.0406213,628.6976555,218663405.7,467312673.3,229745418.3,565.8486485,1237.268102,809.6534754
IR-O-U-0497,Amity University,48.98,43.27,67.55,64.66,12.18,Gautam Budh Nagar,Uttar Pradesh,48.87,43,2021,125,125,373211286,617984530.6,1109551993,1321.325151,5117.090248,1889.554709
IR-O-I-1480,Thapar Institute of Engineering and Technology,50.44,42.26,67.3,56.35,19.32,Patiala,Punjab,48.83,45,2021,1865,1865,397869624,566273607.8,985891987.7,1256.113761,4259.566897,1533.566926
IR-O-U-0584,Indian Institute of Engineering Science and Technology,51.58,38.99,68.65,50.22,27.77,Shibpur,West Bengal,48.7,46,2021,589,589,166265794.8,619521679.2,947909745,1020.036454,3199.727012,1366.980488
IR-O-I-1357,University of Madras,61.35,31.82,66.43,53.88,20.25,Chennai,Tamil Nadu,48.66,47,2021,951.7800819,1665,207423827.7,641226080.6,1064755839,835.2229776,3119.037214,1247.508086
IR-O-U-0006,"Andhra University, Visakhapatnam",55.04,25.59,85.84,54.46,18.37,Visakhapatnam,Andhra Pradesh,48.65,48,2021,977.0219004,1162.425321,195906243.3,846535784.7,1116727198,771.708322,2372.129029,860.1988273
IR-O-I-1441,Saveetha Institute of Medical and Technical Sciences,61.78,34.28,64.91,65.99,2.18,Chennai,Tamil Nadu,48.63,49,2021,1320,1320,313368646.6,443621189.1,515676853.1,1112.246372,3888.730737,1493.131718
IR-O-U-0272,Indian Institute of Science Education & Research Bhopal,63.78,30.9,63.49,66.63,8.1,Bhopal,Madhya Pradesh,48.57,50,2021,1423.037245,1632.455583,242225817.5,538262160.3,780086811,604.32259,2122.33186,1419.767996
IR-O-U-0064,Indian Institute of Technology Patna,60.04,37.02,57.6,53.94,16.41,Patna,Bihar,47.67,51,2021,250,250,248319820.9,528394916.2,678341638.9,748.2205662,2616.664913,1185.677851
IR-O-U-0262,Mahatma Gandhi University,59.27,34.73,68.77,52.55,4.24,Kottayam,Kerala,47.62,52,2021,40,40,209744134.5,363678222.6,401404455.5,1105.548713,3563.214863,1223.788976
IR-O-U-0473,S.R.M. Institute of Science and Technology,49.93,39.07,68.47,58.6,10.48,Chennai,Tamil Nadu,47.3,53,2021,6000,6000,360512950.3,698724841.9,1272133777,760.1249931,3989.459852,1399.46293
IR-O-U-0098,Delhi Technological University,54.52,29.82,65.95,59.25,25.82,New Delhi,Delhi,46.98,54,2021,2210,2210,279867505.9,922150627,1331403251,1070.677757,3001.230944,1438.316742
IR-O-U-0334,Visvesvaraya National Institute of Technology,49.85,37.31,68.93,55.11,15.39,Nagpur,Maharashtra,46.98,54,2021,922,922,386015013.2,436140322.2,946949304.6,717.5954086,3260.265718,1205.245802
IR-O-U-0222,JSS Academy of Higher Education and Research,63.04,19.39,66.7,70.04,18.85,Mysuru,Karnataka,46.95,56,2021,570,570,279331108,475271994.4,1054693163,512.1644503,1332.754038,576.1895022
IR-O-U-0435,Alagappa University,58.71,27.32,67.45,51.68,23.34,Karaikudi,Tamil Nadu,46.79,57,2021,221,221,213511522.1,677417198.4,695969815.8,707.9061267,2402.49058,845.3628179
IR-O-U-0355,Indian Institute of Technology Bhubaneswar,51.73,37.83,62.64,55.02,18.85,Bhubaneswar,Odisha,46.78,58,2021,260,260,436005800.7,939694350.4,1062638212,638.2816621,2259.545451,1367.1208
IR-O-U-0025,National Institute of Technology Warangal,50.61,31.04,70.32,56.38,25.01,Warangal,Telangana,46.69,59,2021,817,817,218250160.3,788025057.6,940980608.6,1066.283988,2817.36524,1241.667064
IR-O-U-0523,King George`s Medical University,64.39,27.23,62.97,57.57,8.1,Lucknow,Uttar Pradesh,46.65,60,2021,320,320,329532163.9,1005311711,911802630.1,410.5109489,2366.92982,856.2379186
IR-O-U-0474,Sathyabama Institute of Science and Technology,54.06,34,64.82,64.68,7.48,Chennai,Tamil Nadu,46.6,61,2021,2700,2700,423270934.8,1162630348,1495622658,901.6855808,2872.383106,1660.914542
IR-O-U-0136,Gujarat University,64.76,15.7,81.28,56.13,5.57,Ahmedabad,Gujarat,46.57,62,2021,637.8662992,1770,201574649.9,581209838.8,303202801.6,241.5349497,1080.539483,904.2680926
IR-O-U-0027,Osmania University,52.04,28.16,79.86,51.62,13.82,Hyderabad,Telangana,46.57,62,2021,60,60,225458292.5,757525561.3,1212497941,1007.833788,2699.108726,872.8028979
IR-O-U-0107,Jamia Hamdard,57.82,27.62,69.75,60.64,8.1,New Delhi,Delhi,46.46,64,2021,225,225,278010334.3,1132154331,1620125701,667.996653,2024.020365,722.9386165
IR-O-U-0253,Cochin University of Science and Technology,54.37,29.63,70.28,52.7,14.88,Cochin,Kerala,46.02,65,2021,30,30,219860241.7,877158202.5,1209757147,1013.428895,2537.02277,1238.994611
IR-O-U-0389,Banasthali Vidyapith,54.19,14.23,83.55,75.99,10.48,Banasthali,Rajasthan,45.89,66,2021,930,930,186987217.2,920239884,1343060404,505.7419456,1077.809302,881.5995118
IR-O-U-0052,Gauhati University,55.17,19.05,83.56,58.4,10.48,Guwahati,Assam,45.87,67,2021,120,120,132018273.5,905077715.4,1337153027,457.8443681,1024.66738,815.0961683
IR-O-U-0329,Symbiosis International,61.83,18.5,64.52,72.16,14.35,Pune,Maharashtra,45.65,68,2021,1206,1206,324400750.1,527960760.9,738834814.8,458.6525991,1057.00054,618.3264998
IR-O-U-0020,Koneru Lakshmaiah Education Foundation University (K L College of Engineering),58.89,30.78,64.62,55.99,2.18,Vaddeswaram,Andhra Pradesh,45.64,69,2021,3180,3180,134244176.5,852387455.2,792336508.4,1034.287067,1934.206756,1457.653122
IR-O-U-0331,Tata Institute of Social Sciences,61.2,12.32,77.33,72.28,8.71,Mumbai,Maharashtra,45.63,70,2021,180,180,175987522.9,449398437.3,422325036.6,447.947535,1018.023493,481.8641761
IR-O-U-0577,National Institute of Technology Durgapur,50.51,34.26,66.66,56.15,9.9,Durgapur,West Bengal,45.36,71,2021,700,700,310468192.9,1181351928,1384094342,895.0782643,3380.043114,1225.194084
IR-O-U-0410,Malaviya National Institute of Technology,56.13,35.12,57.57,58.38,5.57,Jaipur,Rajasthan,45.29,72,2021,746,746,313042691.7,883612838.3,1472304397,1000.8578,2890.486312,1508.474892
IR-O-U-0056,Tezpur University,58.32,30.02,61.65,52.17,11.62,Tezpur,Assam,45.22,73,2021,315,315,43728901.58,762145424.8,1153274492,728.0910012,2314.935943,1162.284906
IR-O-U-0458,Kalasalingam Academy of Research and Education,56.74,21.81,65.2,73.06,11.62,Srivilliputtur,Tamil Nadu,45.07,74,2021,8541.586718,9388.610113,335152131.2,1206467537,1588804887,717.050246,1446.782628,795.6738667
IR-O-U-0446,Bharath Institute of Higher Education & Research,55.4,24.41,67.59,67.94,5.57,Chennai,Tamil Nadu,44.81,75,2021,720,720,321099880.2,1179645997,1617375358,739.8014118,1374.043374,771.7672204
IR-O-U-0196,University of Kashmir,60.49,19.51,77.03,50.12,2.18,Srinagar,Jammu and Kashmir,44.64,76,2021,65,65,88820658.4,374365440.6,301041085.4,535.0997861,1103.237029,800.2425532
IR-O-U-0747,Chandigarh University,57.48,14.24,63.4,75.44,28.91,Mohali,Punjab,44.62,77,2021,3240,3240,331718975.5,1364650878,1613814981,498.8427953,930.034614,905.7718456
IR-O-U-0374,Dr. B. R. Ambedkar National Institute of Technology,54.39,25.23,64.17,63.76,14.35,Jalandhar,Punjab,44.53,78,2021,807,807,312241431.6,1471094553,1541721274,700.6662651,1546.859263,813.9072249
IR-O-I-1486,Sri Ramachandra Institute of Higher Education and Research,64.83,18.35,61.13,64.73,7.48,Chennai,Tamil Nadu,44.4,79,2021,230,230,188295556.7,197413966.1,488682681,230.4407961,878.1752097,562.0939879
IR-O-I-1110,Dr. D. Y. Patil Vidyapeeth,65.15,14.45,63.29,61.56,14.88,Pune,Maharashtra,44.19,80,2021,430,430,226457893.5,469674821,625336147,262.9950674,747.9564777,588.3927939
IR-O-U-0379,Lovely Professional University,47.55,27.51,63.87,65.97,20.7,Phagwara,Punjab,43.95,81,2021,3720,3720,277026772.2,1288972543,1570336848,731.1704108,1835.15807,768.8951002
IR-O-U-0184,Indian Institute of Technology Mandi,50.05,30.59,61.27,62.07,12.73,Mandi,Himachal Pradesh,43.93,82,2021,200,200,99349563.91,1124786858,1314060289,920.0264726,1730.453334,1500.670357
IR-O-U-0463,Madurai Kamaraj University,61.71,24.77,57.68,48.43,14.35,Madurai,Tamil Nadu,43.75,83,2021,466.2573068,526.4281238,40457469.64,351163539.8,442690422.9,563.7750816,2033.918982,626.4814278
IR-O-U-0642,Shiv Nadar University,59.5,19.37,63.5,59.14,13.28,Dadri,Uttar Pradesh,43.6,84,2021,530,530,153514116.4,615912254,777742220.4,536.1508604,990.5181145,916.5078225
IR-O-U-0376,Guru Nanak Dev University,40.78,28.63,76.11,53.77,17.89,Amritsar,Punjab,43.21,85,2021,540,540,170212008.5,700863447.9,1433874236,1003.646904,2707.204025,1146.714474
IR-O-C-37013,PSG College of Technology,55.37,18.13,58.69,50.17,43.26,Coimbatore,Tamil Nadu,43.14,86,2021,1140,1140,90510379.72,1264576410,717277019.6,383.8619934,849.8830067,782.760514
IR-O-U-0369,Pondicherry University,39.94,30.1,72.4,58.18,17.89,Puducherry,Pondicherry,43.1,87,2021,514,514,95597458.29,1002805150,1460219907,1025.776502,2565.778644,1112.207434
IR-O-U-0530,Motilal Nehru National Institute of Technology,47.86,28.49,67.68,54.77,11.06,Prayagraj,Uttar Pradesh,43.04,88,2021,954,954,202151802.3,869783153.7,1455634076,867.9896166,2636.491744,1442.689349
IR-O-C-16604,Sri Sivasubramaniya Nadar College of Engineering,53.36,29.01,59.42,53.63,9.9,Kancheepuram,Tamil Nadu,42.94,89,2021,960,960,135440674.3,1119167302,998103218.5,911.9671299,2341.545515,1610.035511
IR-O-U-0448,Bharathidasan University,54.74,29.92,53.67,47.8,18.85,Tiruchirappalli,Tamil Nadu,42.79,90,2021,105,105,102565992.8,1052137151,1043820455,940.713039,2209.395252,1229.78777
IR-O-U-0341,North Eastern Hill University,55.53,16.31,74.61,51.63,11.62,Shillong,Meghalaya,42.79,90,2021,240,240,141307995.4,885729433.1,1310452922,539.1035634,543.3280956,974.8888073
IR-O-U-0037,Sri Venkateswara University,51.21,19.87,79.19,50.61,5.57,Tirupati,Andhra Pradesh,42.78,92,2021,498,498,68801154.12,840694525.6,1056278174,767.9604257,1444.223825,940.364585
IR-O-U-0055,National Institute of Technology Silchar,47.28,32.31,64.18,52.84,6.85,Silchar,Assam,42.68,93,2021,660,660,42238025.47,1421014468,1422472256,1016.259322,2124.277502,1419.872806
IR-O-N-10,SVKM`s Narsee Monjee Institute of Management Studies,63.31,14.77,63.13,60.92,4.24,Mumbai,Maharashtra,42.56,94,2021,400,400,149465558,410380130.2,771496123.9,478.345716,570.4637862,704.8541227
IR-O-U-0251,Calicut University,63.32,16.64,63.32,54.77,2.88,Malappuram,Kerala,42.42,95,2021,55,55,144822355.4,608532389.8,705067277.9,535.0839689,539.0021693,1062.403129
IR-O-U-0318,Mumbai University,49.58,19.08,78.35,47.78,7.48,Mumbai,Maharashtra,41.79,96,2021,108,108,66276727.24,600295168.5,480094483.7,511.7720432,1235.032253,790.4727486
IR-O-U-0589,Visva Bharati,49.51,26.16,73.81,36.58,6.22,Santiniketan,West Bengal,41.74,97,2021,1416,1416,58506306.78,505879973,806795244.2,843.7290288,2323.084774,838.9336372
IR-O-U-0149,Sardar Vallabhbhai National Institute of Technology,45.31,29.28,64.48,57.03,7.48,Surat,Gujarat,41.72,98,2021,844,844,177393334.2,1008396056,1230644042,988.771399,2066.982188,1668.498143
IR-O-U-0099,Guru Gobind Singh Indraprastha University,48.12,22.64,64.22,52.45,21.15,New Delhi,Delhi,41.43,99,2021,180,180,158646715.3,525295005.4,699233345.5,772.9745904,1737.839998,979.8724898
IR-O-U-0295,Datta Meghe Institute of Medical Sciences,64.06,10.35,60.07,66.19,1.46,Wardha,Maharashtra,41.1,100,2021,150,150,140083914.5,134616131.9,342051154.6,196.3149291,523.9476411,264.2193281
IR-O-U-0456,Indian Institute of Technology Madras,86.56,91.98,89.36,62.95,98.75,Chennai,Tamil Nadu,87.59,1,2022,762,762,1280636554,3798214880,5169949393,3783.447331,12512.43478,4202.623415
IR-O-U-0220,Indian Institute of Science,82.08,87.45,84.8,57.46,100,Bengaluru,Karnataka,83.57,2,2022,1049.747012,1379.276534,1240245702,3782219691,5162144346,3782.868836,12513.03543,4225.709436
IR-O-U-0306,"Indian Institute of Technology, Bombay",85.55,84.09,83.08,59.54,88.8,Mumbai,Maharashtra,82.35,3,2022,780.9960539,849.0946897,1192436349,3652965326,4147294343,3775.850701,12372.02871,4618.571683
IR-O-I-1074,"Indian Institute of Technology, Delhi",81.98,84.81,79.36,70.07,93.08,New Delhi,Delhi,82.22,4,2022,1288.56758,1430.660244,1194463710,3667494375,4116063092,3246.694989,14648.13862,3756.729254
IR-O-I-1075,Indian Institute of Technology Kanpur,86.9,70.55,83.89,60.26,77.86,Kanpur,Uttar Pradesh,77.83,5,2022,907,907,1192970589,2902554425,3268837942,3985.039325,14160.19802,4384.014188
IR-O-U-0573,"Indian Institute of Technology, Kharagpur",77.66,75.66,81.92,55.85,79.82,Kharagpur,West Bengal,75.94,6,2022,1016.17702,1226.494435,1153715490,2652614263,3050558639,3980.67862,14491.8069,4437.467735
IR-O-U-0560,"Indian Institute of Technology, Roorkee",77.22,67.03,84.42,64.36,48.84,Roorkee,Uttarakhand,71.48,7,2022,1013.205822,1111.344021,1225384581,1887623037,3167002377,3020.88895,15349.96669,4151.163207
IR-O-U-0053,Indian Institute of Technology Guwahati,78.29,63.54,83.26,59.58,45.93,Guwahati,Assam,69.75,8,2022,851,851,1195816995,1566905120,2651517763,3056.300876,14990.30507,4195.756901
IR-O-N-15,"All India Institute of Medical Sciences, Delhi",75.57,60.39,72.67,67.37,75.15,New Delhi,Delhi,69.57,9,2022,1103.202298,968.4345143,1192027667,2590131688,2346411529,2987.535182,13962.03949,3688.858892
IR-O-U-0109,Jawaharlal Nehru University,71.95,45.55,95.27,70.27,59.19,New Delhi,Delhi,67.25,10,2022,307.4695795,389.0310448,1146624955,1890744285,2417891884,3139.201304,13820.91335,4023.179153
IR-O-U-0500,Banaras Hindu University,69.9,43.91,97.74,57.32,53.95,Varanasi,Uttar Pradesh,64.81,11,2022,1146.342988,707.2801559,1104649508,1864026100,2330905319,3006.798562,14322.61717,4300.030245
IR-O-U-0575,Jadavpur University,63.57,53.73,90.1,56.86,49.53,Kolkata,West Bengal,63.85,12,2022,1233,1233,444400120.2,1853531917,2344268181,3032.534252,14250.77827,4226.190468
IR-O-U-0108,"Jamia Millia Islamia, New Delhi",68.16,47.38,92.46,81.14,23.57,New Delhi,Delhi,63.62,13,2022,1446.183983,1886.544956,1625190847,565809906.8,2320246295,2279.867059,13769.24391,1506.704505
IR-O-U-0013,Indian Institute of Technology Hyderabad,73.43,53.18,71.53,56.73,49.01,Hyderabad,Telangana,62.86,14,2022,317,317,1143497415,1842143609,2474422729,2998.703341,8303.938609,4834.191807
IR-O-U-0570,Calcutta University,67.46,40.85,95.48,61.9,37.86,Kolkata,West Bengal,61.57,15,2022,711.915313,786.5592499,1647622578,1273553013,2496527055,2807.320637,7661.17238,3744.665574
IR-O-U-0436,Amrita Vishwa Vidyapeetham,69.8,50.06,74.09,69.53,38.09,Coimbatore,Tamil Nadu,61.54,16,2022,2700,2700,1656832891,1386661765,2655580296,1402.740754,4295.804549,4007.44568
IR-O-U-0234,"Manipal Academy of Higher Education, Manipal",70.53,51.07,78.15,64.81,26.37,Manipal,Karnataka,61.23,17,2022,1707.420655,1547.185686,1653923231,786796424.8,2439441455,833.4572834,3383.37913,2088.980427
IR-O-U-0490,Vellore Institute of Technology,52.72,59.82,79.43,59.07,45.74,Vellore,Tamil Nadu,60.14,18,2022,7660,7660,1653537390,1351118254,2380003129,1426.077656,3187.452005,4691.944582
IR-O-U-0496,Aligarh Muslim University,69.21,43.04,88.92,56.29,27.85,Aligarh,Uttar Pradesh,59.86,19,2022,365,365,1582300587,907885149.2,2681803578,1192.751054,3198.188644,1868.867224
IR-O-U-0042,University of Hyderabad,70.94,40.18,83.97,63.5,31.99,Hyderabad,Telangana,59.67,20,2022,1482.682856,1343.11263,185239424.7,1802126787,3008960555,1031.528004,3292.681579,1933.784073
IR-O-U-0467,"National Institute of Technology, Tiruchirappalli",60.73,45.71,75.74,66.48,52.2,Tiruchirappalli,Tamil Nadu,58.95,21,2022,1918.281136,1828.874457,396302000.9,1728803212,2186913294,1825.93784,3861.12293,4134.849609
IR-O-U-0439,Anna University,53.32,53.15,74.97,49.3,62.1,Chennai,Tamil Nadu,58.08,22,2022,2470,2470,199666917,1526622477,1227912406,1352.0962,5709.281625,4860.994091
IR-O-U-0120,University of Delhi,43.11,52.82,91.85,58.87,45.93,Delhi,Delhi,57.63,23,2022,1135.13585,1245.010985,266067204.6,1721778231,1706960691,1884.079151,5870.084215,3899.503409
IR-O-U-0447,Bharathiar University,63.97,44.36,78.31,63.96,26.97,Coimbatore,Tamil Nadu,57.26,24,2022,1730.059789,1854.768932,324349096.7,523786791.3,431631955.8,1299.830816,4645.661025,1677.985458
IR-O-U-0323,Savitribai Phule Pune University,63.66,41.64,92.44,52.07,16.97,Pune,Maharashtra,56.99,25,2022,1517.627575,1604.091177,253120990.9,529155049,437212760.4,1276.607432,4126.964966,1418.132409
IR-O-U-0305,"Indian Institute of Science Education & Research, Pune",71.66,44.18,65.43,62.94,27.85,Pune,Maharashtra,56.91,26,2022,1359.168719,754.758677,594172120.4,1021129733,1485079545,1322.577429,4683.918494,1864.491375
IR-O-U-0237,"National Institute of Technology Karnataka, Surathkal",59.32,45.14,75.55,64.44,38.54,Surathkal,Karnataka,56.74,27,2022,2408.292485,2264.847031,502158176.6,1493784937,1786636047,1775.465252,5474.133799,4966.500792
IR-O-U-0308,Institute of Chemical Technology,59.27,50.58,79.61,54.5,18.45,Mumbai,Maharashtra,56.16,28,2022,211,211,229456718,710027187.7,461016768.7,862.7826915,4006.728614,2026.575005
IR-O-U-0701,Indian Institute of Technology (Banaras Hindu University) Varanasi,54.43,50.31,74.26,56.63,39.21,Varanasi,Uttar Pradesh,55.85,29,2022,1012,1012,501057737.2,1903028303,1836831322,1332.433799,5267.394736,4998.264949
IR-O-U-0363,Siksha `O` Anusandhan,68.3,35.58,73.45,68.4,27.26,Bhubaneswar,Odisha,55.42,30,2022,2220,2220,495153225.2,820307634.6,620111802.7,903.5028752,3373.942624,1277.566682
IR-O-U-0273,Indian Institute of Technology Indore,62.47,49.93,72.44,52.99,16.21,Indore,Madhya Pradesh,55.13,31,2022,294,294,256240133.7,803475614,617331427.5,783.7557625,3992.453528,1366.641863
IR-O-U-0391,Birla Institute of Technology & Science - Pilani,59.27,46.74,73.45,58.76,27.26,Pilani,Rajasthan,55.1,32,2022,2831,2831,421641290.5,802508551.9,693546833.7,1209.670849,3766.682037,1601.660785
IR-O-U-0304,Homi Bhabha National Institute,72.51,45.25,68.93,52.01,5.31,Mumbai,Maharashtra,54.85,33,2022,1047.65385,810.0494979,247620906.4,497341390,504397788.9,1296.804863,5109.417978,1425.745543
IR-O-U-0356,Kalinga Institute of Industrial Technology,69,30.2,75.13,77.86,17.71,Bhubaneswar,Odisha,54.35,34,2022,3450,3450,297258611,512736249.9,710488364.7,714.2911054,2287.390107,847.0466315
IR-O-U-0378,Indian Institute of Technology Ropar,75.19,33.66,65.71,64.34,20.57,Rupnagar,Punjab,54.29,35,2022,330,330,217458186.9,489739989,1106896863,669.910549,2005.9335,904.7501868
IR-O-U-0473,S.R.M. Institute of Science and Technology,57.91,45.28,71.41,62.54,25.15,Chennai,Tamil Nadu,53.99,36,2022,5490,5490,455749009.8,643585338,1290989095,1407.298657,4403.62801,1379.451763
IR-O-U-0139,"Indian Institute of Technology, Gandhinagar",67.9,39.04,65.84,66.49,20.23,Gandhinagar,Gujarat,53.92,37,2022,1163.85846,1123.990559,425043404.8,501791457.6,1120679394,678.8334033,3264.847513,858.9547515
IR-O-U-0205,Indian Institute of Technology (Indian School of Mines),51.07,54.66,71.79,54.34,23.57,Dhanbad,Jharkhand,53.87,38,2022,869,869,174016398.8,784393769.4,912882437.6,606.1480624,2846.352549,2093.429416
IR-O-U-0357,National Institute of Technology Rourkela,59.35,49.09,68.7,56.9,18.08,Rourkela,Odisha,53.77,39,2022,927,927,406822964.1,593312857.6,603014944.3,698.0768797,3886.872155,1219.22427
IR-O-U-0572,"Indian Institute of Science Education & Research, Kolkata",63.56,39.42,66.2,56.59,25.46,Mohanpur,West Bengal,52.35,40,2022,1690.861184,1486.113201,406051079.6,687251548.5,1251910080,1228.182586,4602.017241,1488.03066
IR-O-U-0078,Panjab University,48.43,43.18,74.62,60.73,27.56,Chandigarh,Chandigarh,51.23,41,2022,905,905,427454981.6,751686954.7,1253025982,1282.999237,4134.34987,1695.994937
IR-O-U-0497,Amity University,49.57,47.89,70.35,64.17,13.43,Gautam Budh Nagar,Uttar Pradesh,51.07,42,2022,210,210,394984647.8,672752754.6,914095261.1,1298.780209,5119.453826,1470.10663
IR-O-U-0184,"Indian Institute of Technology, Mandi",62.79,37.25,65.56,67.01,12.18,Mandi,Himachal Pradesh,51.05,43,2022,1583.204461,1814.106565,407384967.7,441399442.2,737951411.4,729.4980914,4178.114409,1004.320276
IR-O-I-1441,Saveetha Institute of Medical and Technical Sciences,56.29,43.01,69.46,65.97,5.31,Chennai,Tamil Nadu,50.81,44,2022,1320,1320,399858722.8,1080456852,1275104251,1472.090196,4922.2601,1800.767155
IR-O-U-0025,National Institute of Technology Warangal,57.73,35.23,73.48,55.14,25.15,Warangal,Telangana,50.61,45,2022,1004,1004,445179240.6,672954369.3,877210751,1026.136664,3366.866497,1270.339235
IR-O-U-0027,Osmania University,60.22,30.41,79.98,56.37,17.71,Hyderabad,Telangana,50.6,46,2022,766.2035872,1055.180173,134782798.9,440386514.1,257762337,890.0238497,2558.493234,1255.633744
IR-O-U-0377,"Indian Institute of Science Education & Research, Mohali",63.85,32.08,62.89,71.44,20.57,Mohali,Punjab,50.55,47,2022,1172.910404,1527.28189,244925182.5,457010538.2,1033062994,621.8940165,2275.849919,1299.667261
IR-O-U-0747,Chandigarh University,63.04,22.16,69.27,78.62,31.19,Mohali,Punjab,50.39,48,2022,3240,3240,424447194.4,2002873055,3063902463,648.0055951,1500.380098,868.1864855
IR-O-U-0476,Shanmugha Arts Science Technology & Research Academy,61.35,38.23,67.66,59.74,9.57,Thanjavur,Tamil Nadu,50.33,49,2022,1920,1920,375381920.7,535716709.9,614455513,905.1728048,4486.023332,1440.855994
IR-O-U-0458,Kalasalingam Academy of Research and Education,60.1,26.46,71.2,74.72,22.92,Srivilliputtur,Tamil Nadu,49.97,50,2022,1290,1290,218378064.1,634505194.6,534132122.8,617.62938,2088.962739,687.3978182
IR-O-U-0262,"Mahatma Gandhi University, Kottayam",65.16,36.16,70.48,51.18,2.74,Kottayam,Kerala,49.89,51,2022,1154.405552,726.1698514,187045611.6,402215828.1,452596034.9,1238.657169,4282.707677,1302.631611
IR-O-U-0260,Kerala University,65.23,20.29,94.4,51.07,2.21,Thiruvananthapuram,Kerala,49.87,52,2022,1487.399488,1073.425066,165276120.6,300128858.9,261313592.2,537.6944134,1294.372402,851.6461939
IR-O-U-0435,Alagappa University,61.66,32.63,72.21,51.56,18.45,Karaikudi,Tamil Nadu,49.73,53,2022,1001.71874,961.5468596,154892374,596626137.9,471347654.9,981.3225429,3031.858207,1222.699553
IR-O-U-0235,Mysore University,68.9,16.81,90.68,53.79,4.8,Mysuru,Karnataka,49.71,54,2022,1090.575993,1445.289352,194371452.4,455469277,272420392.7,442.1803838,1103.896768,844.7636223
IR-O-U-0020,Koneru Lakshmaiah Education Foundation University (K L College of Engineering),61.22,36.63,67.04,56.83,12.6,Vaddeswaram,Andhra Pradesh,49.71,54,2022,3480,3480,390975778.9,628896810.2,782786477.4,725.5045982,3459.257262,1230.323822
IR-O-U-0368,Jawaharlal Institute of Post Graduate Medical Education & Research,68.18,26.11,63.63,68.18,18.81,Puducherry,Pondicherry,49.71,54,2022,735.680658,827.3832373,247633501.9,507168948.5,995575827.3,346.9537347,1858.864122,477.5678592
IR-O-I-1480,Thapar Institute of Engineering and Technology,49.86,44.83,70.57,55.09,16.21,Patiala,Punjab,49.65,57,2022,2265,2265,402081243.4,749267890.3,888648114.1,1111.252286,3943.363686,1327.140976
IR-O-U-0379,Lovely Professional University,56.4,34.71,66.11,69.33,20.57,Phagwara,Punjab,49.54,58,2022,3900,3900,471237249.9,1014002163,1362323471,808.8359143,3363.156045,1372.359062
IR-O-U-0064,"Indian Institute of Technology, Patna",62.04,39.31,62.25,51.98,14.24,Patna,Bihar,49.47,59,2022,951.6021709,871.0272241,226661335.1,797849374.1,847469540,703.8388879,2758.930323,1331.515379
IR-O-U-0222,JSS Academy of Higher Education and Research,68.12,21.4,69.04,69.37,16.97,Mysuru,Karnataka,49.31,60,2022,1366.712598,1335.15066,199600370.8,518052081.9,367830300.8,303.0473864,1413.914981,432.0594512
IR-O-U-0272,Indian Institute of Science Education & Research Bhopal,66.74,29.19,64.82,66.84,8.66,Bhopal,Madhya Pradesh,49.29,61,2022,629.1645632,821.4179086,400606984.6,774228294.7,1111341344,650.7996553,2250.661862,1988.338263
IR-O-U-0329,Symbiosis International,65.62,17.8,74.9,66.57,25.46,Pune,Maharashtra,49.22,62,2022,1726.265464,1273.114495,223778981.9,528752614.8,708337614.4,260.1923667,1112.358767,645.0321426
IR-O-U-0098,Delhi Technological University,57.93,32.46,66.55,57.34,28.71,New Delhi,Delhi,49.03,63,2022,2360,2360,272515614.1,1073670779,1491470502,999.9589723,3061.808619,1364.008658
IR-O-U-0052,Gauhati University,59.42,21.66,89.82,58.19,8.66,Guwahati,Assam,48.98,64,2022,399.8046606,244.6218966,222136472.8,578301063.7,400274016.5,651.4988478,1682.602041,893.2743058
IR-O-U-0355,Indian Institute of Technology Bhubaneswar,53.86,38.2,65.46,60.45,16.97,Bhubaneswar,Odisha,48.46,65,2022,290,290,401662638,872472328.6,1377996136,730.2153258,3322.717967,1384.182095
IR-O-U-0584,"Indian Institute of Engineering Science and Technology, Shibpur",50.01,39.35,70.44,48.26,27.26,Howrah,West Bengal,48.45,66,2022,1052.209943,803.1619383,51086358.74,672930933,1033126910,988.5991411,3309.270016,1437.995582
IR-O-U-0474,Sathyabama Institute of Science and Technology,56.99,29.87,65.82,65.05,23.57,Chennai,Tamil Nadu,48.09,67,2022,2700,2700,264046439.9,1148797713,1539105774,960.4122771,2133.687494,1432.39889
IR-O-U-0334,"Visvesvaraya National Institute of Technology, Nagpur",53.53,39.28,70.53,54.61,6.29,Nagpur,Maharashtra,48.05,68,2022,1152.891274,881.0118473,237287234.3,756064585.6,1144606210,982.3599554,3864.740662,1207.274862
IR-O-U-0253,Cochin University of Science and Technology,57.05,32.57,73.37,51.63,13.02,Cochin,Kerala,48.02,69,2022,763.396413,1673.324848,56341568.15,794033482.2,1096370181,1041.702696,3096.381338,1260.883267
IR-O-I-1357,University of Madras,56.58,32.35,71.3,52.41,18.45,Chennai,Tamil Nadu,48.01,70,2022,720.1407519,778.408623,67659422.17,959000585.7,1209433258,1014.807695,3099.692807,1217.624455
IR-O-U-0006,"Andhra University, Visakhapatnam",54.05,25.8,85.7,53.73,15.04,Visakhapatnam,Andhra Pradesh,47.97,71,2022,0,579.1523151,61969118.69,680526608.9,1040859439,779.6349083,2342.905053,784.0877239
IR-O-U-0577,National Institute of Technology Durgapur,53.96,35.16,70.09,57.15,14.24,Durgapur,West Bengal,47.9,72,2022,790,790,278128420.1,813232439.6,1355497568,993.3842453,3599.441254,1276.530199
IR-O-U-0136,Gujarat University,64.75,18.38,83.3,57.39,3.78,Ahmedabad,Gujarat,47.72,73,2022,636.5151897,2626.496934,114954771.6,525868365.4,128269729.5,240.643528,1023.099404,823.5000534
IR-O-U-0107,Jamia Hamdard,56.93,30.15,70.35,60.93,12.18,New Delhi,Delhi,47.5,74,2022,777.9761516,2293.820419,98074216.76,1048742834,1472872980,998.2840766,2036.398094,1447.011886
IR-O-U-0523,King George`s Medical University,66.33,26.31,63.36,55.83,9.57,Lucknow,Uttar Pradesh,47,75,2022,382.7631357,188.257557,221551612.3,900518860.5,819843692,429.578323,2189.782982,786.3574809
IR-O-U-0055,"National Institute of Technology, Silchar",52.26,36.84,68.43,57.1,6.29,Silchar,Assam,46.76,76,2022,1389.397808,2379.368489,258034899,1043687049,1384160405,925.0544979,3506.325618,1259.105486
IR-O-I-1110,Dr. D. Y. Patil Vidyapeeth,69.78,19.22,64.27,61.3,10.89,Pune,Maharashtra,46.76,76,2022,538.6421066,121.5582516,227082654.8,601345989.2,641391248.6,301.7791988,1162.825203,419.3806382
IR-O-U-0498,Babasheb Bhimrao Ambedkar University,53.54,19.68,82.46,74.59,4.8,Lucknow,Uttar Pradesh,46.39,78,2022,938.0105487,934.9486643,143955175.4,755055873.6,1170443119,540.5930116,1282.792153,718.0397978
IR-O-S-8909,Indian Institute of Management Kozhikode,65.93,15.51,61.55,72.34,23.89,Kozhikode,Kerala,46.36,79,2022,742.4880461,495.9261411,257400266,536173972.6,980258918.7,307.5244951,995.5218982,578.8560196
IR-O-U-0376,Guru Nanak Dev University,51.06,28.73,78.53,56.6,10.01,Amritsar,Punjab,46.31,80,2022,580.412111,554.6309569,153902265.6,828131527.2,1276620971,1038.856876,2837.68004,1549.80339
IR-O-U-0318,Mumbai University,55.16,22.52,82.54,55.95,7.26,Mumbai,Maharashtra,46.15,81,2022,115.7914097,794.7780206,120667707.8,880743480.9,1087793780,779.2748906,1687.228445,847.9939118
IR-O-U-0448,Bharathidasan University,57.72,32.56,61.8,48.1,18.81,Tiruchirappalli,Tamil Nadu,46.14,82,2022,644.3728985,543.4084645,48477188.02,965993478.8,1109546387,865.7486004,2371.189301,1210.240538
IR-O-I-1486,Sri Ramachandra Institute of Higher Education and Research,69.68,17.07,64.33,65.08,6.78,Chennai,Tamil Nadu,46.08,83,2022,540.25671,823.4311853,271006915.6,491186240.3,742590436.5,246.948981,979.0089722,434.4799879
IR-O-U-0196,University of Kashmir,60.58,21.23,79.56,51.37,3.78,Srinagar,Jammu and Kashmir,45.98,84,2022,901.9735535,1950.110594,81482779.22,531756034.7,160044737.9,662.6990784,1622.382795,839.7724438
IR-O-U-0374,"Dr. B R Ambedkar National Institute of Technology, Jalandhar",57.67,27.88,66.39,64.32,4.8,Jalandhar,Punjab,45.85,85,2022,1418.885188,1708.521729,250258848.3,1158360013,1626943943,755.7164416,1430.813126,657.2903599
IR-O-U-0689,All India Institute of Medical Sciences Jodhpur,64.36,26.23,60.4,61.19,4.3,Jodhpur,Rajasthan,45.81,86,2022,738.281283,1772.716703,123255531.8,176948353.7,321598024.7,344.1978112,1283.212813,487.6641024
IR-O-U-0389,Banasthali Vidyapith,53.01,15.98,84.96,75.83,5.31,Banasthali,Rajasthan,45.8,87,2022,930,930,143810294.9,828592155,1241773441,526.622162,1078.603745,802.3706596
IR-O-U-0463,Madurai Kamaraj University,63.33,24.04,65.24,52.47,12.6,Madurai,Tamil Nadu,45.77,88,2022,272.4639877,334.2848505,116137334.2,607047315.4,725281644.1,724.5779368,2165.164337,881.4453655
IR-O-N-10,SVKM`s Narsee Monjee Institute of Management Studies,68.42,17.66,64.52,62.17,7.26,Mumbai,Maharashtra,45.68,89,2022,420,420,244625451.3,474488927.5,655650263.7,270.8216718,1112.183393,415.1677136
IR-O-U-0056,Tezpur University,59.71,27.49,63.29,50.67,16.97,Tezpur,Assam,45.59,90,2022,361,361,87488505.01,644075384.6,889094552.3,735.162807,2159.142324,847.5265684
IR-O-U-0410,Malaviya National Institute of Technology,51.72,38.69,60.72,56.19,3.78,Jaipur,Rajasthan,45.27,91,2022,900,900,294817636.5,824772890.2,1129643485,1033.95717,2734.224481,1252.807414
IR-O-U-0295,Datta Meghe Institute of Medical Sciences,65.25,23.54,59.6,65.38,1.12,Wardha,Maharashtra,45.21,92,2022,88.52368829,0,190492783.4,205156704.4,391141213.9,319.1871253,1139.10039,388.3970499
IR-O-U-0195,University of Jammu,64.9,19.12,74.83,46.63,2.74,Jammu,Jammu and Kashmir,45.11,93,2022,2303.423531,4292.315251,102528681.3,379264953.4,381769259,457.7352154,1182.496111,806.2859465
IR-O-U-0642,Shiv Nadar University,63.53,20.75,64.7,61.38,5.8,Dadri,Uttar Pradesh,44.94,94,2022,812.7100687,1048.123445,229055215.2,501337658.9,691522201.1,616.7480327,1042.05346,576.1711282
IR-O-U-0446,Bharath Institute of Higher Education & Research,56.2,23.15,70.31,64.28,4.3,Chennai,Tamil Nadu,44.73,95,2022,1039.072676,1036.082004,210694627.6,971098054.5,1465160331,777.9991445,1188.924137,781.3865697
IR-O-C-16604,Sri Sivasubramaniya Nadar College of Engineering,53.14,30.69,63.87,52.73,15.04,Kancheepuram,Tamil Nadu,44.69,96,2022,780,780,85576164.53,1208406271,1297391670,870.8136551,1865.860528,1398.196223
IR-O-U-0564,University of Petroleum and Energy Studies,56.69,19.48,60.48,65.01,31.99,Dehradun,Uttarakhand,44.65,97,2022,850,850,228317821.2,1921082620,3133956342,439.5010976,987.9759368,699.7190489
IR-O-U-0215,Bangalore University,58.7,17.38,74.73,57.04,10.45,Bangalore,Karnataka,44.53,98,2022,337.4736993,520.6327748,123898831.5,457541314.6,519964369.9,523.1787538,651.8954582,873.3566671
IR-O-U-0331,Tata Institute of Social Sciences,56.66,10.45,78.36,75.42,11.75,Mumbai,Maharashtra,44.52,99,2022,1498.483185,2091.14445,156541196,1054373534,1151066911,489.3737354,863.2469387,626.1328761
IR-O-U-0249,Visvesvaraya Technological University,58.94,27.28,61.1,58.36,4.3,Belgaum,Karnataka,44.35,100,2022,829.9398065,1071.102654,143600595.1,266553785.9,465294408.4,597.020655,1501.377544,675.964747
IR-O-U-0456,Indian Institute of Technology Madras,86.45,89.88,87.22,63.59,100,Chennai,Tamil Nadu,86.69,1,2023,877,877,1281918583,3798214880,5169949393,3784.122424,12512.43478,4285.072691
IR-O-U-0220,Indian Institute of Science,82.43,88.45,80.57,59.23,97.94,Bengaluru,Karnataka,83.09,2,2023,576.1154109,806.609159,1217688012,3723660274,5113585848,3766.381967,12394.22598,4665.994906
IR-O-I-1074,Indian Institute of Technology Delhi,82.06,85.23,79.21,70.32,90.98,New Delhi,Delhi,82.16,3,2023,1071,1071,1191691790,3666833742,4154264951,3214.587665,12288.39777,3744.445149
IR-O-U-0306,Indian Institute of Technology Bombay,80.71,86.14,84.26,58.76,84.98,Mumbai,Maharashtra,81.28,4,2023,1030,1030,1171259055,3665139032,4069198505,3778.181231,14707.48848,4441.391145
IR-O-I-1075,Indian Institute of Technology Kanpur,85.45,72.94,83.62,60.24,69.84,Kanpur,Uttar Pradesh,77.23,5,2023,927,927,1194236296,2900681352,3268837942,3982.646258,14891.59573,4383.083135
IR-O-N-15,"All India Institute of Medical Sciences, Delhi",76.47,67.75,70.46,72.72,75.23,New Delhi,Delhi,72.14,6,2023,1861.860279,1968.099462,1725975123,2577560178,3242987100,3113.756824,12683.99588,3230.243863
IR-O-U-0573,Indian Institute of Technology Kharagpur,73.29,72.25,76.75,57.44,70.68,Kharagpur,West Bengal,71.82,7,2023,942,942,1172980804,2511593008,2926417487,3186.167617,14156.49799,4150.829634
IR-O-U-0560,Indian Institute of Technology Roorkee,77.69,68,83.15,62.8,50.36,Roorkee,Uttarakhand,71.66,8,2023,1143,1143,1198035248,1880653438,2671701342,3060.920006,15397.0883,4153.681118
IR-O-U-0053,Indian Institute of Technology Guwahati,73.43,66.98,82.95,58.3,42.44,Guwahati,Assam,68.78,9,2023,978,978,1181666323,1565960367,2660317605,3054.83836,15001.07581,4162.415824
IR-O-U-0109,Jawaharlal Nehru University,73.55,46.56,94.89,73.64,50.73,New Delhi,Delhi,67.44,10,2023,537.3209159,1112.918249,1545938386,1934734619,2418737802,3103.120988,13823.21604,3983.914404
IR-O-U-0500,Banaras Hindu University,72.77,49.18,99.64,61.5,45.43,Varanasi,Uttar Pradesh,67.21,11,2023,1231.044828,818.2310154,1120057797,1568392347,2352242869,3229.789115,13790.08233,4233.462869
IR-O-U-0108,"Jamia Millia Islamia,New Delhi",69.38,49.83,93.85,83.41,26.4,New Delhi,Delhi,65.52,12,2023,562.7810633,454.804584,1629104759,654849567.2,2325673199,2181.301546,13822.29244,1646.511556
IR-O-U-0575,Jadavpur University,67.63,53.66,90.61,56.79,41.08,Kolkata,West Bengal,64.3,13,2023,1150,1150,1099209962,1512576245,2302573389,3030.753328,14430.55781,4226.708744
IR-O-U-0013,Indian Institute of Technology Hyderabad,74.38,55.13,73.26,59.03,48.36,Hyderabad,Telangana,64.24,14,2023,425,425,1164368295,1947525563,2458101192,3018.440366,14725.35749,4866.153615
IR-O-U-0436,Amrita Vishwa Vidyapeetham,73.39,50.35,73.93,72.47,35.71,Coimbatore,Tamil Nadu,62.74,15,2023,2580,2580,1597750105,2074508473,2522229416,2914.813091,7785.01048,3433.367534
IR-O-U-0234,Manipal Academy of Higher Education-Manipal,72.87,54.02,77.97,66.1,24.39,Manipal,Karnataka,62.71,16,2023,1910.117442,1502.41863,1199190523,794449308.5,2307196702,606.943483,2181.143962,2081.485105
IR-O-U-0490,Vellore Institute of Technology,55.66,63.59,80.43,62.55,45.71,Vellore,Tamil Nadu,62.7,17,2023,7500,7500,589355524.2,1560477500,2702378849,1384.227985,2848.693372,4460.853676
IR-O-U-0439,Anna University,56.24,64.24,74.58,50.29,62.67,Chennai,Tamil Nadu,62.36,18,2023,2470,2470,336764266.2,1522292983,2699568798,1332.426761,2665.696471,4638.942624
IR-O-U-0496,Aligarh Muslim University,68.87,46.88,94.55,60.04,26.4,Aligarh,Uttar Pradesh,62.27,19,2023,365,365,1106410535,690119502.8,2359121691,1329.993162,3397.332215,1569.467243
IR-O-U-0042,University of Hyderabad,70.46,44.54,83.27,66.58,26.83,Hyderabad,Telangana,60.49,20,2023,1691.782058,257,1650616022,455465954.8,2467877880,1262.724004,3325.20169,1592.278658
IR-O-U-0467,National Institute of Technology Tiruchirappalli,59.68,48.55,76.18,68.33,58.95,Tiruchirappalli,Tamil Nadu,60.43,21,2023,964,964,1760198522,1716986947,2696980642,1388.795159,3866.396727,4155.712219
IR-O-U-0120,University of Delhi,46.65,54.3,97.84,63.98,39.84,Delhi,Delhi,60.24,22,2023,3352.976685,4356.187489,1604812111,1796215324,2524876450,1908.728603,3338.380529,3773.023106
IR-O-U-0570,Calcutta University,66.11,42.3,97.37,53.01,29.33,Kolkata,West Bengal,60.22,23,2023,1378.033768,1503.46655,1571861315,938374926.2,2693712985,1029.28274,3128.058182,1949.105739
IR-O-U-0139,Indian Institute of Technology Gandhinagar,74.59,43.13,69.53,69.14,27.47,Gandhinagar,Gujarat,58.89,24,2023,225,225,471858798.5,1068408390,915680190.8,1261.399821,3310.788974,1935.06534
IR-O-U-0391,Birla Institute of Technology  & Science -Pilani,61.65,56.26,74.65,59.16,25.3,Pilani,Rajasthan,58.76,25,2023,2806,2806,489208086.8,782074082.1,837979188.2,731.8473481,1912.176448,2169.301754
IR-O-U-0363,Siksha `O` Anusandhan,69.78,40.1,73.26,73.35,34.11,Bhubaneswar,Odisha,58.35,26,2023,1860,1860,587482773.7,2349292591,3321740397,1611.756666,3326.714258,3571.416777
IR-O-I-1441,Saveetha Institute of Medical and Technical Sciences,69.83,52.18,71.3,67.38,5.37,Chennai,Tamil Nadu,58.14,27,2023,1320,1320,545641746,673238692.6,589186796.9,1036.014407,4964.240657,2082.254335
IR-O-U-0273,Indian Institute of Technology Indore,66.36,52.71,72.96,60.81,16.1,Indore,Madhya Pradesh,58,28,2023,360,360,497357593.8,790161899.3,654640986.9,926.2273796,4493.102109,1995.713535
IR-O-U-0356,Kalinga Institute of Industrial Technology,69.63,38.02,78.87,80.13,14.39,Bhubaneswar,Odisha,57.52,29,2023,3300,3300,373593920.6,487643898.4,354557126.7,725.3064109,3709.849495,894.5929398
IR-O-U-0304,Homi Bhabha National Institute,73.14,49.45,71.36,54.35,6.08,Mumbai,Maharashtra,57.09,30,2023,683.5235156,497.0547085,338905897.7,742883480.9,549210844.3,923.5667715,5143.046326,1575.1425
IR-O-U-0701,Indian Institute of Technology (Banaras Hindu University) Varanasi,54.83,53.2,75.62,57.38,38.07,Varanasi,Uttar Pradesh,57.08,31,2023,1163,1163,319939641.2,1892885746,1825194224,1241.041667,5210.573548,4994.450661
IR-O-U-0473,S.R.M. Institute of Science and Technology,61.62,47.02,74.95,64.61,23.94,Chennai,Tamil Nadu,56.44,32,2023,5550,5550,483433394.2,467417929.2,712088300.2,1236.272002,3843.025755,1428.559388
IR-O-U-0378,Indian Institute of Technology Ropar,73.68,38.46,66.67,66.44,25.52,Rupnagar,Punjab,56.16,33,2023,370,370,425648670.1,537029559.7,1138683394,754.8147366,3165.707969,1042.905193
IR-O-U-0305,Indian Institute of Science Education & Research Pune,72.45,43.72,63.27,63.57,21.81,Pune,Maharashtra,56.05,34,2023,775.7968146,1224.135495,455344273.7,619391995.6,1173943504,1181.381359,4191.436311,1513.996057
IR-O-U-0323,Savitribai Phule Pune University,60.99,39.3,94.63,51.78,15.82,Pune,Maharashtra,55.78,35,2023,1990.194029,1755.069198,181522421.9,481216379.2,419900706.2,824.0825671,2464.740065,940.9175101
IR-O-U-0447,Bharathiar University,63.1,43.77,78.87,51.98,25.52,Coimbatore,Tamil Nadu,55.58,36,2023,1152.001654,1208.640914,105496282.9,590906835.2,445287592.4,1200.740407,3704.854029,1355.110417
IR-O-U-0357,National Institute of Technology Rourkela,59.99,51.67,72.69,60.11,14.68,Rourkela,Odisha,55.52,37,2023,888,888,419872317.4,742944997,622313343.9,973.4191954,4603.187929,2041.258306
IR-O-U-0237,"National Institute of Technology Karnataka, Surathkal",58.46,45.25,75.59,59.23,33.2,Surathkal,Karnataka,55.47,38,2023,2072.043679,2245.874936,294375782.9,2293324266,3148218306,1864.321078,3757.286169,4459.616076
IR-O-U-0368,Jawaharlal Institute of Post Graduate Medical Education & Research,73.6,32.12,72.32,71.51,20.83,Puducherry,Pondicherry,55.41,39,2023,1396.887917,1388.589082,167327955.6,595685619.8,543236590.9,841.3654402,1691.930016,1126.75457
IR-O-I-1480,Thapar Institute of Engineering and Technology (Deemed-to-be-university),62.01,49.73,72.17,64.05,8.15,Patiala,Punjab,55.17,40,2023,2395,2395,410048969.6,551941306.4,625049942.3,873.3792142,4382.532086,1556.941121
IR-O-U-0308,Institute of Chemical Technology,56.32,49.6,77.89,55.88,15.82,Mumbai,Maharashtra,54.53,41,2023,211,211,249942904.5,886169968.4,932653781.4,734.9979546,3694.151125,1213.966621
IR-O-U-0205,Indian Institute of Technology (Indian School of Mines),52.5,54.93,69,58.02,20.33,Dhanbad,Jharkhand,53.86,42,2023,1028,1028,384223608,577167114.6,1118663548,567.965169,2662.67315,2130.397137
IR-O-U-0572,Indian Institute of Science Education & Research Kolkata,68.17,41,70.16,55.58,13.81,Mohanpur,West Bengal,53.72,43,2023,775.3443065,712.3650237,405354485.3,605171688.5,565322734,1411.801605,5158.915339,1780.442036
IR-O-U-0078,Panjab University,51.09,46.65,75.77,59.92,28.52,Chandigarh,Chandigarh,53.31,44,2023,2589.038666,1885.197385,306817081.7,775271038.2,1236062516,1477.501336,4111.452587,1609.091204
IR-O-U-0747,Chandigarh University,63.55,25.22,75.62,80.27,35.18,Mohali,Punjab,53.29,45,2023,3240,3240,436070300.4,2293753341,3165501102,593.4749653,1927.953328,898.396559
IR-O-U-0379,Lovely Professional University,55.92,44.38,66.06,68.34,30.92,Phagwara,Punjab,53.22,46,2023,4150,4150,472470235.2,2357342758,3314914675,1276.176546,4077.666258,2162.71769
IR-O-U-0260,Kerala University,66.66,22.8,96.02,58.87,8.15,Thiruvananthapuram,Kerala,52.75,47,2023,370.7620874,1699.10436,199683883.3,464109884.5,223361304.9,407.2052487,1618.87685,821.4879269
IR-O-U-0458,Kalasalingam Academy of Research and Education,62.66,30.87,74.68,76.42,18.79,Srivilliputtur,Tamil Nadu,52.52,48,2023,1470,1470,213170973.4,528565355.5,688954237.3,686.5274513,2367.978624,1300.364732
IR-O-U-0476,Shanmugha Arts Science Technology & Research Academy,63.88,40.86,68.45,59.4,9.48,Thanjavur,Tamil Nadu,52,49,2023,1920,1920,375486380.8,550824862.3,746806385,1336.116801,5693.997839,1809.023006
IR-O-U-0020,Koneru Lakshmaiah Education Foundation University (K L College of Engineering),62.02,40.74,69.49,57.63,14.68,Vaddeswaram,Andhra Pradesh,51.96,50,2023,3180,3180,399752003.7,538409440.2,781398298.5,1340.00246,5685.123672,1788.776378
IR-O-U-0377,"Indian Institute of Science Education & Research, Mohali",63.52,33.6,68.58,72.34,17.73,Mohali,Punjab,51.86,51,2023,1752.102782,1895.914651,308542067.8,463334716.6,757216632.6,659.77143,3085.823913,1398.630811
IR-O-U-0262,"Mahatma Gandhi University, Kottayam",65.63,38.86,73.44,51.23,6.78,Kottayam,Kerala,51.84,52,2023,1181.460439,1076.023638,215810251.7,348836975.9,521794084.9,857.404974,3460.955291,1206.915046
IR-O-U-0025,National Institute of Technology Warangal,57.69,39.42,73.79,58.99,20.33,Warangal,Telangana,51.83,53,2023,945,945,450168938.9,805622812,1463927117,1273.758139,3437.893434,1509.723251
IR-O-U-0263,National Institute of Technology Calicut,61.05,33.04,73.62,69.11,17.73,Kozhikode,Kerala,51.62,54,2023,920,920,196118076.9,500449122.9,466719747.3,845.3932754,2885.273825,1337.34815
IR-O-U-0222,JSS Academy of Higher Education and Research,68.52,23.47,69.35,74.68,22.05,Mysuru,Karnataka,51.15,55,2023,1334.3787,1438.936719,251248079.5,596678866.5,541355155.8,378.482541,1480.706743,499.3819079
IR-O-U-0435,Alagappa University,61.51,36.63,73.97,52.13,15.54,Karaikudi,Tamil Nadu,50.99,56,2023,1093.668404,709.4248058,189945344.6,604838816.9,628886945.4,791.5886216,2996.240824,1183.588019
IR-O-U-0497,Amity University,47.8,47.16,71.25,64.65,16.65,Gautam Budh Nagar,Uttar Pradesh,50.88,57,2023,1140,1140,427178262.2,784110417.5,982864017.2,1109.858526,3848.595473,1196.304417
IR-O-U-0196,University of Kashmir,70.64,26.93,79.58,53.05,2.77,Srinagar,Jammu and Kashmir,50.77,58,2023,1578.032992,1165.65504,162597779.1,556659197.1,213356755.4,522.9329278,1961.146249,799.2916445
IR-O-U-0329,Symbiosis International,67.62,22.91,77.78,63.18,15.54,Pune,Maharashtra,50.59,59,2023,1679.988057,2117.378373,166094701.2,385305299,200838562.3,287.3144928,1167.887591,517.6329083
IR-O-U-0272,Indian Institute of Science Education & Research Bhopal,69.05,31.54,63.8,68.33,8.15,Bhopal,Madhya Pradesh,50.58,60,2023,445.9694923,644.2100884,237307467.3,778301281.7,833428848.6,596.9496768,2104.115351,1377.227116
IR-O-U-0098,Delhi Technological University,59.19,35.77,66.39,59.17,28.52,New Delhi,Delhi,50.54,61,2023,2529,2529,435117006.1,959793707.6,1463947983,908.74977,3419.316564,1447.989346
IR-O-U-0410,Malaviya National Institute of Technology,54.44,42.78,70.67,60.93,9.8,Jaipur,Rajasthan,50.36,62,2023,832,832,449768341.1,1041220133,1498341216,1373.648884,4410.016958,1796.205255
IR-O-U-0253,Cochin University of Science and Technology,62.4,34.36,73.79,51.74,13.81,Cochin,Kerala,50.34,63,2023,672.9662095,723.3304095,182923693.8,617499851.9,715896706.8,911.6469991,3227.108182,1224.785931
IR-O-U-0027,Osmania University,58.74,31.24,81.26,57.91,9.15,Hyderabad,Telangana,49.94,64,2023,854.88215,1205.985071,188385816.4,600189469.2,528924164,920.2222478,2412.658341,1353.236824
IR-O-I-1357,University of Madras,64.74,32.9,69.4,53.23,14.39,Chennai,Tamil Nadu,49.93,65,2023,587.3860768,614.7900188,171535459.3,467846521.2,567869463.7,764.8145238,3042.913039,1196.67047
IR-O-U-0064,Indian Institute of Technology Patna,52.66,42.86,70.65,57.06,12.92,Patna,Bihar,49.79,66,2023,427,427,260543162.1,746159133.5,1302803720,1300.861578,4439.014512,1730.336066
IR-O-U-0395,Indian Institute of Technology Jodhpur,66.08,31.56,64.6,66.66,9.15,Jodhpur,Rajasthan,49.79,66,2023,490,490,257087993.4,771430306.7,985568011.5,592.0673448,2099.846094,1476.434578
IR-O-U-0584,"Indian Institute of Engineering Science and Technology, Shibpur",53.57,38.83,70.43,58.7,21.07,Howrah,West Bengal,49.79,66,2023,2287.93952,1778.228728,304408751.5,760145939.7,1327001488,907.7634613,3323.423977,1377.277209
IR-O-U-0498,Babasheb Bhimrao Ambedkar University,59.83,24.29,82.07,76.83,2,Lucknow,Uttar Pradesh,49.53,69,2023,1088.026061,1611.140277,90875762.85,216422446.4,24535701.77,453.7031682,1492.490916,573.0774722
IR-O-U-0448,Bharathidasan University,57.54,36.39,74.18,52.05,12.31,Tiruchirappalli,Tamil Nadu,49.45,70,2023,479.2524584,639.0841225,84978979.62,777896309.6,1281238331,891.2435611,3329.624174,1238.201654
IR-O-U-0235,Mysore University,67.43,18.61,87.02,54.62,5.01,Mysuru,Karnataka,49.17,71,2023,0,0,196701156.5,514902335.8,175455135.9,428.0978634,1073.7414,761.578828
IR-O-U-0374,"Dr. B R Ambedkar National Institute of Technology, Jalandhar",57.76,30.74,67.91,66.08,23,Jalandhar,Punjab,49.04,72,2023,1455.482835,1117.107514,295288737.7,1076674980,1478629099,895.6472087,2122.288507,1382.767863
IR-O-U-0184,Indian Institute of Technology Mandi,56.69,37.36,63.04,67.59,14.39,Mandi,Himachal Pradesh,49.03,73,2023,301,301,435403764.6,1089482787,1625188347,657.5324683,2850.93645,1528.130457
IR-O-U-0381,"Punjab Agricultural University, Ludhiana",70.53,28.29,67.48,50.37,7.82,Ludhiana,Punjab,48.97,74,2023,330.4178936,79.56736248,320747797.2,487367686.3,1045444321,727.9678875,2479.482517,769.0008745
IR-O-U-0295,Datta Meghe Institute of Higher Education and Research,67.16,32.85,62.14,64.76,0,Wardha,Maharashtra,48.92,75,2023,4726.979002,4893.261263,148274073.2,813690667.9,1252634875,872.0321125,1714.938727,1472.14847
IR-O-U-0006,"Andhra University, Visakhapatnam",54.39,25.74,84.77,58.63,16.92,Visakhapatnam,Andhra Pradesh,48.54,76,2023,689.2040985,790.6341022,115308164.8,864499213.6,1344517585,737.7712539,2206.538791,771.7406547
IR-O-U-0523,King George`s Medical University,70.83,26.63,63.34,56.64,9.48,Lucknow,Uttar Pradesh,48.52,77,2023,631.15473,208.2223037,217409147.8,898914591.4,859926827.5,471.9988629,2254.279212,785.8896729
IR-O-U-0107,Jamia Hamdard,56.02,32.49,70.37,66.02,11.7,New Delhi,Delhi,48.4,78,2023,1150.25018,1147.075067,126113710.9,1235422891,1583141744,1001.431629,2985.001967,1392.529616
IR-O-U-0564,UPES,58.19,28.69,60.55,67.05,34.47,Dehradun,Uttarakhand,48.34,79,2023,1260,1260,358979906.2,2273404289,3225779744,1095.480897,2195.274475,1848.469414
IR-O-C-16604,Sri Sivasubramaniya Nadar College of Engineering,57.79,37.02,67.61,53.63,8.49,Kalavakkam,Tamil Nadu,48.18,80,2023,780,780,169363819.5,1123457733,1507403346,895.1160226,3837.031029,1191.802239
IR-O-I-1110,Dr. D. Y. Patil Vidyapeeth,70.64,20.55,63.6,62.36,18.53,Pune,Maharashtra,48.17,81,2023,496.9562922,285.0440665,252071301.9,520051583.4,1019669261,411.8529622,1204.973499,440.2087841
IR-O-U-0334,"Visvesvaraya National Institute of Technology, Nagpur",53.93,39.03,68.88,55.67,9.15,Nagpur,Maharashtra,48.15,82,2023,361.8779515,329.1743192,251172576,795502591.8,1277393940,900.9529163,3788.496701,1204.240108
IR-O-U-0055,National Institute of Technology Silchar,51.36,42.81,68.84,54.16,6.78,Silchar,Assam,48.12,83,2023,825,825,145032872.2,815645904.3,1300442552,1341.835134,4514.776341,1903.396952
IR-O-U-0474,Sathyabama Institute of Science and Technology,53.39,35.72,64.67,66.38,16.38,Chennai,Tamil Nadu,47.95,84,2023,2940,2940,402212955.2,1126338831,1558752943,846.6330229,2658.834066,1593.409764
IR-O-U-0136,Gujarat University,64.84,18.62,83.31,59.33,2.77,Ahmedabad,Gujarat,47.91,85,2023,918.6195987,2614.912104,119114240.2,492189099.3,140380780.7,207.2077762,928.8994315,817.8387406
IR-O-U-0691,"All India Institute of Medical Sciences, Rishikesh",70.55,29.68,49.57,69.59,9.48,Rishikesh,Uttarakhand,47.89,86,2023,723.5639285,766.6925565,205368612.7,355445552,876280420.8,700.6748135,2585.295236,1381.616915
IR-O-U-0376,Guru Nanak Dev University,54.75,27.23,77.53,62.47,12.01,Amritsar,Punjab,47.55,87,2023,692.2999754,1744.012769,98256604.27,900029666,1305042862,790.2610966,1776.526633,733.1416932
IR-O-N-10,SVKM`s Narsee Monjee Institute of Management Studies,70.37,21.34,64.97,64.61,5.01,Mumbai,Maharashtra,47.46,88,2023,470.0849866,658.1619904,266962959.5,463153866.5,626551695,341.3173887,1382.064982,387.183165
IR-O-U-0555,Graphic Era University,57.45,22.95,64.11,69.99,33.38,Dehradun,Uttarakhand,47.29,89,2023,1110,1110,301987612.2,2377119506,3151381834,674.4070089,1421.529055,880.5018967
IR-O-U-0577,National Institute of Technology Durgapur,51.12,34.57,72.25,56.11,10.45,Durgapur,West Bengal,46.81,90,2023,876,876,284407499,1030010337,1294875937,1061.960557,3508.499685,1226.880552
IR-O-U-0355,Indian Institute of Technology Bhubaneswar,47.35,37.34,67.86,58.25,19.31,Bhubaneswar,Odisha,46.73,91,2023,355,355,283273942.3,950316129,1553400259,797.3940301,3464.80839,1383.408445
IR-O-U-0249,Visvesvaraya Technological University,58.85,34.69,61.46,57.77,3.53,Belgaum,Karnataka,46.48,92,2023,90,90,175966241.2,380395043.7,833643528.4,1130.20477,3040.709559,1404.776638
IR-O-U-0485,Tamil Nadu Agricultural University,71.27,14.78,69.8,55.16,10.45,Coimbatore,Tamil Nadu,46.33,93,2023,272.7770977,0.066591777,186858580.9,548347863.2,393556776.3,379.6181296,1056.970108,790.2146115
IR-O-U-0463,Madurai Kamaraj University,63.47,24.45,68.37,51.8,10.45,Madurai,Tamil Nadu,46.26,94,2023,213.8418397,474.9194094,115406990.8,470355695.3,462311126.3,694.6884879,2254.53556,817.2524341
IR-O-U-0642,Shiv Nadar University,65.26,24.23,59.23,65.34,9.48,Gautam Buddha Nagar,Uttar Pradesh,46.18,95,2023,186.8014497,0.076261527,198208563.5,304686485,603787481,327.0616459,1718.10601,364.1772157
IR-O-U-0318,Mumbai University,56.15,17.82,86.24,56.27,7.82,Mumbai,Maharashtra,45.86,96,2023,0,0,134655970.3,891615396.3,1103550110,505.4542852,1243.698946,844.1875018
IR-O-U-0389,Banasthali Vidyapith,50.45,17.72,84.22,77.31,8.15,Banasthali,Rajasthan,45.85,97,2023,930,930,152468397.6,793674295.9,1681019331,537.3495484,1380.908788,855.1916938
IR-O-I-1486,Sri Ramachandra Institute of Higher Education and Research,68.85,18.53,62.74,62.9,7.82,Chennai,Tamil Nadu,45.84,98,2023,471.6516029,559.0926118,220590472.2,348215410.1,673902571.9,245.6301218,1041.547382,424.9555433
IR-O-S-8972,Indian Institute of Management Calcutta,60.63,14.58,63.6,66.22,38.4,Kolkata,West Bengal,45.74,99,2023,1768.315369,1574.19224,297282040,1179275921,1792362074,515.2240808,1012.165864,902.5778275
IR-O-U-0217,Christ University,52.14,18.96,67.2,69.84,39.05,Bengaluru,Karnataka,45.65,100,2023,3068.396543,2212.83119,295016119,1891921739,1804861775,577.8986132,871.1182513,960.5868433
IR-O-U-0456,Indian Institute of Technology Madras,88.37,87.3,85.76,65.68,100,Chennai,Tamil Nadu,86.42,1,2024,877,877,1237262298,3794332732,5169949393,3362.367145,12421.25507,3880.570799
IR-O-U-0220,"Indian Institute of Science, Bengaluru",83.6,86.5,82.17,58.46,99.7,Bengaluru,Karnataka,83.28,2,2024,722.0544632,604.769688,1215830848,3723660274,5112973270,3766.381967,12394.22598,4666.094276
IR-O-U-0306,Indian Institute of Technology Bombay,83.85,82.35,83.36,59.05,89.32,Mumbai,Maharashtra,81.37,3,2024,1039,1039,1236006882,3686106240,4147294343,3775.850701,12393.23842,4618.571683
IR-O-I-1074,Indian Institute of Technology Delhi,76.57,86.23,77.48,66.23,93.48,New Delhi,Delhi,80.31,4,2024,1093,1093,1166167794,3351028283,4039847190,3243.326936,14770.22802,3468.423391
IR-O-I-1075,Indian Institute of Technology Kanpur,89.84,69.09,81.96,60.83,74.12,Kanpur,Uttar Pradesh,77.56,5,2024,1210,1210,1192565185,2819054793,3262173725,3758.282035,14663.57643,4324.355402
IR-O-U-0573,Indian Institute of Technology Kharagpur,76.65,74.94,80.18,57.29,75.24,Kharagpur,West Bengal,74.77,6,2024,1262,1262,1151121889,2455607052,3050762847,3974.904277,15051.60972,4392.444872
IR-O-N-15,All India Institute of Medical Sciences Delhi,79.09,71.26,68.66,71.29,82.97,New Delhi,Delhi,74.27,7,2024,1568.006114,1713.51216,1684148458,2715900263,3161567703,2818.120353,10875.78947,3233.103495
IR-O-U-0560,Indian Institute of Technology Roorkee,76.55,70.48,79.14,62.91,52.89,Roorkee,Uttarakhand,71.52,8,2024,1100,1100,1224212741,1959316865,2638231664,3338.414356,15339.18002,4192.413445
IR-O-U-0053,Indian Institute of Technology Guwahati,76.33,64.43,81.35,61.96,43.43,Guwahati,Assam,69.04,9,2024,902,902,1196402363,1582745875,2655002841,3052.896433,14954.88827,4117.139957
IR-O-U-0109,Jawaharlal Nehru University,74.93,45.27,97.34,72.28,57.71,New Delhi,Delhi,68.53,10,2024,416.7150786,505.6727664,1531421686,1896256557,2419312546,3139.201304,13821.53059,4024.036964
IR-O-U-0500,Banaras Hindu University,73.59,51.01,94.94,61.57,50.25,Varanasi,Uttar Pradesh,67.56,11,2024,450.6464715,296.7801489,1120125904,1879515635,2352895373,3241.496606,13848.36235,4226.78229
IR-O-U-0013,Indian Institute of Technology Hyderabad,78.96,56.59,73.33,59.21,54.34,Hyderabad,Telangana,66.69,12,2024,470,470,1168036981,1969334608,2475120600,2962.184477,14862.16932,4921.553656
IR-O-U-0108,Jamia Millia Islamia,71.29,49.28,92.72,83.1,29.78,New Delhi,Delhi,66,13,2024,350,350,1624679191,898101646.9,2558977384,2163.956046,13774.20527,1892.127672
IR-O-U-0234,"Manipal Academy of Higher Education, Manipal",78.11,55.94,77.34,67.33,25.34,Manipal,Karnataka,64.94,14,2024,1509.848677,1272.983095,1203131492,876259725.9,2311710572,2378.450768,14879.76822,2082.713317
IR-O-U-0120,University of Delhi,56.75,56.42,98.54,67.57,43.93,Delhi,Delhi,64.81,15,2024,3062.519943,3235.278108,492925782.9,1542983099,2409370854,3020.907445,13888.10566,4043.71222
IR-O-U-0496,Aligarh Muslim University,74.02,45.91,93.81,61.15,33.15,Aligarh,Uttar Pradesh,64.17,16,2024,365,365,1117718296,2233970649,2557246661,1864.49249,3382.46293,3528.00599
IR-O-U-0575,Jadavpur University,68.83,51.35,89.92,49.94,48.2,Kolkata,West Bengal,63.84,17,2024,1150,1150,1045291552,1181310386,2298669857,1348.311338,4187.677861,4264.570385
IR-O-U-0436,Amrita Vishwa Vidyapeetham,76.51,47.82,77.63,73.83,36.07,Coimbatore,Tamil Nadu,63.81,18,2024,3240,3240,1619417395,2160250977,2512032500,1796.863752,4261.897303,3480.676827
IR-O-U-0490,Vellore Institute of Technology,61.51,61.95,79.42,61.11,39.35,Vellore,Tamil Nadu,62.97,19,2024,7620,7620,576451178.7,1548494572,2721633934,1434.702872,2741.35986,4298.056299
IR-O-U-0439,Anna University,60.32,63.51,71.58,48.93,64.13,Chennai,Tamil Nadu,62.77,20,2024,2290,2290,303691447.1,1602563848,2703771314,1413.778096,2539.41847,4438.501914
IR-O-U-0473,S.R.M. Institute of Science and Technology,71.69,55.43,76.92,68.55,17.02,Chennai,Tamil Nadu,62.07,21,2024,4740,4740,1207199567,782508461.8,2605966119,676.1446359,2019.989351,2034.785334
IR-O-I-1441,Saveetha Institute of Medical and Technical Sciences,72.59,60.87,72.82,66.07,5.79,Chennai,Tamil Nadu,61.79,22,2024,1410,1410,1196759793,686134116.2,2214050282,752.4984269,2371.457344,2030.392163
IR-O-U-0391,"Birla Institute of Technology and Science, Pilani",66.06,57.83,75.19,58.49,28.11,Pilani,Rajasthan,60.87,23,2024,1221.129653,2793.282593,1716940877,1121813138,2905545133,635.019094,2005.383126,2278.550929
IR-O-U-0363,Siksha `O` Anusandhan,74.09,42.19,74.06,72.74,37.65,Bhubaneswar,Odisha,60.73,24,2024,2160,2160,1612972494,1500382941,2772385837,1700.33268,4228.814623,4010.96876
IR-O-U-0042,University of Hyderabad,72.69,45.58,81.39,62.26,25.6,Hyderabad,Telangana,60.55,25,2024,1644.724155,256,1655396215,556648732,2504420745,1260.256633,3465.993762,1496.743378
IR-O-U-0570,Calcutta University,70.01,42.11,92.19,50.17,31.61,Kolkata,West Bengal,60.25,26,2024,1260.802797,1313.143657,1483934614,1292189224,2675118718,1054.193683,3197.474349,2121.928275
IR-O-U-0304,Homi Bhabha National Institute,76.29,52.45,76.95,53.84,7.42,Mumbai,Maharashtra,60.13,27,2024,941.6869485,1135.421475,1601003524,792138748.6,2787054133,888.9096123,3846.423923,2088.26614
IR-O-U-0356,Kalinga Institute of Industrial Technology,74.74,42.01,79.53,76.35,13.72,Bhubaneswar,Odisha,59.94,28,2024,3300,3300,1725904728,574137363.6,2451033176,1196.386239,3411.41113,1639.931147
IR-O-U-0139,Indian Institute of Technology Gandhinagar,76.4,41.53,69.97,69.21,24.82,Gandhinagar,Gujarat,58.77,29,2024,225,225,456914156.4,576644499.3,634848162.4,1190.976303,3261.81409,1624.79759
IR-O-U-0701,Indian Institute of Technology (Banaras Hindu University) Varanasi,57.16,54.95,76.25,57.97,40.09,Varanasi,Uttar Pradesh,58.69,30,2024,1163,1163,324152186.5,1213389057,1830301684,1218.693069,2538.656473,4995.884798
IR-O-U-0467,National Institute of Technology Tiruchirappalli,57.74,48.14,74.21,64.62,55.37,Tiruchirappalli,Tamil Nadu,58.6,31,2024,964,964,532450322.3,1588242042,2054158309,1276.477747,3803.027149,5041.129577
IR-O-U-0747,Chandigarh University,68.5,39.66,78.18,77.52,24.56,Mohali,Punjab,58.3,32,2024,3240,3240,348395011.3,533376133.9,381371108.9,1116.360806,2973.435503,1559.048534
IR-O-U-0273,Indian Institute of Technology Indore,65.54,50.91,71.78,60.73,19.49,Indore,Madhya Pradesh,57.31,33,2024,360,360,433853857.4,786262403.3,613318183.1,848.7132301,4337.176439,2082.309146
IR-O-U-0357,National Institute of Technology Rourkela,63.94,50.54,75.22,59.6,17.02,Rourkela,Odisha,57.04,34,2024,888,888,291289801.5,737855751.6,800640367.6,890.5529843,4245.524685,2034.396261
IR-O-U-0205,Indian Institute of Technology (Indian School of Mines) Dhanbad,59.69,55.05,71.72,59.2,22.93,Dhanbad,Jharkhand,56.97,35,2024,1028,1028,381192657.5,787734893,692660970.6,722.8335109,2850.757781,2100.402255
IR-O-U-0222,JSS Academy of Higher Education and Research,76.68,32.12,69.66,76.95,15.07,Mysuru,Karnataka,55.79,36,2024,2240.241996,2578.635602,118073893.2,551964465.1,515647804.5,598.5090265,1750.783283,884.0538651
IR-O-U-0323,Savitribai Phule Pune University,61.07,39.17,89.65,52.59,24.29,Pune,Maharashtra,55.69,37,2024,559.641281,271.2570263,107283305,479664532,411180537.6,840.3789317,2483.214312,1072.602452
IR-O-U-0260,Kerala University,74.52,26.72,94.82,58.19,4.52,Thiruvananthapuram,Kerala,55.61,38,2024,1652.214737,1008.714687,165163510.2,458639892,162109059.7,359.1656621,1605.659628,739.9897186
IR-O-U-0368,Jawaharlal Institute of Post Graduate Medical Education and Research,72.86,33.47,71.01,70.11,24.02,Puducherry,Pondicherry,55.51,39,2024,1073.508175,1448.489887,185335231.7,589352546.7,522759321.2,805.0584694,2372.585683,1127.128692
IR-O-U-0020,Koneru Lakshmaiah Education Foundation University (K L College of Engineering),67.87,41.54,71.78,66.48,16.38,Vaddeswaram,Andhra Pradesh,55.47,40,2024,3060,3060,388517193,562118666.4,588055607.6,1126.894416,4028.174228,1444.376689
IR-O-U-0006,Andhra University,75.44,26.05,85.19,64.68,10.13,Visakhapatnam,Andhra Pradesh,54.97,41,2024,935.7912923,1286.114475,133530551.4,254026443.8,189274538.2,259.8510322,1003.529344,494.663205
IR-O-U-0305,Indian Institute of Science Education and Research Pune,72.8,41.09,61.53,62.28,21.53,Pune,Maharashtra,54.86,42,2024,470.6232594,870.9749208,424430794.9,443146646.5,1017674446,1140.527268,4107.504366,1527.502051
IR-O-I-1480,Thapar Institute of Engineering and Technology (Deemed-to-be-university),65,43.36,71.19,63.83,17.02,Patiala,Punjab,54.83,43,2024,2500,2500,414326908.4,522475060.3,578259324.7,1186.139123,4153.964772,1502.295881
IR-O-U-0447,Bharathiar University,64.04,42.45,78.16,54.05,18.27,Coimbatore,Tamil Nadu,54.81,44,2024,858.8650058,1026.668876,220948499.3,569648509.8,415903395.8,1207.270551,3839.568492,1517.050117
IR-O-U-0379,Lovely Professional University,57.1,49.75,66.63,69.81,22.1,Phagwara,Punjab,54.58,45,2024,3085,3085,479931523,1084453645,1444014363,831.7196429,3946.735974,1436.472282
IR-O-U-0237,"National Institute of Technology Karnataka, Surathkal",55.75,43.41,74.39,62.79,35.25,Surathkal,Karnataka,54.44,46,2024,2861.438917,2903.813652,489803177.3,2597351779,3161591891,1832.430855,4041.486728,4411.311751
IR-O-U-0476,Shanmugha Arts Science Technology and Research Academy,69.41,37.64,71.47,66.23,11.24,Thanjavur,Tamil Nadu,54.14,47,2024,1980,1980,399669471.6,493016940.3,487763361.5,829.6010435,3785.605754,1318.175637
IR-O-U-0378,Indian Institute of Technology Ropar,68.81,39.95,67.5,65.22,14.74,Rupnagar,Punjab,54.12,48,2024,370,370,406668875.6,464301584.5,685918833.3,1217.513006,4923.610462,1764.403862
IR-O-U-0497,Amity University,56.77,50.31,71.92,65.59,9.75,Gautam Budh Nagar,Uttar Pradesh,54.04,49,2024,1140,1140,460908192.7,1074026110,1381153108,975.7952202,4740.820688,1694.061648
IR-O-U-0458,Kalasalingam Academy of Research and Education,69.75,32.36,74.56,74.3,10.5,Srivilliputhur,Tamil Nadu,54.02,50,2024,1590,1590,179848126.1,394039633.5,529808727.2,640.3286358,2498.398822,1386.039238
IR-O-U-0253,Cochin University of Science and Technology,71.68,35.53,73.76,56.1,14.74,Cochin,Kerala,53.99,51,2024,1589.682913,1000.834251,484123143.7,538393696.6,459555206.5,1012.596675,3566.585033,1288.075222
IR-O-U-0329,Symbiosis International,72.53,27.49,78.53,64.79,17.34,Pune,Maharashtra,53.93,52,2024,1382.467017,1080.440429,148788268.1,444093530.3,278853161,290.0865808,1826.680057,580.62159
IR-O-U-0025,National Institute of Technology Warangal,61.76,42.22,72.75,57.84,22.1,Warangal,Telangana,53.74,53,2024,989,989,459708350.8,601065726.6,638161719.9,1183.317499,3027.59236,1548.116068
IR-O-U-0263,National Institute of Technology Calicut,66.21,32.44,72.82,68.16,26.88,Kozhikode,Kerala,53.66,54,2024,920,920,213322736.6,506753866.1,439285519.1,852.6265714,2460.135136,1319.726087
IR-O-U-0448,Bharathidasan University,65.13,39.14,79.78,53.33,8.99,Tiruchirappalli,Tamil Nadu,53.47,55,2024,771.2173342,1209.099249,214561026.9,610669118,430869944.7,783.4432706,2870.005399,1185.909025
IR-O-U-0308,Institute of Chemical Technology,55.91,45.68,75.08,55.39,23.48,Mumbai,Maharashtra,53.38,56,2024,211,211,373306144.7,860330663.2,1262858960,1261.066296,2924.633973,1426.595457
IR-O-U-0052,Gauhati University,71.82,24.11,88.28,60.98,7.42,Guwahati,Assam,53.28,57,2024,397.6640134,0,215549199.7,394353846.9,191662063.6,319.255419,1476.536884,499.9452183
IR-O-U-0498,Babasaheb Bhimrao Ambedkar University,69.31,25.46,80.94,78.63,7.82,Lucknow,Uttar Pradesh,53.26,58,2024,1673.959249,1718.602469,342830873.9,291356360.3,151852542.6,267.9246212,1594.233753,491.4960176
IR-O-U-0564,UPES,64.11,41.19,60.62,65.76,27.62,Dehradun,Uttarakhand,53.05,59,2024,1205,1205,445416809,717199869.3,1198133328,1100.575125,3294.729305,1720.546637
IR-O-U-0078,Panjab University,54.31,42.01,74.07,63.38,29.55,Chandigarh,Chandigarh,52.99,60,2024,1162.60481,1239.161645,543103038.7,901610518.4,1371043579,1136.80387,2917.866481,2096.532327
IR-O-U-0572,Indian Institute of Science Education and Research Kolkata,68.89,39.53,66.79,54.52,15.73,Mohanpur,West Bengal,52.91,61,2024,646.8758292,360.0537523,348021060.7,810874275.3,1127673397,1124.286697,3515.806273,1489.666115
IR-O-U-0107,Jamia Hamdard,68.66,34.45,70.2,66.17,12.32,New Delhi,Delhi,52.83,62,2024,1023.664575,818.0320632,434746212.9,588304327.7,670161430.7,798.2081606,3795.704745,1325.868027
IR-O-I-1110,Dr. D. Y. Patil Vidyapeeth,74.46,26.12,63.1,61.74,37.45,Pune,Maharashtra,52.72,63,2024,1252.019464,463.1483303,278924366,1197661725,3272698607,385.8311906,1044.578749,720.7276715
IR-O-I-1357,University of Madras,69.31,38.5,65.47,53.22,18.27,Chennai,Tamil Nadu,52.58,64,2024,552.9849633,362.9984543,328434169.3,811443144.8,1391389452,616.2788998,3389.990535,1200.7131
IR-O-U-0377,Indian Institute of Science Education and Research Mohali,67.38,32.89,70.81,66.14,17.34,Mohali,Punjab,52.58,64,2024,444.6788696,783.9041778,219455763,656555630.4,699583151.8,791.5224835,3420.782709,1320.004899
IR-O-U-0098,Delhi Technological University,63.18,37.87,67.5,56.65,29.07,New Delhi,Delhi,52.38,66,2024,2529,2529,349260095.3,889206713.2,949367797.7,745.3706409,3082.761448,1280.713906
IR-O-U-0262,Mahatma Gandhi University,71.36,37.27,70.97,51.09,4.09,Kottayam,Kerala,52.3,67,2024,1721.457241,719.2754308,229398409,512856704.5,674653849.3,1067.849989,3752.057436,1233.219373
IR-O-U-0395,Indian Institute of Technology Jodhpur,71.5,34.91,63.56,67.12,8.99,Jodhpur,Rajasthan,52.24,68,2024,490,490,427684824.7,719968968.4,1083392182,665.2039894,2713.269207,1411.57703
IR-O-U-0196,University of Kashmir,71.14,31.25,79.72,51.14,3.66,Srinagar,Jammu and Kashmir,52.14,69,2024,2094.500886,1790.789337,125276753.9,397703334.3,361135931.6,1048.440322,2021.757742,1227.675796
IR-O-U-0027,Osmania University,64.75,28.77,85.33,58.05,10.87,Hyderabad,Telangana,52.02,70,2024,1808.952197,3379.954238,216376665.5,527712336.1,481717298,850.5713755,2607.716781,1730.270663
IR-O-U-0295,Datta Meghe Institute of Higher Education and Research,71.49,38.33,61.26,64.14,1.41,Wardha,Maharashtra,51.75,71,2024,818.1712506,138.5811908,247163447.7,226963688.5,623281014.5,823.6044396,2989.378818,1383.594262
IR-O-U-0184,Indian Institute of Technology Mandi,65.48,38.39,61.96,70.37,10.87,Mandi,Himachal Pradesh,51.68,72,2024,301,301,320457995.8,486040567,778589869.7,544.8081951,2770.634518,1327.446144
IR-O-U-0064,Indian Institute of Technology Patna,60.25,42.04,70.12,54.1,11.24,Patna,Bihar,51.24,73,2024,547,547,163855869.8,676872663.8,693317317.4,1240.040111,4352.764235,1719.812779
IR-O-U-0691,All India Institute of Medical Sciences Rishikesh,74.07,35.35,50.68,69.13,13.37,Rishikesh,Uttarakhand,51.22,74,2024,0,0,393579360.5,525937700.3,821741272,619.7151704,2539.637887,1332.764509
IR-O-U-0574,"Indian Statistical Institute, Kolkata",68.05,32.99,67.59,45.27,27.37,Kolkata,West Bengal,51.1,75,2024,529.538624,637.1952314,162240886.8,736930864.4,783440439,1099.303037,3205.612571,1310.710931
IR-O-U-0435,Alagappa University,65.88,35.3,73.76,51.91,7.82,Karaikudi,Tamil Nadu,51.07,76,2024,1248.151535,762.0943809,155559037.9,573324866.3,614518700.4,986.1580497,3352.742065,1199.80493
IR-O-U-0334,Visvesvaraya National Institute of Technology Nagpur,62.96,37.25,68.6,55.82,16.7,Nagpur,Maharashtra,51.03,77,2024,855,855,306363640.7,686312732.7,739877526.6,680.4695267,3021.718103,1178.650488
IR-O-U-0272,Indian Institute of Science Education and Research Bhopal,69.14,31.99,65.96,67.87,6.2,Bhopal,Madhya Pradesh,50.94,78,2024,438.6646562,468.319278,218622469.9,655001285.4,1154127371,872.0412043,2526.17312,1333.140157
IR-O-U-0555,Graphic Era University,59.9,33.86,62.93,66.08,32.5,Dehradun,Uttarakhand,50.58,79,2024,1110,1110,431184874.4,1954267516,3258907646,1227.175087,2604.66683,1512.912445
IR-O-U-0381,Punjab Agricultural University,74.19,32.43,64.12,49.58,7.82,Ludhiana,Punjab,50.55,80,2024,1285.797624,833.1378159,177262847.6,686211492.3,1188392281,820.3729104,1789.000961,1358.614727
IR-O-C-16604,Sri Sivasubramaniya Nadar College of Engineering,61.3,39.4,67.32,57.14,10.5,Kalavakkam,Tamil Nadu,50.43,81,2024,780,780,284021034.5,718846160.3,1044656077,1166.496733,4320.7578,1719.245149
IR-O-U-0410,Malaviya National Institute of Technology,58.02,42.66,69.7,52.47,10.13,Jaipur,Rajasthan,50.41,82,2024,811,811,118766333.2,852762787.3,1407646113,1321.560537,4419.611476,1676.146537
IR-O-U-0689,All India Institute of Medical Sciences Jodhpur,72.7,33.93,56.36,60.62,6.2,Jodhpur,Rajasthan,49.94,83,2024,229.6779072,0,329032990.1,465062104.9,983496376.2,976.9852474,2838.362453,1393.560594
IR-O-N-10,SVKM`s Narsee Monjee Institute of Management Studies,74,24.83,64.38,65.17,5.37,Mumbai,Maharashtra,49.59,84,2024,721.8199518,899.5488877,252281948.5,504639835.1,714806878.5,299.7078504,1210.707602,413.9096239
IR-O-U-0474,Sathyabama Institute of Science and Technology,59.05,36.3,63.32,70.64,11.96,Chennai,Tamil Nadu,49.52,85,2024,2580,2580,405236637.5,559982554.8,1223280263,659.301461,2590.531253,1431.167695
IR-O-U-0235,Mysore University,70.8,19.35,79.51,57.96,7.02,Mysuru,Karnataka,49.45,86,2024,546.2439569,1164.932371,158356648.9,455430641.3,175293747,278.0257916,1187.165613,747.9446435
IR-O-U-0195,University of Jammu,72.95,23.43,74.91,52.72,2.32,Jammu,Jammu and Kashmir,49.4,87,2024,1339.218264,1349.486237,173713423.9,519201072.5,415445458.7,576.9947373,1510.005354,712.9821192
IR-O-U-0523,King George`s Medical University,72.12,27.45,62.81,56.24,9.37,Lucknow,Uttar Pradesh,48.98,88,2024,594.9565351,518.5212385,212838504.9,668835606.7,833469521.9,464.6131063,2226.839244,782.6116508
IR-O-U-0190,Shoolini University of Biotechnology and Management Sciences,54.64,39.24,68.7,65.98,4.52,Solan,Himachal Pradesh,48.95,89,2024,190,190,325943693.3,1148950462,1461926136,1090.123341,3781.535955,1452.319964
IR-O-U-0217,Christ University,58.34,22.05,66.49,72.84,39.72,Bengaluru,Karnataka,48.66,90,2024,660,660,319080681.9,1255982477,1793996255,676.6029124,1466.528026,860.4241689
IR-O-U-0446,Bharath Institute of Higher Education and Research,67.46,22.62,67.73,71.19,9.37,Chennai,Tamil Nadu,48.64,91,2024,503.5762046,625.7647969,236869611.2,372237183.9,428886677.2,339.0012995,1364.956739,381.8585263
IR-O-U-0055,National Institute of Technology Silchar,50.88,43.7,69.93,56.42,5.37,Silchar,Assam,48.55,92,2024,825,825,237937980.8,1076396409,1306920698,1518.407329,4620.888474,1868.724694
IR-O-U-0577,National Institute of Technology Durgapur,57.81,32.74,71.05,57.97,11.24,Durgapur,West Bengal,48.29,93,2024,876,876,88064206.6,1075355039,1606188152,998.8028379,3145.32112,1386.010458
IR-O-U-0136,Gujarat University,67.97,17.53,81.99,57,4.09,Ahmedabad,Gujarat,48.16,94,2024,354.551494,456.6493991,187609808.1,484383454.2,154302321.6,238.787158,1087.991738,758.7095577
IR-O-U-0642,Shiv Nadar University,71.43,25.51,59.74,66.79,4.09,Gautam Buddha Nagar,Uttar Pradesh,48.12,95,2024,1232.054794,354.534706,183916674.1,171468913.9,351696307.3,320.1385989,1432.649552,219.3814122
IR-O-I-1486,Sri Ramachandra Institute of Higher Education and Research,72.73,22.22,62.46,62.99,8.21,Chennai,Tamil Nadu,48.1,96,2024,481.1752573,255.3408647,205067956.5,373345109.4,699284392.4,324.1317491,1188.001462,410.314911
IR-O-U-0003,Acharya Nagarjuna University,64.38,17,82.97,65,2.32,Guntur,Andhra Pradesh,47.73,97,2024,325.8884544,1877.746348,107235147.9,229590138.4,226057305.1,163.6763459,896.1424353,550.2507199
IR-O-U-0331,Tata Institute of Social Sciences,66.96,15.83,71.49,72.19,11.96,Mumbai,Maharashtra,47.56,98,2024,712.7043529,939.5139258,147035151.6,453697751.5,322890709.9,253.7989385,1001.449794,402.1826286
IR-O-U-0686,All India Institute of Medical Sciences Patna,69.57,20.49,60,66.08,19.19,Patna,Bihar,47.55,99,2024,98.36500219,0,217278688.2,412861842.7,998905845.4,403.0886858,1087.816351,300.2149265
IR-O-U-0470,Periyar University,61.51,29.46,69.58,59.86,2.32,Salem,Tamil Nadu,47.43,100,2024,1229.153673,1963.800514,94787494.37,556345326.2,558569231.4,1077.428798,2266.1623,1481.509955
IR-O-U-0456,Indian Institute of Technology Madras,90.58,88.02,87.01,63.34,100,Chennai,Tamil Nadu,87.31,1,2025,877,877,1281918583,3798214880,5169949393,3784.122424,12512.43478,4285.072691
IR-O-U-0220,Indian Institute of Science,86.47,88.16,83.69,60.29,98.41,Bengaluru,Karnataka,85,2,2025,870.2906463,1175.411298,1227959516,3808408180,5129094584,3780.827217,12408.59882,4669.577604
IR-O-U-0306,Indian Institute of Technology Bombay,83.79,83.05,86.04,60.13,83.35,Mumbai,Maharashtra,81.62,3,2025,1059,1059,1264390774,3789432947,4161956438,3782.699814,12509.32609,4172.820276
IR-O-I-1074,Indian Institute of Technology Delhi,80.52,86.67,74.71,63.54,92.23,New Delhi,Delhi,80.67,4,2025,1093,1093,1207266764,3595231938,4061426313,3757.61543,14672.77646,4320.031177
IR-O-I-1075,Indian Institute of Technology Kanpur,86.36,72.12,82.01,60.38,72.56,Kanpur,Uttar Pradesh,77.25,5,2025,1210,1210,1194236296,2846937005,3268607942,3970.700443,14665.18116,4382.643492
IR-O-U-0573,Indian Institute of Technology Kharagpur,77.73,71.21,81.52,60.63,69.51,Kharagpur,West Bengal,73.99,6,2025,943,943,1177383909,2587540835,3224980544,3969.206487,14668.2355,4176.900408
IR-O-U-0560,Indian Institute of Technology Roorkee,73.06,72.05,82.9,64.95,51.24,Roorkee,Uttarakhand,71.73,7,2025,1100,1100,1227255696,1886192423,3117387861,3268.872205,15302.06966,4132.863521
IR-O-N-15,"All India Institute of Medical Sciences, Delhi",75.64,65.06,68.65,70.92,75.4,New Delhi,Delhi,70.57,8,2025,1707.810952,1786.895856,1601153834,2584223793,2713248904,2747.119746,12161.66775,3181.407168
IR-O-U-0109,Jawaharlal Nehru University,75.53,45.59,99.93,78.82,54.13,New Delhi,Delhi,69.62,9,2025,2049.999511,2233.900235,1598162069,1923755645,2410334401,3129.516762,13814.41151,3681.387548
IR-O-U-0500,Banaras Hindu University,76.41,51.17,95.42,65.95,47.63,Varanasi,Uttar Pradesh,68.71,10,2025,618.5541338,361.7111942,1148806319,1885031381,2378579355,3108.177918,13930.07015,4057.418419
IR-O-U-0053,Indian Institute of Technology Guwahati,68.27,67.16,82.12,62.73,43.52,Guwahati,Assam,67.67,11,2025,1008,1008,1178690295,1577141390,2660272291,3129.334833,14984.38278,4450.611867
IR-O-U-0013,Indian Institute of Technology Hyderabad,79.81,56.77,73.89,58.56,54.35,Hyderabad,Telangana,67.04,12,2025,595,595,1167579836,1969334608,2478881957,3275.318613,14862.16932,4927.400899
IR-O-U-0108,Jamia Millia Islamia,73.81,50.03,92.56,83.83,29.47,New Delhi,Delhi,66.99,13,2025,350,350,1625418194,911284829.4,2570038927,2374.363785,13858.01853,2018.231708
IR-O-U-0234,Manipal Academy of Higher Education-Manipal,79.44,61.76,78.52,67.71,20.28,Manipal,Karnataka,66.86,14,2025,1233.078872,1491.139207,1204419866,840179406.6,2101643281,2319.075636,15004.50525,2082.713317
IR-O-U-0120,University of Delhi,60.65,58.51,96.94,70.15,40.55,Delhi,Delhi,66.19,15,2025,2956.508668,2868.078496,487899468.7,1564038089,2401696088,3011.000505,13853.86258,3917.546016
IR-O-U-0391,Birla Institute of Technology  & Science -Pilani,72.16,63.27,77.74,61.42,27.41,Pilani,Rajasthan,65.06,16,2025,2961,2961,1177422315,1033285881,2756839722,663.4485629,2274.070629,2305.307195
IR-O-U-0436,Amrita Vishwa Vidyapeetham,76.85,51.06,81.91,71.42,30.67,Coimbatore,Tamil Nadu,64.97,17,2025,3180,3180,1566502916,1870197826,2634019917,689.308397,3315.09565,2421.935105
IR-O-U-0575,Jadavpur University,71.61,52.19,87.82,52.34,44.1,Kolkata,West Bengal,64.34,18,2025,1150,1150,1050404457,1542871932,2375058542,1385.437685,4188.576439,4350.288891
IR-O-U-0496,Aligarh Muslim University,71.5,48.04,93.79,64.58,26.77,Aligarh,Uttar Pradesh,63.76,19,2025,365,365,1144053183,574179986.5,2330235613,860.0030923,3344.080896,1511.208661
IR-O-U-0304,Homi Bhabha National Institute,76.94,54.16,84.47,56.4,11.67,Mumbai,Maharashtra,63.03,20,2025,1065.946057,1717.819857,1162139213,779021816.1,2350119095,666.3490687,2558.449405,2059.590928
IR-O-U-0490,Vellore Institute of Technology,60.55,59.53,83.42,60.61,41.16,Vellore,Tamil Nadu,62.88,21,2025,7620,7620,462433125,1557719728,2270016681,1435.955872,2743.265755,4826.475762
IR-O-U-0473,S.R.M. Institute of Science and Technology,70.31,54.56,82.47,68.94,20.28,Chennai,Tamil Nadu,62.87,22,2025,5040,5040,1198648732,542414569.5,2314620301,644.8281336,2028.287495,2073.807405
IR-O-I-1441,Saveetha Institute of Medical and Technical Sciences,76.12,56.28,73.63,71.44,6.42,Chennai,Tamil Nadu,62.23,23,2025,1410,1410,1641861598,691008291.4,2391284919,672.7833236,2341.190744,2030.060657
IR-O-U-0101,Indian Agricultural Research Institute,74.07,46.15,80.08,78.51,16.61,New Delhi,Delhi,61.59,24,2025,3564.086482,3394.778187,1727098237,447193689.5,2458893790,1233.196833,3204.847853,1427.094259
IR-O-U-0363,Siksha `O` Anusandhan,75.45,42.48,77.23,73.03,28.87,Bhubaneswar,Odisha,61.01,25,2025,2460,2460,1678266910,1080621865,2916566766,1202.889035,3348.814899,2242.655305
IR-O-U-0042,University of Hyderabad,73.24,44.59,78.52,63.01,29.68,Hyderabad,Telangana,60.32,26,2025,1878.381769,274,1621084183,974811333.6,2879599801,1086.901664,3364.04119,2104.095241
IR-O-U-0356,Kalinga Institute of Industrial Technology,74.01,43.99,80.53,77.74,8.46,Bhubaneswar,Odisha,60.13,27,2025,3300,3300,1722778924,403673223,2476458014,1249.819286,3588.926949,1815.616244
IR-O-U-0273,Indian Institute of Technology Indore,70.95,55.01,70.76,64.23,17.69,Indore,Madhya Pradesh,60.13,27,2025,360,360,1614175238,765009565,2690589187,675.9132447,2079.202893,2060.848332
IR-O-U-0439,Anna University,62.63,54.88,67.82,51.3,61.18,Chennai,Tamil Nadu,60.06,29,2025,2380,2380,1513287584,1483972668,2540462009,1506.389189,2537.587972,5127.702501
IR-O-U-0467,National Institute of Technology Tiruchirappalli,59.31,50.4,74.23,66.37,56.51,Tiruchirappalli,Tamil Nadu,60.05,30,2025,964,964,1736574540,1575034045,2532902653,1291.669193,3790.642658,4295.373766
IR-O-U-0701,Indian Institute of Technology (Banaras Hindu University) Varanasi,57.05,57.79,77.97,60.88,38.97,Varanasi,Uttar Pradesh,60.03,31,2025,1163,1163,1697162762,1198208439,2516910777,1265.040784,2661.083483,4969.22911
IR-O-U-0747,Chandigarh University,65.11,49.13,78.05,74.25,22.48,Mohali,Punjab,59.55,32,2025,3210,3210,252021673.9,783735734.5,433380440.7,709.8707845,2896.297908,1459.442308
IR-O-U-0079,Post Graduate Institute of Medical Education and Research,73.74,54.65,55.7,68.41,26.56,Chandigarh,Chandigarh,59.15,33,2025,2620.85695,2033.947825,420841813.2,701296547.1,1061301652,576.5489516,1722.763367,2064.825581
IR-O-U-0357,National Institute of Technology Rourkela,64.87,53.58,76.96,60.45,15.78,Rourkela,Odisha,58.55,34,2025,888,888,313842130.3,744778405.7,749421503.8,573.9495459,1759.357128,2015.422466
IR-O-U-0205,Indian Institute of Technology (Indian School of Mines),62.12,55.35,73.56,60.64,23.19,Dhanbad,Jharkhand,58.33,35,2025,1028,1028,477262272.6,712416842.1,644697186.4,538.1440468,1501.509266,2091.892869
IR-O-U-0064,Indian Institute of Technology Patna,69.77,47.23,72.43,64.12,16.34,Patna,Bihar,57.63,36,2025,582,582,455089360.3,498458689.5,622075943.1,1180.747798,4218.039489,1354.244964
IR-O-U-0497,Amity University,62.88,55.83,74.32,63.12,7.11,Gautam Budh Nagar,Uttar Pradesh,57.49,37,2025,1775,1775,456114481.4,493337130.8,728554499.6,659.7770354,3454.739744,2012.094161
IR-O-U-0222,JSS Academy of Higher Education and Research,76.72,35.68,71.51,79.49,14.64,Mysuru,Karnataka,57.43,38,2025,2750.085498,3352.284492,527968137.8,594812944.8,728490983.7,787.3215874,3316.289225,859.3020406
IR-O-U-0139,Indian Institute of Technology Gandhinagar,73.24,41.27,69.35,67.92,20.03,Gandhinagar,Gujarat,57.01,39,2025,225,225,424946164.6,474754013.8,578898210.1,1107.557493,4096.185889,1557.733758
IR-O-U-0329,Symbiosis International,73.49,38.34,72.97,64,23.19,Pune,Maharashtra,56.86,40,2025,600,600,459483391.4,411428618.3,456490551.8,737.2747081,2793.006012,1150.389888
IR-O-U-0006,"Andhra University, Visakhapatnam",75.27,26.41,86.6,73.86,14.07,Visakhapatnam,Andhra Pradesh,56.62,41,2025,979.6673965,1900.971593,98505729.68,283696893.6,199886187.3,281.8623378,1137.619421,488.0703953
IR-O-U-0260,Kerala University,71.19,29.64,94.62,64.07,6.76,Thiruvananthapuram,Kerala,56.26,42,2025,672.1279182,696.3337805,142887767.1,249739518.4,264791765.7,701.2575664,1627.189593,1104.824751
IR-O-U-0368,Jawaharlal Institute of Post Graduate Medical Education & Research,75.73,33.76,70.9,70.67,21.27,Puducherry,Pondicherry,56.23,43,2025,963.4173179,1535.979247,430969009.5,596873800.3,524413797,897.1896676,2937.158461,1267.614177
IR-O-I-1480,Thapar Institute of Engineering and Technology (Deemed-to-be-university),68.42,45.12,72.16,65.69,11.36,Patiala,Punjab,56.21,44,2025,2500,2500,413239396.3,540490548.8,537215938.9,1252.764512,4661.51364,1641.996778
IR-O-U-0263,National Institute of Technology Calicut,72.96,36.05,72.32,67.54,22.48,Kozhikode,Kerala,56.16,45,2025,920,920,479379481.9,591718326.1,544212681.1,865.7498655,3065.697239,1319.174365
IR-O-U-0020,Koneru Lakshmaiah Education Foundation University (K L College of Engineering),69.03,45.33,73.12,66.74,3.89,Vaddeswaram,Andhra Pradesh,55.99,46,2025,3420,3420,450069256.7,478113488.6,385247941.6,1370.533451,4646.99836,1627.737324
IR-O-U-0570,Calcutta University,64.81,37.24,88.18,51.81,24.79,Kolkata,West Bengal,55.91,47,2025,469.5045289,401.1472379,123727813.8,484666763.6,372141991.7,838.0550969,2658.218922,1254.463181
IR-O-U-0458,Kalasalingam Academy of Research and Education,70.43,36.39,74.68,76.54,10.42,Krishnan Koil,Tamil Nadu,55.68,48,2025,1719,1719,419533877,417561205.3,540851849,723.8399697,3367.520089,1237.213512
IR-O-U-0379,Lovely Professional University,58.1,49.4,69.31,69.89,23.88,Phagwara,Punjab,55.49,49,2025,6095,6095,466939325.1,850377535.9,1235434358,709.2448076,3910.868263,1462.04874
IR-O-U-0253,Cochin University of Science and Technology,72.74,39.25,75.69,58.95,7.45,Cochin,Kerala,55.38,50,2025,1475.157337,1189.85523,316825712.7,517477312.1,638048847.8,899.9230007,3814.472433,1455.091975
IR-O-U-0476,Shanmugha Arts Science Technology & Research Academy,71.76,36.5,74.04,71.78,8.46,Thanjavur,Tamil Nadu,55.32,51,2025,2220,2220,442161156,410442011.1,597792011,773.8038513,3383.661939,1398.017685
IR-O-U-0052,Gauhati University,73.43,26.49,89.46,64.21,9.78,Guwahati,Assam,55.27,52,2025,683.3219841,281.0614305,156975293.5,258894712.4,194274824.6,250.6390945,1131.820219,565.6780367
IR-O-U-0027,Osmania University,75.88,27.86,86.93,57.17,10.1,Hyderabad,Telangana,55.24,53,2025,455.7630614,577.3723656,149637910.4,462289622.8,309111137.4,385.6397051,1534.243358,799.2230164
IR-O-U-0237,"National Institute of Technology Karnataka, Surathkal",59.76,44.19,73.98,62.67,29.47,Surathkal,Karnataka,55.21,54,2025,2392.256954,1882.17817,501744470.8,754472074.6,682467701.7,943.3676356,2808.668064,2100.469731
IR-O-U-0305,Indian Institute of Science Education & Research Pune,69,44.43,60.39,64.23,23.65,Pune,Maharashtra,54.9,55,2025,1145.533333,1091.781208,471467049.1,585014609.3,1064222625,1014.535708,3250.700138,1519.090405
IR-O-U-0378,Indian Institute of Technology Ropar,65.95,42.3,70.37,63.66,18.48,Rupnagar,Punjab,54.76,56,2025,395,395,439331405.7,600668108,603991763.5,1116.092628,3436.577407,1499.403783
IR-O-U-0078,Panjab University,56.77,41.58,80.37,65.25,25.46,Chandigarh,Chandigarh,54.65,57,2025,698,698,313978463.2,873368698.8,1142172163,1227.729672,2685.321819,1568.462408
IR-O-U-0184,Indian Institute of Technology Mandi,69.11,41.59,65.15,69,13.78,Mandi,Himachal Pradesh,54.52,58,2025,308,308,443633352,683912494.1,943825244.3,1069.123519,3627.442163,1780.716331
IR-O-U-0196,University of Kashmir,74.05,34.74,79.88,50.9,6.07,Srinagar,Jammu and Kashmir,54.31,59,2025,144.8193729,773.7359687,237963869.1,460083110,344562107.2,1056.232464,2597.648296,1253.74569
IR-O-U-0236,"National Institute of Mental Health & Neuro Sciences, Bangalore",72.77,40.41,66.64,56.46,13.48,Bengaluru,Karnataka,54.28,60,2025,694.6720134,506.4213431,451309107.4,812420434.6,970147579.8,1156.377274,4089.19481,1780.672966
IR-O-U-0448,Bharathidasan University,61.36,40.81,83.97,51.54,12.28,Tiruchirappalli,Tamil Nadu,53.82,61,2025,660.3294322,1353.39074,208308035.5,580667790.6,546119281,1254.720652,3515.908145,1776.248365
IR-O-U-0098,Delhi Technological University,64.13,41.43,71.27,56.21,22,New Delhi,Delhi,53.74,62,2025,2529,2529,454417374.6,679870280.5,781512864.2,1231.502041,3456.234184,1544.421106
IR-O-U-0025,National Institute of Technology Warangal,58.72,43.85,72.82,55.83,23.19,Warangal,Telangana,53.23,63,2025,989,989,490329446.5,666957895.6,696067415.4,1115.200233,2991.459228,1534.355902
IR-O-U-0308,Institute of Chemical Technology,59.08,47.2,71.48,54.16,16.06,Mumbai,Maharashtra,53.22,64,2025,211,211,275105241.4,748375690.5,803716309.1,1155.936343,3054.663485,1293.12207
IR-O-U-0564,UPES,62.97,45.6,60.78,65.41,19.52,Dehradun,Uttarakhand,53.22,64,2025,1470,1470,478872724.3,574131520.5,1268991405,1014.317816,2987.968453,1442.33154
IR-O-U-0395,Indian Institute of Technology Jodhpur,70.37,39.2,63.41,67.38,8.8,Jodhpur,Rajasthan,53.17,66,2025,530,530,435319954,769816476.1,1079738164,589.6455908,2754.474039,1404.823772
IR-O-U-0572,Indian Institute of Science Education & Research Kolkata,67.56,40.58,68.46,52.39,16.61,Mohanpur,West Bengal,53.04,67,2025,248.6206103,424.9977944,240466411.7,695721331.4,950251265.8,1097.657856,3511.129111,1481.60275
IR-O-I-1357,University of Madras,69.12,35.08,70.84,52.79,21.76,Chennai,Tamil Nadu,52.89,68,2025,765.1095522,429.2164846,301993842.7,671463604.6,768422693.4,908.0054027,2623.664571,1201.841341
IR-O-U-0498,Babasheb Bhimrao Ambedkar University,69.26,23.93,80.92,80.25,5.35,Lucknow,Uttar Pradesh,52.71,69,2025,1547.345814,1447.469831,138697370.9,243854640.5,110758830.5,286.7462477,1506.374695,416.2209236
IR-O-U-0377,"Indian Institute of Science Education & Research, Mohali",62.9,34.68,72.82,71.14,17.42,Mohali,Punjab,52.68,70,2025,1194.553209,962.462763,379915163.2,582333286.8,740558377.1,803.6356495,3521.252701,1346.04862
IR-O-I-1110,Dr. D. Y. Patil Vidyapeeth,74.43,27.91,65.77,62.66,25.46,Pune,Maharashtra,52.67,71,2025,482.4714908,448.4635581,252370702,692511682,1315406878,392.3490269,1069.925075,501.4855735
IR-O-U-0555,Graphic Era University,60.52,41.01,62.97,63.43,30.47,Dehradun,Uttarakhand,52.44,72,2025,1110,1110,420300301.8,934897964.8,1440947124,987.6585297,3828.241882,2091.937842
IR-O-U-0435,Alagappa University,64.62,33.07,73.27,55.96,27.2,Karaikudi,Tamil Nadu,52.27,73,2025,1236.582586,1147.595085,136027523,785708738.1,702464220.9,910.8930098,2917.082134,1302.17369
IR-O-U-0107,Jamia Hamdard,64.66,34.02,71.31,66.74,16.61,New Delhi,Delhi,52.2,74,2025,946.3902723,1059.569433,326184895.7,662809582.9,773404078.5,765.349112,3218.021259,1315.534598
IR-O-U-0272,Indian Institute of Science Education & Research Bhopal,68.49,33.71,70.1,67.04,6.07,Bhopal,Madhya Pradesh,51.99,75,2025,738.249092,856.9431107,312909816.7,587469287.6,733010981.6,1073.100115,3555.695854,1348.885459
IR-O-U-0447,Bharathiar University,57.6,40.69,76.94,52.76,17.96,Coimbatore,Tamil Nadu,51.96,76,2025,413.1521734,496.2615325,136115994.8,1055305583,1447232779,1273.012004,3941.418502,1479.504205
IR-O-U-0410,Malaviya National Institute of Technology,58.82,45.57,69.93,60.75,4.99,Jaipur,Rajasthan,51.88,77,2025,811,811,311806064.9,794561677.2,852992500,1439.710004,4448.309102,1511.04401
IR-O-U-0691,All India Institute of Medical Sciences Rishikesh,71.66,34.73,55.04,73.95,14.36,Rishikesh,Uttarakhand,51.77,78,2025,713.7812145,333.258503,360694951.1,526899090.2,989050863.3,682.0868182,2623.807191,1330.592091
IR-O-U-0262,"Mahatma Gandhi University, Kottayam",71.2,34.03,71.68,54.33,3.89,Kottayam,Kerala,51.73,79,2025,1680.753775,1611.019745,211099686.4,686244559.5,761702029.1,1229.216167,3413.840741,1195.963319
IR-O-U-0355,Indian Institute of Technology Bhubaneswar,59.3,38.39,68.29,61.88,20.03,Bhubaneswar,Odisha,51.16,80,2025,355,355,352666899,553742122.4,1016167723,690.8203531,3273.964596,1337.815318
IR-O-U-0381,Punjab Agricultural University,72.79,37.6,60.95,50.75,6.42,Ludhiana,Punjab,51.03,81,2025,398.3562079,567.5594554,254710322.7,293405203,902488718.9,792.8071568,2869.756669,1181.164609
IR-O-C-16604,Sri Sivasubramaniya Nadar College of Engineering,61.82,40.52,66.99,58.09,11.05,Kalavakkam,Tamil Nadu,51.01,82,2025,840,840,279174560.3,895069195.9,1276152032,1171.502894,4297.910984,1725.948805
IR-O-U-0523,King George`s Medical University,75.27,30.37,62.46,60.52,7.11,Lucknow,Uttar Pradesh,50.94,83,2025,725.7004315,401.142818,168218400.1,740741430.1,1249743095,732.2046223,1280.617982,1465.815225
IR-O-U-0295,Datta Meghe Institute of Higher Education and Research,68.47,38.55,61.69,64.26,0.41,Wardha,Maharashtra,50.92,84,2025,3791.549983,6682.881848,262237308.5,517366878.6,952981256.8,887.9541391,2909.761744,1386.923793
IR-O-U-0642,Shiv Nadar University,72.19,26.47,65.82,66.64,13.78,Gautam Buddha Nagar,Uttar Pradesh,50.8,85,2025,798.1187192,820.8079145,217450336.7,592111770.6,857375671.8,346.8028185,1876.704949,462.1359407
IR-O-U-0334,"Visvesvaraya National Institute of Technology, Nagpur",59.65,37.73,69.12,58.36,12.59,Nagpur,Maharashtra,50.14,86,2025,1426.927995,1474.590432,261432099.4,392664951.7,852285792.5,752.7166585,3760.200229,1362.219868
IR-O-U-0195,University of Jammu,71.09,24.66,78.84,52.57,3.52,Jammu,Jammu and Kashmir,50.11,87,2025,1524.390291,1119.397072,142416968.2,484793178.8,94185471.19,552.8592325,1852.231334,718.8220193
IR-O-U-0485,Tamil Nadu Agricultural University,73.14,19.42,78.02,59.08,7.45,Coimbatore,Tamil Nadu,50.03,88,2025,841.0239494,1199.24968,168829283.2,505470696.5,175972164.6,241.9932303,1020.578418,750.7236326
IR-O-U-0014,International Institute of Information Technology Hyderabad,68.83,34.96,52.52,63.68,19,Hyderabad,Telangana,49.91,89,2025,210,210,384855703.6,457854599.1,1308981104,654.2662116,2651.442035,1358.4344
IR-O-U-0446,Bharath Institute of Higher Education & Research,71.35,21.13,70.62,71.43,8.46,Chennai,Tamil Nadu,49.85,90,2025,1010.444274,1475.487557,111376829.2,481810850.3,346839179.9,365.3090323,1445.873,385.8681325
IR-O-U-0323,Savitribai Phule Pune University,51.46,39.42,79.4,50.16,16.61,Pune,Maharashtra,49.83,91,2025,101.0633875,323.2185121,50236422.17,707056880.3,1045322239,1248.018231,3297.753177,1401.428955
IR-O-U-0318,Mumbai University,64.43,19.54,88.25,58.88,10.73,Mumbai,Maharashtra,49.8,92,2025,608.8025555,761.362762,78857284.39,479807229.6,181820943.9,277.18496,1088.770347,823.8876859
IR-O-U-0474,Sathyabama Institute of Science and Technology,61.34,31.31,68.96,72.96,9.13,Chennai,Tamil Nadu,49.79,93,2025,2730,2730,80779668.13,483630335.1,781833178.7,761.0998764,2892.298129,1284.325479
IR-O-U-0200,Sher-e-Kashmir University of Agricultural Science and Technology of Kashmir,71.11,26.15,73.3,57.54,1.6,Srinagar,Jammu and Kashmir,49.75,94,2025,1086.731796,1554.89588,172898988,496639066.9,204327173.4,394.8529977,1748.787388,714.2583942
IR-O-N-10,SVKM`s Narsee Monjee Institute of Management Studies,72.53,26.72,65.25,64.41,3.89,Mumbai,Maharashtra,49.66,95,2025,2366.853484,1907.621993,219169382,513434875.3,603982618.9,329.6314721,1311.214819,436.1542903
IR-O-U-0217,Christ University,56.19,28.34,65.44,74.23,37.84,Bengaluru,Karnataka,49.65,96,2025,780,780,494614848.9,1396127633,1807838040,1064.461503,2417.990849,865.2518881
IR-O-U-0055,National Institute of Technology Silchar,53.21,45.07,70.76,54.17,4.63,Silchar,Assam,49.51,97,2025,825,825,139311419.9,895781454,1169330859,1336.629881,4512.796666,1662.876604
IR-O-U-0749,Manipal University Jaipur,63.48,33.8,64.04,66.76,7.11,Jaipur,Rajasthan,49.38,98,2025,2460,2460,411127099.2,610213278.8,1241022868,748.2911135,2724.566224,1391.063147
IR-O-U-0739,Madan Mohan Malaviya University of Technology,67.91,18.82,70.37,71.73,18.48,Gorakhpur,Uttar Pradesh,49.11,99,2025,780,780,110723781.4,523720594,358889557.5,306.2445587,1056.251568,463.0578764
IR-O-U-0688,All India Institute of Medical Sciences Bhubaneswar,69.14,25.45,58.25,69.89,20.28,Khordha,Odisha,49.04,100,2025,652.0293691,538.4724402,216916400.7,415911130.7,898028515.3,379.5533833,1807.582389,299.7109424
